"flag_id","model_id","latitude","longitude","omit","winning_team_id","winning_player_id","team1","team2","team3","team4","disputed","snapshot_id","collectable","collector"
"1","1","47.65345924242592","-122.30562464465451","0","3","7","1407","929","44542","21354","0","0","1","0"
"2","1","47.65359347269461","-122.30564639159878","0","3","7","1719","411","41403","14689","0","0","0","0"
"3","1","47.65362400719274","-122.30581229769034","0","3","7","2076","143","22343","5200","0","0","0","0"
"4","1","47.65343172488847","-122.30548202942693","0","3","7","1797","394","35434","7607","0","0","1","0"
"5","2","47.65374934346463","-122.30643823572947","0","4","0","839","649","20510","24477","0","0","0","0"
"6","2","47.65376817776514","-122.30657679786735","0","3","0","3497","73","16545","15742","0","0","0","0"
"7","2","47.653745154592634","-122.3062796857885","0","4","0","74","1323","23763","28827","0","0","0","0"
"8","2","47.653709019653775","-122.30614643538438","0","3","0","9","841","35310","26833","0","0","0","0"
"9","2","47.65366326410668","-122.30597583777886","0","3","0","782","254","29063","9952","0","0","0","0"
"10","3","47.652822781622284","-122.30539493510348","0","3","0","0","133","63177","38104","0","0","0","0"
"11","5","47.653122757512676","-122.30564918297209","0","4","0","0","540","25565","34652","0","0","0","0"
"12","5","47.653229634664065","-122.30555969997371","0","4","0","351","254","25538","33332","0","0","0","0"
"13","5","47.65302125306177","-122.30576237041367","0","3","0","0","357","15829","9586","0","0","0","0"
"14","6","47.653617465142446","-122.30702229133567","0","3","0","405","205","23215","4869","0","0","0","0"
"15","6","47.653648927138796","-122.30687493818279","0","3","0","276","129","22342","4348","0","0","0","0"
"16","6","47.65367942143073","-122.30671083555309","0","3","0","4202","42","22268","5650","0","0","0","0"
"17","6","47.65356772480771","-122.30715043604053","0","3","0","475","224","40272","3702","0","0","0","0"
"18","6","47.653486438421304","-122.30698339342992","0","3","0","1177","138","57226","1168","0","0","0","0"
"19","6","47.65342699735836","-122.30684081232663","0","3","0","6386","340","65202","747","0","0","0","0"
"20","6","47.653306467182844","-122.30632963710869","0","3","0","1362","258","26421","923","0","0","0","0"
"21","10","47.65580298694056","-122.31222892022198","0","3","0","10","0","3269","998","0","0","0","0"
"22","10","47.65579699244601","-122.31238328823576","0","3","0","8","0","845","460","1","0","0","0"
"23","10","47.6561599769722","-122.31258353075206","1","0","0","0","0","28","0","1","0","0","0"
"24","10","47.655745362711144","-122.31252535169874","0","3","0","6","0","569","395","1","0","0","0"
"25","10","47.65624725201508","-122.31248030674477","1","0","0","0","0","0","0","1","0","0","0"
"26","10","47.65615346554721","-122.31234827634434","1","0","0","0","0","75","62","1","0","0","0"
"27","10","47.65564173759631","-122.31213841577235","0","3","0","0","0","10144","3608","0","0","0","0"
"28","10","47.65609229086733","-122.31214893419134","0","4","0","0","0","524","1000","1","0","0","0"
"29","10","47.656259925695","-122.31270348723115","1","0","0","0","0","0","0","1","0","0","0"
"30","10","47.65596532658354","-122.31228399930413","0","3","0","0","0","734","233","1","0","0","0"
"31","10","47.65621184586436","-122.31221352018798","0","4","0","0","0","510","1420","1","0","0","0"
"32","10","47.65608138218157","-122.31199672385924","1","0","0","0","0","99","8","1","0","0","0"
"33","10","47.65622280383869","-122.31298162029165","1","0","0","0","0","0","0","1","0","0","0"
"34","11","47.6556757887828","-122.30675509892558","0","2","0","0","125023","9384","7807","0","0","0","0"
"35","11","47.65565551773124","-122.3068898585772","0","2","0","0","82222","5134","7309","0","0","0","0"
"36","11","47.655549125792405","-122.30680479426404","0","2","0","0","39814","4243","3136","0","0","0","0"
"37","11","47.655513172024655","-122.306670931049","1","2","0","0","9015","1356","1535","0","0","0","0"
"38","11","47.655382513822964","-122.30659850101101","1","2","0","0","9651","1529","3058","0","0","0","0"
"39","11","47.65575706947419","-122.30658855015491","0","2","0","0","2020","226","363","0","0","0","0"
"40","12","47.65460417595041","-122.3047357742955","0","2","0","0","54091","12922","4616","0","0","0","0"
"41","12","47.65465971159418","-122.30489767313004","0","2","0","0","10036","1342","327","0","0","0","0"
"42","12","47.654484803243584","-122.30465479542046","0","2","0","0","49160","11272","7577","0","0","0","0"
"43","12","47.654516609039575","-122.30490410884015","0","2","0","0","10649","4527","121","0","0","0","0"
"44","12","47.65435772085896","-122.30459600858848","0","2","0","0","3949","1501","816","0","0","0","0"
"45","12","47.65445072259285","-122.30478624696192","0","2","0","0","11513","2779","137","0","0","0","0"
"46","12","47.65436619330132","-122.30496603252433","0","3","0","0","1367","5047","61","0","0","0","0"
"47","12","47.65451958146557","-122.30506981608968","0","3","0","0","94","1288","16","1","0","0","0"
"48","13","47.65426484040604","-122.30669145218936","0","3","0","0","15011","95171","37001","0","0","0","0"
"49","13","47.654142735485046","-122.3066119838762","0","3","0","0","10910","73912","31564","0","0","0","0"
"50","13","47.65406340599192","-122.30648184335698","0","3","0","0","1215","49105","30845","0","0","0","0"
"51","13","47.654209819991344","-122.30688101401063","1","3","0","0","12","4568","122","0","0","0","0"
"52","13","47.65404135210873","-122.30681164403249","1","3","0","0","0","5862","321","0","0","0","0"
"53","13","47.65440785739723","-122.30672776669921","0","4","0","20","955","54170","85686","0","0","0","0"
"54","13","47.65389274188951","-122.30717495331952","1","3","0","55","0","1666","507","1","0","0","0"
"55","14","47.65351655579713","-122.3049759942876","0","3","0","0","275","8775","5575","0","0","0","0"
"56","14","47.653674748531934","-122.30496504169415","0","3","7","0","14","7644","3306","0","0","0","0"
"57","14","47.6538345406682","-122.30502548829955","1","3","0","0","28","9523","1347","0","0","0","0"
"58","22","42.44838575891879","-76.48198781378524","0","3","0","131","0","10896","865","0","0","0","0"
"59","22","42.448315498707764","-76.4821174576611","0","3","0","9743","0","24510","1448","0","0","0","0"
"60","22","42.44808341216281","-76.481997168579","0","3","0","140","0","5894","99","0","0","0","0"
"61","23","42.447452154414044","-76.48544794925759","0","3","0","1515","722","7382","1457","0","0","0","0"
"62","23","42.44757064880599","-76.48519296450922","0","3","0","1656","420","2042","206","0","0","0","0"
"63","23","42.447411891141385","-76.48524504763823","0","0","0","0","60","22","37","1","0","0","0"
"64","23","42.447527617825465","-76.48557338913209","0","3","0","2638","705","5095","2155","0","0","0","0"
"65","23","42.447648735140255","-76.48565241162977","0","2","0","658","697","96","204","1","0","0","0"
"66","24","42.4492704243297","-76.48528940932039","0","3","0","48","0","32250","0","0","0","0","0"
"67","24","42.449409560107654","-76.485277998004","0","3","0","41","0","16868","0","0","0","0","0"
"68","24","42.44919510444555","-76.48540654843839","0","3","0","0","0","39280","0","0","0","0","0"
"69","24","42.449434396064255","-76.4855240855115","0","3","0","0","0","3200","0","0","0","0","0"
"70","24","42.44956654306398","-76.48529722558979","0","3","0","25","0","22502","0","0","0","0","0"
"71","24","42.44934698815006","-76.48500889494912","0","0","0","0","0","26","0","1","0","0","0"
"72","24","42.44951505211169","-76.48510233916386","0","0","0","0","0","16","0","1","0","0","0"
"73","30","47.65457214665074","-122.30804991520053","0","4","0","0","393","15113","19477","0","0","0","0"
"74","30","47.65448318962362","-122.30794504609393","0","4","0","0","424","14738","26488","0","0","0","0"
"75","30","47.654702457770405","-122.30811476253187","0","3","0","0","132","16611","14151","0","0","0","0"
"76","30","47.65486443999345","-122.30822115280291","0","4","0","0","59","17292","17988","0","0","0","0"
"77","30","47.65497070883744","-122.30832941393754","0","4","0","0","249","17105","26883","0","0","0","0"
"78","30","47.65444488907661","-122.30813730839719","0","4","0","0","82","9492","11405","0","0","0","0"
"79","31","47.65580743788041","-122.30875623331308","0","2","0","8549","69415","34181","14797","0","0","0","0"
"80","31","47.655936505066244","-122.30871132557897","0","2","0","6105","32741","21326","13777","0","0","0","0"
"81","31","47.6558586376054","-122.30888309520962","0","2","0","601","8363","3430","592","0","0","0","0"
"82","31","47.65566757670859","-122.30879117754654","0","3","0","1925","6121","41260","14064","0","0","0","0"
"83","31","47.656071572263635","-122.30867650016562","0","4","0","427","74","8306","12095","0","0","0","0"
"84","31","47.65553721586106","-122.30874660604744","0","4","0","131","62","13068","37032","0","0","0","0"
"408","11","47.65545276526583","-122.30736305585573","0","2","0","0","6977","0","1199","0","11079","0","0"
"407","11","47.655256842810275","-122.3070518535977","0","2","0","0","1247","0","638","1","11079","0","0"
"406","10","47.655350915032756","-122.3122741624063","0","0","0","0","0","0","0","1","5075","0","0"
"405","6","47.6534954002761","-122.30746847330896","0","3","0","0","0","572","17","1","10528","0","0"
"404","5","47.653889731899945","-122.30633629193775","0","3","0","0","192","1370","631","1","8503","0","0"
"403","5","47.65355796031513","-122.30677254603556","0","3","0","2369","0","2382","201","0","8503","0","0"
"402","5","47.65310935299227","-122.3054201625848","0","4","0","0","0","354","2060","0","8503","0","0"
"401","32","42.44575310221899","-76.48393397272046","0","0","0","0","75","0","0","1","5963","0","0"
"400","32","42.44579593285105","-76.48366678805306","0","4","0","0","176","0","1014","1","5963","0","0"
"399","32","42.44556885880795","-76.48275781829145","0","4","0","0","13","0","156","1","5963","0","0"
"398","32","42.44530601384874","-76.48322218507448","0","0","0","0","0","0","0","1","5963","0","0"
"397","32","42.44552631903507","-76.48355100233988","0","0","0","0","53","0","0","1","5963","0","0"
"396","32","42.44565673023037","-76.48364808901157","0","4","0","0","261","0","853","1","5963","0","0"
"395","32","42.44595862245836","-76.4836918203054","0","4","0","0","11","0","241","1","5963","0","0"
"394","32","42.445561267356965","-76.48289631856248","0","4","0","0","23","0","302","1","5963","0","0"
"393","32","42.44565864142996","-76.4835118379936","0","2","0","41","135","0","98","1","5963","0","0"
"392","32","42.44552242265544","-76.48339874887294","0","0","0","0","11","0","0","1","5963","0","0"
"391","32","42.44567498620715","-76.48337021652038","0","0","0","16","40","0","65","1","5963","0","0"
"390","32","42.44553613090654","-76.48326363037262","0","0","0","0","11","0","0","1","5963","0","0"
"104","33","42.44893249950434","-76.4834460085722","0","4","0","0","0","276","279","1","0","0","0"
"105","33","42.44879050377455","-76.48344195872804","0","3","0","0","0","199","133","1","0","0","0"
"106","33","42.449042529012246","-76.48334150606945","0","3","0","0","0","616","371","1","0","0","0"
"107","33","42.448684362562176","-76.48326632143693","0","3","0","0","0","1470","20","1","0","0","0"
"108","33","42.449064454543425","-76.48347490797917","0","3","0","0","0","1386","527","1","0","0","0"
"109","33","42.44929599443312","-76.48346309099774","0","3","0","0","0","2603","363","0","0","0","0"
"110","33","42.449480640915205","-76.48328626941431","0","3","0","0","0","244","71","1","0","0","0"
"111","33","42.44918554843831","-76.48327997775803","0","3","0","0","0","928","22","1","0","0","0"
"112","33","42.44867168136948","-76.48308452065774","0","3","0","0","0","16786","255","0","0","0","0"
"113","33","42.44853727020417","-76.48306422811643","0","3","0","0","0","4550","221","0","0","0","0"
"114","33","42.44946091462039","-76.48347123208015","0","3","0","0","0","2483","190","0","0","0","0"
"115","33","42.44918316706615","-76.48354319870019","0","3","0","0","0","1524","191","1","0","0","0"
"116","33","42.44957161808827","-76.4831664811199","0","0","0","0","0","51","0","1","0","0","0"
"117","34","42.44712911734087","-76.48434686767472","0","4","0","249","192","2728","9280","0","0","0","0"
"118","34","42.44713286370998","-76.48448421800158","0","4","0","645","118","1604","5758","0","0","0","0"
"119","34","42.44716183206111","-76.4846749961107","0","1","0","6908","290","3409","2271","0","0","0","0"
"120","34","42.44755680830698","-76.485044667388","0","0","0","0","0","85","0","1","0","0","0"
"121","34","42.447074474280925","-76.48480751164277","0","1","0","1158","17","715","97","1","0","0","0"
"122","35","42.44663832049774","-76.48025913224156","0","3","0","0","433","2002","0","0","0","0","0"
"123","35","42.44665588007419","-76.48011644356616","0","3","0","0","0","110","0","1","0","0","0"
"124","35","42.44686707637647","-76.48014401153561","0","3","0","0","0","2572","0","0","0","0","0"
"125","35","42.44652582848901","-76.48036901528431","0","2","0","0","122","48","0","1","0","0","0"
"126","35","42.44695215645788","-76.48025759875728","0","3","0","0","40","2778","0","0","0","0","0"
"127","35","42.44696984251617","-76.4800489709774","0","3","0","0","45","319","0","1","0","0","0"
"128","35","42.447068762511954","-76.48014168120639","0","3","0","0","226","2816","0","0","0","0","0"
"129","35","42.446814548029955","-76.48001333205032","0","3","0","0","0","133","0","1","0","0","0"
"130","35","42.44724579225905","-76.48012619338337","0","3","0","0","53","1236","0","1","0","0","0"
"131","35","42.447341084069244","-76.48024358097018","0","3","0","0","0","3607","0","0","0","0","0"
"132","35","42.44725552876552","-76.47998814801493","0","3","0","0","6","101","0","1","0","0","0"
"133","35","42.447259384602255","-76.48043203190687","0","0","0","0","0","56","0","1","0","0","0"
"134","35","42.4472159431332","-76.48057210713208","0","0","0","0","0","0","0","1","0","0","0"
"135","35","42.44747808324545","-76.48025756889373","0","0","0","0","0","0","0","1","0","0","0"
"136","11","47.65563265511575","-122.3070367263824","0","2","0","0","6269","447","2875","0","0","0","0"
"137","10","47.65566699974713","-122.31228475706747","1","4","0","6","0","118","402","1","0","0","0"
"138","10","47.656067062456096","-122.3124612259428","0","3","0","0","0","105","0","1","0","0","0"
"139","10","47.65595451310858","-122.31213847960595","0","3","0","0","0","439","271","1","0","0","0"
"140","10","47.65561290911914","-122.31256711600588","0","4","0","0","0","97","124","1","0","0","0"
"141","13","47.65427074218","-122.3065398986412","1","3","0","0","5235","31882","4578","0","0","0","0"
"142","31","47.65558726291725","-122.30890497465992","0","3","0","158","14","13813","5315","0","0","0","0"
"143","1","47.653396175889085","-122.30575275863423","1","3","7","644","289","25097","7516","0","0","0","0"
"144","13","47.65447702883477","-122.30684452085367","0","3","0","23","34","14423","10220","0","0","0","0"
"145","30","47.65436572257052","-122.30787133251432","0","4","0","0","284","17383","18152","0","0","0","0"
"146","31","47.65540160781419","-122.30872159778184","0","4","0","0","138","13382","47504","0","0","0","0"
"147","6","47.653438636842495","-122.30670190577831","0","3","0","9148","220","44955","233","0","0","0","0"
"148","6","47.65348881963962","-122.30653382927565","0","3","0","2455","163","17780","285","0","0","0","0"
"149","10","47.65550082552186","-122.31212714441489","0","3","0","0","0","5259","2447","0","0","0","0"
"150","10","47.65536437805526","-122.3121119715418","0","3","0","0","0","3368","2357","0","0","0","0"
"151","10","47.65600968592123","-122.31261376523665","0","3","0","0","0","141","0","1","0","0","0"
"152","30","47.654778394236686","-122.30832811104412","0","3","0","0","0","3030","922","0","0","0","0"
"153","10","47.65620615322288","-122.31282783595206","1","0","0","0","0","0","0","1","0","0","0"
"154","10","47.65576824017732","-122.31208649767478","0","3","0","0","0","5864","503","0","0","0","0"
"155","31","47.65577883940553","-122.30862349403199","1","3","0","87","161","1849","191","1","0","0","0"
"156","31","47.655924194993005","-122.30857564070159","1","3","0","22","0","1373","37","1","0","0","0"
"157","31","47.65572647871635","-122.30892447295061","1","3","0","82","1239","4139","469","0","0","0","0"
"158","6","47.65348734732834","-122.30639601523322","0","3","0","1218","304","44224","1566","0","0","0","0"
"159","6","47.65344995655205","-122.3062510825229","0","3","0","111","260","45983","584","0","0","0","0"
"162","14","47.653393870617286","-122.30503307842928","0","3","0","0","421","6444","2363","0","0","0","0"
"161","31","47.6560561659044","-122.30853453327548","1","3","0","0","0","690","214","1","0","0","0"
"163","24","42.44933344790472","-76.48542420682803","0","3","0","0","0","909","0","1","0","0","0"
"164","24","42.449707574873074","-76.48532461482559","0","3","0","0","0","34167","0","0","0","0","0"
"165","12","47.65432000344963","-122.3047265392149","0","3","0","0","215","538","170","1","0","0","0"
"166","12","47.654730306978976","-122.30468510739242","0","2","0","0","32160","1159","489","0","0","0","0"
"167","12","47.65448282253989","-122.30451749568853","0","2","0","0","10087","1143","419","0","0","0","0"
"168","31","47.6554578080343","-122.30886592919605","0","4","0","0","99","7689","21504","0","0","0","0"
"169","31","47.655457820394076","-122.30886597698941","0","4","0","0","99","7687","21489","0","0","0","0"
"170","31","47.65564417868249","-122.3086570598414","1","3","0","28","0","2114","668","0","0","0","0"
"171","31","47.6562216459398","-122.30851635101901","0","3","0","0","0","116","0","1","0","0","0"
"172","10","47.6558848191451","-122.31249449802128","1","3","0","0","0","230","0","1","0","0","0"
"173","10","47.65548057910959","-122.31253483072986","0","0","0","0","0","66","0","1","0","0","0"
"174","10","47.65605942163941","-122.31185263218163","1","3","0","0","0","208","14","1","0","0","0"
"175","31","47.65543693471776","-122.30858770074683","0","4","0","0","70","14060","32058","0","0","0","0"
"176","30","47.65499685777383","-122.30867494727102","0","3","0","0","7","2603","919","0","0","0","0"
"177","30","47.65458576243811","-122.30819177778031","0","3","0","0","20","3151","1095","0","0","0","0"
"178","30","47.654702648687","-122.30797641568576","1","3","0","0","7","572","37","1","0","0","0"
"179","31","47.65547128691276","-122.3084552171452","0","4","0","0","30","13807","36172","0","0","0","0"
"180","31","47.655494567435454","-122.30831707415861","0","4","0","47","0","12314","49846","0","0","0","0"
"181","31","47.655298737790226","-122.30860158586755","1","4","0","0","30","2075","2617","0","0","0","0"
"182","31","47.65525507446241","-122.3087392807309","1","3","0","0","0","1676","1117","1","0","0","0"
"183","31","47.655120494687495","-122.30876387892728","1","4","0","0","0","379","778","1","0","0","0"
"184","12","47.654476753245135","-122.30519789465976","0","3","0","0","34","395","0","1","0","0","0"
"185","31","47.65545467678979","-122.30901023717419","1","3","0","14","0","2388","396","0","0","0","0"
"186","31","47.65509501689292","-122.30847944014879","0","4","0","0","7","2718","4474","0","0","0","0"
"187","31","47.65587454274697","-122.3090966747833","1","3","0","609","77","663","26","1","0","0","0"
"188","31","47.655589513639555","-122.30907438410658","1","3","0","0","0","510","113","1","0","0","0"
"189","31","47.65579206076391","-122.3095185399995","0","3","0","0","0","953","28","1","0","0","0"
"190","31","47.6553349251799","-122.30844736498595","1","4","0","0","0","2457","3158","0","0","0","0"
"191","6","47.65330170679345","-122.30676624201234","1","3","0","3442","75","18928","69","0","0","0","0"
"192","6","47.65335702632094","-122.3070517934147","1","3","0","0","0","806","0","1","0","0","0"
"193","6","47.65355644248477","-122.30730922155288","1","3","0","0","9","2036","0","0","0","0","0"
"194","6","47.65331106007812","-122.30691168934264","1","3","0","0","32","4409","11","0","0","0","0"
"195","31","47.65535200601682","-122.30828785727155","1","4","0","0","0","821","4134","0","0","0","0"
"196","31","47.655538847288724","-122.30818658999493","0","4","0","49","0","7972","50267","0","0","0","0"
"197","31","47.655761145661344","-122.30965340367206","0","3","0","0","0","1171","7","1","0","0","0"
"198","31","47.65560682744301","-122.3084874729207","1","4","0","31","0","186","311","1","0","0","0"
"199","31","47.65573291050354","-122.30908559217694","1","3","0","439","280","698","24","1","0","0","0"
"200","30","47.654848748461234","-122.30807329606672","1","3","0","0","0","437","93","1","0","0","0"
"201","30","47.65467486706181","-122.3084451204042","1","4","0","0","10","94","215","1","0","0","0"
"202","30","47.654358723490475","-122.30801868934532","1","3","0","0","65","6808","1866","0","0","0","0"
"203","13","47.65399235271179","-122.30663517633502","1","3","0","0","89","9683","1275","0","0","0","0"
"204","31","47.65610268526176","-122.30934249366112","1","3","0","0","0","272","28","1","0","0","0"
"205","31","47.655994542873174","-122.30887029591108","1","3","0","99","26","314","0","1","0","0","0"
"206","31","47.655425623369","-122.30916233922378","1","3","0","0","0","425","236","1","0","0","0"
"207","31","47.65561713419496","-122.30922003014605","1","3","0","0","68","118","9","1","0","0","0"
"208","31","47.6555741720681","-122.30804265315206","0","4","0","14","38","651","22783","0","0","0","0"
"209","31","47.656017439819976","-122.30917798329943","1","0","0","18","0","88","0","1","0","0","0"
"210","31","47.6562007470617","-122.30920298075104","1","0","0","0","0","31","8","1","0","0","0"
"211","13","47.65404557924228","-122.30630111326735","0","4","0","0","611","42573","107452","0","0","0","0"
"212","30","47.65439446824068","-122.30752126831705","0","3","0","25","15","32035","9344","0","0","0","0"
"213","30","47.65434711716892","-122.30769421235921","0","3","0","17","0","18107","8325","0","0","0","0"
"214","30","47.654380776185754","-122.3073867940646","0","3","0","11","0","33960","12746","0","0","0","0"
"215","30","47.654234076951745","-122.30778190549285","0","3","0","0","0","6510","4703","0","0","0","0"
"216","30","47.654153191733705","-122.30802391407008","1","3","0","0","0","1759","649","1","0","0","0"
"217","30","47.6541760128387","-122.30754271783942","1","3","0","0","0","1427","893","1","0","0","0"
"218","30","47.654344485424055","-122.30721243681874","0","4","0","0","0","33211","36930","0","0","0","0"
"219","30","47.6551267374321","-122.30828188259196","0","4","0","0","0","11154","29489","0","0","0","0"
"220","30","47.65516722722002","-122.30809909749061","0","4","0","0","0","17791","25720","0","0","0","0"
"221","30","47.65524649921396","-122.30783134588174","0","4","0","0","419","17468","27178","0","0","0","0"
"222","30","47.655175295586275","-122.3079573904201","0","4","0","0","0","14208","17106","0","0","0","0"
"223","30","47.654247672628834","-122.30818450250804","0","4","0","0","0","543","911","1","4000","0","0"
"224","30","47.6544742962056","-122.30716966679124","0","4","0","0","0","6181","29602","0","4071","0","0"
"225","14","47.6533941893439","-122.30487264691227","0","3","0","0","0","1568","382","1","4099","0","0"
"226","3","47.65278656665981","-122.3052290541043","0","3","0","0","40","7875","2905","0","4106","0","0"
"227","13","47.65389948413793","-122.30651314958531","0","3","0","0","0","9358","3252","0","4113","0","0"
"228","5","47.653140217165706","-122.30528847219341","0","4","0","0","0","1292","1918","1","4170","0","0"
"229","5","47.65308193411072","-122.3051092325374","0","4","0","0","0","396","425","1","4183","0","0"
"230","14","47.65396178105097","-122.3049586312784","0","3","0","0","0","12116","2846","0","4216","0","0"
"231","14","47.65411085661745","-122.30495134565695","0","3","0","0","0","7183","5397","0","4318","0","0"
"232","2","47.65394553428222","-122.3069795848345","0","3","0","0","0","1915","174","1","4341","0","0"
"233","13","47.65428445208941","-122.30701025703556","0","3","0","0","0","18443","310","0","4363","0","0"
"234","2","47.65394305994495","-122.30621094391739","0","4","0","0","87","10896","22651","0","4490","0","0"
"235","11","47.65555790381925","-122.3062462161618","0","2","0","0","200","0","48","1","4504","0","0"
"236","31","47.655442296138744","-122.3080129569885","0","4","0","0","0","1187","29791","0","4557","0","0"
"237","30","47.65402432875837","-122.30720536194518","0","4","0","0","0","976","1097","1","4564","0","0"
"238","30","47.654178319200575","-122.30728501232183","0","3","0","0","0","3393","215","0","4578","0","0"
"239","30","47.65408527934284","-122.30697023443159","0","3","0","0","0","2314","86","0","4578","0","0"
"240","30","47.65412757136759","-122.30711778228407","0","3","0","0","0","2496","67","0","4587","0","0"
"241","30","47.654869464078224","-122.30844529126216","0","3","0","0","0","374","220","1","4613","0","0"
"242","10","47.65590769682989","-122.31173669273639","0","3","0","0","0","228","0","1","4680","0","0"
"243","1","47.653776094469855","-122.30553339236087","0","3","7","11","0","1775","64","1","4712","0","0"
"244","11","47.65525782685063","-122.30651287022829","0","2","0","0","6439","245","651","0","4767","0","0"
"245","11","47.655260096420754","-122.30670213451371","0","2","0","0","5288","450","1796","0","4767","0","0"
"246","10","47.65537000198087","-122.31164446340273","0","3","0","0","0","345","0","1","4772","0","0"
"247","3","47.6527049392289","-122.30548500658333","0","3","0","0","0","4292","440","0","4918","0","0"
"248","30","47.65528669300449","-122.30769551546773","0","4","0","0","2660","9954","43509","0","4955","0","0"
"249","30","47.6550703073328","-122.30753533599261","0","4","0","0","0","6265","27120","0","4960","0","0"
"250","30","47.655205256462544","-122.30758659788172","0","4","0","0","991","8660","49403","0","5019","0","0"
"251","10","47.65536966733932","-122.3113438494713","0","3","0","0","0","473","0","1","5027","0","0"
"252","10","47.65525266658189","-122.31108758025219","0","3","0","0","0","532","0","1","5034","0","0"
"253","10","47.65515963839315","-122.31078403517742","0","3","0","0","0","361","0","1","5040","0","0"
"254","30","47.6544427364856","-122.30700209761106","0","3","0","0","0","3943","2508","0","5203","0","0"
"255","5","47.65306577348734","-122.30593349902763","0","3","0","0","0","7939","374","0","5229","0","0"
"256","36","47.598617688599","-122.32552819511974","0","3","0","0","0","18677","2026","0","0","0","0"
"257","36","47.59867286314515","-122.32574314451965","0","3","0","0","0","559","289","1","0","0","0"
"258","36","47.598660244285384","-122.32539100256761","0","3","0","0","0","3089","472","0","0","0","0"
"259","36","47.59872958987979","-122.3256109003996","0","3","0","0","0","1682","965","1","0","0","0"
"260","36","47.598769787585326","-122.32530790864298","0","4","0","0","0","861","1790","1","0","0","0"
"261","13","47.65441345068823","-122.3065840209647","0","4","0","11","33","6587","31263","0","5339","0","0"
"262","5","47.65312484731261","-122.30611573454536","0","3","0","1238","0","5081","11","0","5440","0","0"
"263","30","47.65495259266129","-122.30745954205622","0","4","0","0","0","3253","14010","0","5491","0","0"
"264","38","36.996433698531206","-122.05424116399843","0","0","0","0","0","0","0","1","0","0","0"
"265","38","36.996461896569315","-122.0541062028351","0","0","0","0","0","0","0","1","0","0","0"
"266","38","36.99644353580315","-122.05440345557862","0","0","0","0","0","0","0","1","0","0","0"
"267","5","47.65317116292809","-122.3062426225357","0","3","0","486","0","7039","11","0","5623","0","0"
"268","13","47.65384164962041","-122.30611930187817","0","4","0","0","0","2928","4860","0","5745","0","0"
"269","31","47.654775781775","-122.3086720860989","0","0","0","0","0","0","0","1","5764","0","0"
"270","13","47.65420126591204","-122.30607423362761","0","4","0","0","41","545","143666","0","5801","0","0"
"271","13","47.654216912766884","-122.30625728508926","0","4","0","0","0","1894","78476","0","5865","0","0"
"272","13","47.65406547671799","-122.30614207904598","0","4","0","0","0","2615","8187","0","5866","0","0"
"273","36","47.59876999043524","-122.32547724502246","0","4","0","0","0","617","1297","1","5996","0","0"
"274","30","47.65534335999196","-122.30755507835875","0","2","0","0","24830","79","13555","0","6077","0","0"
"275","13","47.654317470087534","-122.30615524223288","0","4","0","0","0","499","118941","0","6109","0","0"
"276","13","47.65421246710169","-122.30640976927867","0","3","0","0","488","30476","20030","0","6111","0","0"
"277","13","47.65421868786525","-122.30592200397021","0","4","0","38","323","2525","19020","0","6166","0","0"
"278","30","47.65512633406651","-122.30737067410243","0","4","0","0","426","44","6705","0","6236","0","0"
"279","30","47.654850984450995","-122.30734164518239","0","4","0","0","0","3301","24389","0","6305","0","0"
"280","30","47.65473759373727","-122.30722293866242","0","4","0","0","0","7128","39429","0","6337","0","0"
"281","30","47.654826443967195","-122.30710797254774","0","4","0","0","0","327","1406","1","6363","0","0"
"282","5","47.65335797658034","-122.3065929163044","0","3","0","2288","0","7652","11","0","6413","0","0"
"415","35","42.446599095612164","-76.47997910384582","0","0","0","0","0","0","0","1","1854","0","0"
"414","33","42.448876367192575","-76.4835705425181","0","3","0","0","0","520","115","1","33","0","0"
"413","30","47.65508722224427","-122.30767107311081","0","4","0","0","45","0","590","1","8496","0","0"
"286","30","47.65464008035657","-122.30712612766465","0","4","0","0","0","2748","23073","0","7103","0","0"
"287","5","47.65363298459109","-122.30657754233049","0","3","0","2027","0","4482","169","0","7318","0","0"
"288","5","47.653187473125","-122.30648134696145","0","3","0","236","0","5754","33","0","7454","0","0"
"289","5","47.65322910275","-122.30664552969546","0","3","0","46","0","1493","0","1","7561","0","0"
"290","1","47.653639373148536","-122.30546732528131","0","3","7","127","11","12678","629","0","7851","0","0"
"416","35","42.44678789343212","-76.48042441208841","0","0","0","0","0","70","0","1","1854","0","0"
"292","31","47.65550163594809","-122.30787272837453","0","4","0","0","28","0","6960","0","8229","0","0"
"293","13","47.654429810058595","-122.30623168920393","0","4","0","0","0","16","49169","0","8633","0","0"
"294","14","47.65379983510368","-122.30570064919658","0","3","7","0","78","4505","2109","0","8686","0","0"
"295","14","47.65375822882743","-122.30583265652477","0","3","7","0","401","9521","2171","0","8726","0","0"
"296","14","47.65396155509779","-122.30568323600136","0","0","0","0","0","62","12","1","8761","0","0"
"297","3","47.65328210570792","-122.30601382836116","0","3","0","0","0","15615","81","0","8764","0","0"
"298","3","47.65326999381753","-122.30614829295597","0","3","0","0","0","21996","15","0","8778","0","0"
"299","3","47.65318326812482","-122.30577058510193","0","3","0","0","0","2728","267","0","8789","0","0"
"300","14","47.65392127513802","-122.30589114140226","0","3","0","0","0","196","13","1","8793","0","0"
"301","3","47.65334218677777","-122.30588067118538","0","3","0","0","0","14690","220","0","8844","0","0"
"302","31","47.655445278232364","-122.30766811695837","0","2","0","0","52687","0","7108","0","8843","0","0"
"412","22","42.44822212557736","-76.48194017235511","0","3","0","12","0","3282","0","0","201","0","0"
"304","3","47.652872198122246","-122.30507039432672","0","0","0","0","0","0","0","1","9025","0","0"
"305","3","47.652984003763294","-122.30562174877196","0","4","0","0","0","5803","8287","0","9025","0","0"
"306","11","47.65563623314249","-122.30637330444381","0","2","0","0","182","0","35","1","9085","0","0"
"307","14","47.65358751472385","-122.30627024686741","0","3","0","36","315","21313","5035","0","9104","0","0"
"411","14","47.65341166722138","-122.3061194420582","0","3","0","0","0","845","47","1","10201","0","0"
"309","11","47.65551949181422","-122.30712842277437","0","2","0","0","48161","0","8048","0","9437","0","0"
"410","14","47.65345501405342","-122.30598892456673","0","3","0","0","0","1026","86","1","10201","0","0"
"311","11","47.655573891932306","-122.30730149521135","0","2","0","0","106444","0","5780","0","9587","0","0"
"312","11","47.65551038992429","-122.30751519498777","0","2","0","0","30435","0","17103","0","9602","0","0"
"313","11","47.65536369742753","-122.30714015539206","0","2","0","0","32959","0","2854","0","9656","0","0"
"314","11","47.65558046406756","-122.30767187817662","0","4","0","0","1315","0","11959","0","9701","0","0"
"315","11","47.655645777843716","-122.30784222553895","0","4","0","0","18","0","1286","1","9715","0","0"
"409","14","47.65380181475541","-122.30598448717727","0","3","7","35","130","2456","1947","0","10201","0","0"
"389","32","42.44570249175437","-76.48295314607915","0","4","0","47","0","0","1244","1","5963","0","0"
"318","39","47.65831153816531","-122.30862195582594","0","2","0","0","34599","28070","0","0","0","0","0"
"319","39","47.658221111499685","-122.30872316069099","0","3","0","0","16863","24365","0","0","0","0","0"
"320","39","47.65842256301304","-122.30847383921609","0","2","0","0","15416","9570","0","0","0","0","0"
"321","39","47.65819942759068","-122.30852919408","0","2","0","0","7312","6410","0","0","0","0","0"
"322","39","47.65825487575956","-122.3083831775387","0","2","0","0","14121","3563","0","0","0","0","0"
"323","39","47.65813461629069","-122.3082506954858","1","3","0","0","43","2584","0","0","0","0","0"
"324","39","47.65788407158411","-122.30832765436142","1","3","0","0","0","596","0","1","0","0","0"
"349","43","47.65352292504658","-122.30530721517272","0","4","0","119","0","0","1189","1","0","0","0"
"348","43","47.65341048899162","-122.30538494029057","0","4","0","2054","199","0","7990","0","0","0","0"
"347","43","47.65361836980618","-122.30583636935596","0","4","0","1517","2376","0","4683","0","0","0","0"
"346","43","47.65368026867099","-122.3054894844416","0","4","0","60","50","0","756","1","0","0","0"
"345","43","47.65358688433575","-122.3057043280648","0","4","0","2210","2608","0","9560","0","0","0","0"
"344","43","47.65356686239835","-122.30556796969209","0","4","0","1389","876","0","16483","0","0","0","0"
"343","43","47.653435046291435","-122.30552340174661","0","4","0","3020","889","0","10658","0","0","0","0"
"388","32","42.44567967605576","-76.4832348838628","0","4","0","0","88","0","213","1","5963","0","0"
"387","32","42.44552494486369","-76.48305559246745","0","0","0","0","14","0","15","1","5963","0","0"
"386","32","42.44565777939937","-76.48310001428322","0","4","0","58","146","0","1260","1","5963","0","0"
"350","44","47.65360665769759","-122.30495938164538","0","1","0","31126","0","0","2148","0","0","0","0"
"351","44","47.65370996811974","-122.30504643767327","0","1","0","5050","0","0","4118","0","0","0","0"
"352","44","47.65348380094407","-122.30501694306544","0","1","0","21370","0","0","247","0","0","0","0"
"353","3","47.652935492505385","-122.30549376665434","0","3","0","0","14","1158","204","1","10380","0","0"
"354","44","47.65381895800798","-122.3049404139496","0","1","0","14538","0","0","8554","0","11143","0","0"
"355","43","47.65372650738746","-122.30575126801017","0","0","0","0","0","0","0","1","11299","0","0"
"417","1","47.65330336557748","-122.30528209568972","0","4","90","193","0","431","986","1","11392","0","0"
"418","2","47.6536302383004","-122.30754256331012","0","3","0","0","0","193","11","1","11526","0","0"
"419","30","47.65471234975609","-122.3069935309535","0","0","0","0","0","73","64","1","11893","0","0"
"420","2","47.654580573407905","-122.30695078479077","0","3","0","0","11","375","16","1","11950","0","0"
"421","5","47.65382252355652","-122.30673644611204","0","3","0","18","0","336","20","1","11983","0","0"
"422","3","47.652938351347345","-122.30526071717549","0","0","0","0","21","0","29","1","12120","0","0"
"423","30","47.65384808305887","-122.30739006725308","0","4","0","82","0","108","1010","1","12467","0","0"
"424","45","36.99760391109767","-122.06591474659196","0","0","0","0","0","0","0","1","0","0","0"
"425","45","36.99767279838426","-122.06574759815078","0","0","0","0","0","0","0","1","0","0","0"
"426","45","36.99760602166621","-122.06605178198319","0","0","0","0","0","0","0","1","0","0","0"
"427","6","47.65401947706592","-122.30750371759702","0","4","0","0","0","122","1093","1","12838","0","0"
"428","46","38.88885115092641","-77.0259964041375","0","4","0","0","74","0","7547","0","0","0","0"
"429","46","38.889083737325834","-77.02599538296295","0","0","0","0","0","0","0","1","0","0","0"
"430","46","38.888869920907325","-77.0258601042958","0","4","0","0","37","0","5571","0","0","0","0"
"431","47","40.75869404804421","-73.97671402175523","0","3","0","0","0","757","0","1","0","0","0"
"432","47","40.75859170247689","-73.97680235686505","0","3","0","0","0","274","0","1","0","0","0"
"433","47","40.75879977790682","-73.97662781776913","0","3","0","0","0","267","0","1","0","0","0"
"434","47","40.75886197143215","-73.97718756409698","0","0","0","0","0","0","0","1","0","0","0"
"435","48","40.765341813642905","-73.97994134150393","0","0","0","0","0","0","0","1","0","0","0"
"436","48","40.76526526152924","-73.97973173888849","0","0","0","0","0","0","0","1","0","0","0"
"437","48","40.76521538661006","-73.97958541367395","0","0","0","0","0","0","0","1","0","0","0"
"438","48","40.76528500690199","-73.9800680715561","0","0","0","0","0","0","0","1","0","0","0"
"439","2","47.654541844061","-122.3075734946526","0","3","0","0","17","18965","908","0","12953","0","0"
"440","2","47.65448574591766","-122.30769889672179","0","3","0","0","74","12980","2607","0","13025","0","0"
"441","2","47.653804318846596","-122.30687138957937","0","0","0","0","0","28","0","1","13076","0","0"
"442","2","47.653479002761934","-122.30529569045062","0","3","0","12","0","196","0","1","13214","0","0"
"443","2","47.653189465002804","-122.30496844041988","0","3","0","0","0","122","0","1","13226","0","0"
"444","51","55.752609","37.623168","0","0","0","0","0","0","0","1","0","0","0"
"445","2","47.65450318049196","-122.30732756383819","0","3","0","0","0","7435","688","0","13476","0","0"
"446","30","47.654039051067315","-122.30795064863653","0","4","0","0","0","0","717","1","13501","0","0"
"447","47","40.75866799146577","-73.9765789649965","0","0","0","0","0","85","0","1","13828","0","0"
"448","5","47.653429907855504","-122.30721742057104","0","0","0","0","0","0","0","1","14114","0","0"
"449","22","42.44814363171436","-76.48237880928598","0","0","0","11","0","0","0","1","14206","0","0"
"450","52","42.349913709390215","-71.07583412092674","0","3","0","0","0","4633","0","0","0","0","0"
"451","52","42.34983187715466","-71.07572427861064","0","3","0","0","0","5491","0","0","0","0","0"
"452","5","47.65434769983061","-122.3068877139244","0","3","0","0","11","481","0","1","14303","0","0"
"453","14","47.65435735652017","-122.305915427007","0","2","0","0","413","0","0","1","14306","0","0"
"454","39","47.658383590536424","-122.30853533411266","0","2","0","0","29185","15968","0","0","14403","0","0"
"455","39","47.65792752539976","-122.30801623196457","0","3","0","0","0","861","0","1","14417","0","0"
"456","39","47.65789861089555","-122.30778848658329","0","3","0","0","0","3718","0","0","14417","0","0"
"457","36","47.59850907313445","-122.32566487142921","0","3","0","0","0","1393","0","1","14528","0","0"
"458","36","47.59852740172353","-122.32580315622856","0","3","0","0","0","381","0","1","14559","0","0"
"459","36","47.59852561293017","-122.32595421651276","0","3","0","0","0","2140","0","0","14599","0","0"
"469","39","47.65793345456529","-122.3075885942494","0","3","0","0","0","293","0","1","14690","0","0"
"470","39","47.657724206605884","-122.30782806774943","0","3","0","0","0","422","0","1","14691","0","0"
"462","55","41.87799033582311","-87.63225772534847","0","1","0","468","0","0","0","1","0","0","0"
"463","55","41.87799020445324","-87.63243636458714","0","1","0","1645","0","0","0","1","0","0","0"
"464","55","41.87798744668604","-87.63207348725834","0","1","0","563","0","0","0","1","0","0","0"
"467","39","47.65762544959518","-122.30741326218987","0","3","0","0","0","457","0","1","14687","0","0"
"468","39","47.657785810393534","-122.30756856368784","0","3","0","0","0","1305","0","1","14689","0","0"
"471","39","47.65803922173451","-122.30814909273072","0","3","0","0","21","1826","0","1","14692","0","0"
"472","39","47.658228796384066","-122.308034570397","0","3","0","0","0","928","0","1","14692","0","0"
"473","39","47.65813657646718","-122.30884262620997","0","3","0","0","1651","3764","0","0","14698","0","0"
"474","39","47.65802645803755","-122.3084290818232","0","3","0","0","0","109","0","1","14859","0","0"
"475","39","47.658214571537265","-122.30897337349549","0","3","0","0","164","1181","0","1","15077","0","0"
"476","39","47.657795488063144","-122.30882447049116","0","0","0","0","16","49","0","1","15100","0","0"
"477","39","47.65845383614003","-122.3082054730318","0","0","0","0","0","15","0","1","15101","0","0"
"478","39","47.65770931130263","-122.30769346337638","0","0","0","0","0","0","0","1","15111","0","0"
"479","56","47.65545380244636","-122.30561490804146","0","2","0","0","486918","0","0","0","0","0","0"
"480","51","55.752669809237304","37.62298273614509","0","3","0","0","0","2462","0","0","15409","0","0"
"481","51","55.75275510568251","37.622793618002035","0","3","0","0","0","2280","0","0","15444","0","0"
"482","33","42.448542974976405","-76.48320113334549","0","3","0","0","0","2168","13","0","15588","0","0"
"483","24","42.44904384846465","-76.48530754087733","0","3","0","0","0","1094","0","1","15777","0","0"
"484","33","42.44889744401926","-76.48293944236927","0","3","0","0","0","315","175","1","15794","0","0"
"485","57","47.645046406445466","-122.33492317726504","0","3","0","0","0","1979","0","1","0","0","0"
"486","57","47.64496434396701","-122.3348025329382","0","3","0","0","0","6695","0","0","0","0","0"
"487","57","47.645216236019166","-122.33479039284214","0","0","0","0","0","0","0","1","0","0","0"
"488","57","47.64531894524969","-122.33504846909581","0","0","0","0","0","0","0","1","0","0","0"
"489","57","47.6453899955365","-122.33516679125027","0","0","0","0","0","0","0","1","0","0","0"
"490","57","47.64512513822032","-122.3350490132291","0","3","0","0","0","285","0","1","0","0","0"
"491","57","47.64542164772513","-122.33491211452292","0","0","0","0","0","0","0","1","0","0","0"
"492","57","47.64499124556758","-122.33466540651713","0","3","0","0","0","14897","0","0","0","0","0"
"493","57","47.64515252234446","-122.3346636149052","0","0","0","0","0","0","0","1","0","0","0"
"494","57","47.64543106798207","-122.33468026398583","0","0","0","0","0","0","0","1","0","0","0"
"495","57","47.64519350558792","-122.33452713942289","0","0","0","0","0","0","0","1","0","0","0"
"496","57","47.645675859665104","-122.3340586341906","0","0","0","0","0","0","0","1","0","0","0"
"497","57","47.64495594499269","-122.33440757451416","0","3","0","0","0","8645","0","0","15822","0","0"
"498","57","47.64496540103196","-122.33421637438641","0","3","0","0","0","2773","0","0","15823","0","0"
"499","57","47.64486279813154","-122.33301922302019","0","0","0","0","0","0","0","1","15823","0","0"
"500","57","47.644946920905795","-122.33396081610816","0","3","0","0","0","252","0","1","15824","0","0"
"501","57","47.64492066467514","-122.33454547405618","0","3","0","0","0","12880","0","0","15825","0","0"
"502","57","47.64488599728855","-122.33410169513343","0","3","0","0","0","348","0","1","15846","0","0"
"503","57","47.644887229973996","-122.33317474095396","0","0","0","0","0","0","0","1","15878","0","0"
"504","58","41.871907042708465","-87.63442100307998","0","0","0","40","0","0","0","1","0","0","0"
"505","58","41.871849827913785","-87.63421526582827","0","0","0","11","0","0","0","1","0","0","0"
"506","55","41.877992970746675","-87.63257163005673","0","1","0","362","0","0","0","1","16105","0","0"
"507","59","34.43890376915174","-119.71530988079047","0","3","0","0","0","72126","23027","0","0","0","0"
"508","60","34.43841310226887","-119.71301250545814","0","3","325","0","0","3338","2869","0","0","0","0"
"509","60","34.43827345118805","-119.71320702829725","0","4","0","0","0","103","2197","0","0","0","0"
"510","60","34.43827797851545","-119.71303364384268","0","4","0","0","0","667","1985","1","0","0","0"
"511","60","34.438147708125065","-119.71281708194203","0","4","0","0","0","0","291","1","0","0","0"
"512","60","34.438092650994406","-119.7129412248636","0","0","0","0","0","0","74","1","0","0","0"
"513","60","34.43807221191558","-119.71308155934256","0","4","0","0","0","0","343","1","0","0","0"
"514","60","34.43785782033622","-119.7127844603366","0","0","0","0","0","0","62","1","0","0","0"
"515","60","34.438270146170794","-119.71274581923531","0","4","0","0","0","0","1411","1","0","0","0"
"516","60","34.43742156124479","-119.71282464085202","0","0","0","0","0","0","47","1","16170","0","0"
"517","59","34.438853678407405","-119.71517078683155","0","3","0","0","0","49895","8339","0","16202","0","0"
"518","59","34.43907541191053","-119.71547650533277","0","3","0","0","0","241","24","1","16271","0","0"
"519","59","34.438766492972434","-119.7153111772457","0","3","0","0","0","18986","3790","0","16287","0","0"
"520","59","34.43880175827495","-119.7150415702344","0","3","0","0","0","8182","0","0","16364","0","0"
"521","60","34.43757803258158","-119.71312849166739","0","0","0","0","0","0","0","1","16419","0","0"
"522","60","34.438154979541636","-119.71332432171717","0","0","0","0","0","0","0","1","16421","0","0"
"523","59","34.438938196174945","-119.7154457862075","0","4","0","0","0","0","185","1","16668","0","0"
"524","56","47.655453312749906","-122.30575368548844","0","2","0","0","42783","0","0","0","16897","0","0"
"525","56","47.65530780402153","-122.30582774401968","0","2","0","0","5214","0","0","0","16959","0","0"
"526","56","47.655562523434035","-122.30552446026913","0","2","0","0","92571","0","0","0","17168","0","0"
"527","56","47.6555032651744","-122.30590927053363","0","2","0","0","723","0","0","1","17182","0","0"
"528","34","42.446968693148065","-76.48427313591742","0","0","0","0","0","48","0","1","17299","0","0"
"529","33","42.44927656215611","-76.48364154013524","0","0","0","0","0","0","0","1","17516","0","0"
"533","39","47.65835101127516","-122.30876531516331","0","2","0","0","200","0","0","1","18145","0","0"
"531","56","47.655579446741974","-122.30570333626163","0","2","0","0","6630","0","0","0","17714","0","0"
"532","56","47.655308207719266","-122.30563349682033","0","2","0","0","1153","0","0","1","17818","0","0"
"534","12","47.654822389193434","-122.30479475665166","0","2","0","0","11097","0","0","0","18164","0","0"
"535","11","47.655159939791154","-122.30608813665262","0","0","0","0","0","0","0","1","18378","0","0"
"536","31","47.655247314622386","-122.30745741091543","0","2","0","0","20877","0","8823","0","18446","0","0"
"537","11","47.65576753703333","-122.30697642520133","0","2","0","0","899","0","0","1","18553","0","0"
"538","31","47.6549946881345","-122.30777492161936","0","0","0","0","0","0","34","1","18701","0","0"
"539","52","42.349965969868684","-71.07570547983559","0","3","0","0","0","3138","0","0","18913","0","0"
"540","52","42.34995895803771","-71.07547033756087","0","3","0","0","0","610","0","1","18916","0","0"
"541","52","42.3498479053944","-71.075548112213","0","0","0","0","0","25","0","1","18929","0","0"
"576","71","42.44821838877149","-76.48231089968291","0","0","0","0","0","0","0","1","0","0","0"
"573","70","47.65394041934691","-122.30495702971798","0","2","0","245","20693","1375","3835","0","0","0","0"
"575","71","42.448178591031784","-76.4820160304222","0","3","0","0","10573","46416","32683","0","0","0","0"
"574","71","42.448351980539556","-76.48200191691164","0","3","0","0","17132","61995","37243","0","0","0","0"
"572","70","47.65397949144961","-122.30508971515654","0","2","0","211","7108","820","1091","0","0","0","0"
"571","70","47.65359059616608","-122.30476839122689","0","0","0","0","36","18","0","1","0","0","0"
"570","70","47.65341676449227","-122.30477843718744","0","0","0","0","33","62","0","1","0","0","0"
"569","70","47.653839730647185","-122.30505913958936","0","2","0","22","2930","1186","1234","0","0","0","0"
"568","70","47.65347437557421","-122.30503392560203","0","2","0","0","8202","656","2937","0","0","0","0"
"567","70","47.65370307973136","-122.30505984354517","0","4","0","92","1564","1024","1746","1","0","0","0"
"566","70","47.65359925406877","-122.30496947051603","0","2","0","112","16206","1001","3831","0","0","0","0"
"565","69","47.652789177172416","-122.30543165001382","0","2","0","303","128587","59697","2068","0","0","0","0"
"556","68","42.449397938607866","-76.48525465136194","0","3","0","1362","7463","90540","30310","0","0","0","0"
"557","68","42.449445685931714","-76.4855269460323","0","3","0","0","234","40016","473","0","0","0","0"
"558","68","42.449209134338666","-76.48533291310635","0","3","0","1887","12512","84820","4635","0","0","0","0"
"559","68","42.44920391496182","-76.48546788457901","0","3","0","330","1763","92978","1796","0","0","0","0"
"560","68","42.44967999925334","-76.48532716783716","0","3","0","36","6278","61588","1841","0","0","0","0"
"561","68","42.44954134593508","-76.48530309260101","0","3","0","819","7307","76472","17318","0","0","0","0"
"562","68","42.44934779535017","-76.48500111414357","0","3","0","0","0","1155","320","1","0","0","0"
"563","68","42.4495195011886","-76.48508369378928","0","3","0","33","0","888","231","1","0","0","0"
"564","68","42.44907524177724","-76.48530832652573","0","3","0","14","16","743","24","1","0","0","0"
"577","67","42.449209134338666","-76.48533291310635","0","0","0","0","0","0","0","1","0","0","0"
"578","67","42.44940024370614","-76.48525006292056","0","0","0","0","0","0","0","1","0","0","0"
"579","67","42.44920366114312","-76.48546935859761","0","0","0","0","0","0","0","1","0","0","0"
"580","67","42.46158843808833","-76.49888139499426","0","0","0","0","0","0","0","1","0","0","0"
"581","72","42.44749007977132","-76.4854862656143","0","3","0","9599","22046","105631","41695","0","0","0","0"
"582","72","42.44756413527812","-76.4853693971285","0","3","0","16318","5333","55386","17960","0","0","0","0"
"583","72","42.44756272766213","-76.485186903226","0","2","0","1325","117044","60089","54827","0","0","0","0"
"584","72","42.4475572801024","-76.48561534375888","0","3","0","2866","43156","119599","61748","0","0","0","0"
"585","72","42.44767619243855","-76.48568068015351","0","4","0","0","15191","60611","67895","0","0","0","0"
"586","73","42.445711627019875","-76.4831669809578","0","3","0","61","4064","24820","2976","0","0","0","0"
"587","73","42.44572932578218","-76.48330411943986","0","3","0","46","1812","12188","2004","0","0","0","0"
"588","73","42.445746864152326","-76.48303052362515","0","3","0","0","4677","21710","2728","0","0","0","0"
"589","73","42.44572269480454","-76.48345705561121","0","3","0","127","3389","6802","1559","0","0","0","0"
"590","73","42.44563633977274","-76.4829504843001","0","3","0","0","4267","8563","1276","0","0","0","0"
"591","73","42.44571213455461","-76.48359784086972","0","3","0","2298","4914","15834","2797","0","0","0","0"
"592","73","42.445948923051404","-76.4837119716516","0","2","0","9935","12953","10413","10365","0","0","0","0"
"593","73","42.445434806013175","-76.48328620827999","1","0","0","0","26","33","0","1","0","0","0"
"594","73","42.445665712961244","-76.48280208887928","0","3","0","13","0","2765","682","0","0","0","0"
"595","73","42.44582904499571","-76.48291695124618","0","3","0","19","139","2228","184","0","0","0","0"
"596","73","42.44581103627518","-76.48369283584756","0","3","0","27188","22627","36132","17008","0","0","0","0"
"597","73","42.445787179831335","-76.48393916085769","0","3","0","248","203","1219","613","1","0","0","0"
"598","75","47.65558271648934","-122.30680754465817","0","2","0","2038","19374","1965","1831","0","0","0","0"
"599","75","47.65569014494601","-122.30669425304612","0","2","0","17289","40217","4029","7616","0","0","0","0"
"600","75","47.65564071732315","-122.30694008551906","0","2","0","355","9578","402","801","0","0","0","0"
"601","75","47.655471298475234","-122.30671472139926","0","2","0","24","24137","2204","375","0","0","0","0"
"602","75","47.65536623311769","-122.30662386196654","0","2","0","0","30355","2651","845","0","0","0","0"
"603","75","47.65577715954075","-122.30649474277399","0","1","0","781","106","421","645","1","0","0","0"
"604","75","47.65526996878127","-122.30644740593067","0","2","0","0","355","128","129","1","0","0","0"
"605","75","47.65546372934874","-122.30727275300838","0","3","0","64","11249","20689","1640","0","0","0","0"
"606","75","47.65567385100334","-122.30623846784007","0","4","0","11","0","0","158","1","0","0","0"
"607","75","47.65555695732084","-122.30707835800939","0","4","0","0","95","14","493","1","0","0","0"
"608","75","47.655507081042295","-122.30745582790153","0","2","0","85","7987","882","652","0","0","0","0"
"609","75","47.65544160880696","-122.30762706852677","0","4","0","20","1347","1547","4200","0","0","0","0"
"610","75","47.65534827368498","-122.30718876175186","0","3","0","254","2084","37026","1457","0","0","0","0"
"611","75","47.65523371107237","-122.3071037943813","0","3","0","217","143","14660","703","0","0","0","0"
"612","75","47.65542289183803","-122.30779434540678","0","4","0","369","2179","6874","8474","0","0","0","0"
"613","75","47.655540083102","-122.30772058886173","0","4","0","249","1731","4736","7288","0","0","0","0"
"614","75","47.65544005381741","-122.30792842264056","0","3","0","196","127","5809","5582","0","0","0","0"
"615","76","47.65457580031582","-122.30472904333206","0","2","0","409","21953","1882","2420","0","0","0","0"
"616","76","47.65460645741075","-122.30488284986899","0","2","0","32","3055","264","319","0","0","0","0"
"617","76","47.65447004993592","-122.30461283120604","0","2","0","168","3056","1791","1713","0","0","0","0"
"618","76","47.65447127206536","-122.30486619669188","0","2","0","41","1507","791","128","1","0","0","0"
"619","76","47.65435185723276","-122.30493270729278","0","3","0","0","153","359","122","1","0","0","0"
"620","76","47.65436950198249","-122.30470299238829","0","2","0","0","517","37","164","1","0","0","0"
"621","76","47.65448200544201","-122.30505037922084","0","3","0","0","132","144","58","1","0","0","0"
"622","76","47.65470852789611","-122.30476011992069","0","2","0","47","4913","458","1550","0","0","0","0"
"623","70","47.65356582813725","-122.30514031696687","0","2","0","0","1346","291","1075","1","19165","0","0"
"624","70","47.65368216171727","-122.3059849409865","1","3","0","23","274","8521","24","0","19282","0","0"
"625","70","47.653735085919955","-122.30623574994668","1","3","0","0","929","11104","0","0","19282","0","0"
"626","70","47.65365546376996","-122.3058512302359","1","3","0","250","100","6373","191","0","19285","0","0"
"627","70","47.65361396076379","-122.30563220852581","1","3","0","454","82","9209","1097","0","19290","0","0"
"628","70","47.653594289359404","-122.30533224854656","1","3","0","0","0","695","84","1","19290","0","0"
"629","70","47.65380812849229","-122.30586334320456","1","3","0","0","0","118","0","1","19290","0","0"
"630","70","47.65384939348475","-122.30633184120295","1","3","0","0","25","4997","0","0","19290","0","0"
"631","70","47.65368264524481","-122.30659984961653","1","3","0","12","300","9889","0","0","19329","0","0"
"632","70","47.653725948603046","-122.306426452574","1","3","0","0","446","6622","0","0","19329","0","0"
"633","70","47.6536523358079","-122.30674072887801","1","3","0","95","326","15103","0","0","19341","0","0"
"634","70","47.6536017527733","-122.30695430706145","1","3","0","104","303","42280","0","0","19351","0","0"
"635","70","47.65385143114191","-122.3069172161026","1","3","0","4577","0","32341","0","0","19379","0","0"
"636","69","47.65275125747095","-122.30518231965283","0","1","0","22788","1056","3271","8916","0","19561","0","0"
"637","76","47.65434248693599","-122.3050695914851","0","3","0","0","77","133","51","1","19576","0","0"
"638","75","47.65560796805111","-122.30610746167869","0","0","0","0","0","0","51","1","19618","0","0"
"639","69","47.652827774798354","-122.30530196410307","0","2","0","2276","16042","11874","1361","0","19676","0","0"
"640","70","47.6539852260429","-122.30635278549777","1","3","0","0","0","28685","0","0","19803","0","0"
"641","75","47.6557525079655","-122.30684817151712","0","2","0","746","1747","110","581","1","19817","0","0"
"642","70","47.65348216773577","-122.30677685037365","1","3","0","0","310","33679","0","0","19849","0","0"
"643","70","47.65357018915667","-122.30715276321327","1","3","0","0","204","10620","0","0","19903","0","0"
"644","70","47.65362621277946","-122.30734222893348","1","3","0","0","0","1173","0","1","19910","0","0"
"645","69","47.65288543382144","-122.30566053689914","0","3","0","0","0","8184","0","0","19972","0","0"
"646","73","42.44558744183133","-76.48370269955085","0","3","0","482","1339","4213","1302","0","20075","0","0"
"647","73","42.44608965225483","-76.48374047693464","0","1","0","790","0","76","31","1","20192","0","0"
"648","73","42.44571891256717","-76.48379476291132","0","1","0","21610","3980","17210","5509","0","20198","0","0"
"649","77","47.658799123140305","-122.30547340661097","0","2","0","7810","15914","0","0","0","0","0","0"
"650","77","47.65890602287535","-122.30557359195895","0","2","0","1764","28473","0","0","0","0","0","0"
"651","77","47.658745619086986","-122.30534913092163","0","2","0","5124","21907","0","0","0","0","0","0"
"652","77","47.65869729538145","-122.3052134849587","0","2","0","657","34420","0","0","0","0","0","0"
"653","70","47.65408702152267","-122.3064418362939","1","3","0","0","13","14161","0","0","20427","0","0"
"654","70","47.65421223882037","-122.30653180732483","1","3","0","0","0","9083","0","0","20427","0","0"
"655","73","42.445601402007945","-76.48386242355383","0","3","0","57","0","601","45","1","20473","0","0"
"656","72","42.447824031420254","-76.48556965559766","0","4","0","0","28","78","897","1","20765","0","0"
"657","71","42.448325299201876","-76.48222027049539","0","3","0","0","0","855","76","1","20874","0","0"
"658","71","42.44839704942694","-76.4818662788315","0","3","0","0","0","56127","153","0","20982","0","0"
"659","70","47.654203922548376","-122.30767482230185","1","3","0","0","374","3688","0","0","21101","0","0"
"660","70","47.65432128519498","-122.30730393016255","1","3","0","0","1808","8293","0","0","21105","0","0"
"661","77","47.65866438916482","-122.30506985432125","0","2","0","0","2722","0","0","0","21204","0","0"
"662","76","47.6543820352479","-122.30448855475315","0","2","0","0","180","0","68","1","21267","0","0"
"663","76","47.65468088639647","-122.3046258976933","0","4","0","0","1163","0","1169","1","21267","0","0"
"664","76","47.65470823596436","-122.30449331516735","0","0","0","0","15","0","20","1","21267","0","0"
"665","77","47.658305982230715","-122.30508181826748","1","2","0","0","2949","0","0","0","21308","0","0"
"666","77","47.658406821490246","-122.30526995433227","1","2","0","0","895","0","0","1","21327","0","0"
"667","72","42.44749881934294","-76.4857779871039","0","4","0","0","407","935","6466","0","21503","0","0"
"668","78","42.450077889448586","-76.48518734355916","1","3","0","10341","0","51925","0","0","0","0","0"
"669","78","42.450057761706674","-76.48532098870953","0","3","0","29","0","15532","0","0","0","0","0"
"670","78","42.45021258647319","-76.485202006981","1","3","0","1440","0","17552","0","0","0","0","0"
"671","78","42.44974086585214","-76.48596955349628","1","0","0","0","0","0","0","1","0","0","0"
"672","79","42.449040406901375","-76.48023152064454","0","4","0","13950","14472","8682","21001","0","0","0","0"
"673","79","42.44904923629318","-76.48008034614504","0","1","0","43778","9345","4170","26150","0","0","0","0"
"674","79","42.44949791152221","-76.48104475944295","1","0","0","0","0","0","0","1","0","0","0"
"675","79","42.44922192437959","-76.4804045306491","0","4","0","22","604","19081","28329","0","0","0","0"
"676","79","42.44919621879211","-76.47924784710904","1","0","0","0","0","0","0","1","0","0","0"
"677","79","42.44915689248845","-76.48016266865157","0","4","0","6083","1590","2930","19760","0","0","0","0"
"678","79","42.44930378924419","-76.48029270564635","0","4","0","85","407","4842","7884","0","0","0","0"
"679","79","42.44897668896172","-76.4806290654356","0","4","0","0","0","163","360","1","0","0","0"
"680","79","42.44894563565598","-76.48032954134467","0","4","0","522","644","1053","2547","0","0","0","0"
"681","80","42.4478840575559","-76.48351576936804","0","4","0","0","0","29135","42376","0","0","0","0"
"682","80","42.44788355940394","-76.48331812961707","0","4","0","0","0","22458","23464","0","0","0","0"
"683","80","42.44788954654863","-76.48366791609574","0","3","0","0","0","78591","43732","0","0","0","0"
"684","80","42.44789558675136","-76.48317854884849","0","4","0","0","0","17862","33075","0","0","0","0"
"685","80","42.44804646413014","-76.48329818562462","1","3","0","0","0","585","34","1","0","0","0"
"686","81","47.65980704103464","-122.30693817209823","0","2","0","12965","40074","0","0","0","0","0","0"
"687","81","47.65981094229693","-122.30708396439545","0","2","0","4511","9997","0","0","0","0","0","0"
"688","72","42.447455864429145","-76.48527664790775","0","4","0","510","140","2856","5807","0","21618","0","0"
"689","79","42.449360136260246","-76.48046714797013","0","3","0","22","999","13006","11796","0","21627","0","0"
"690","77","47.65892520197314","-122.30573686229016","0","2","0","64","2100","0","0","0","21708","0","0"
"691","81","47.65965817063088","-122.30690974187658","0","1","0","51544","36060","0","0","0","21712","0","0"
"692","80","42.44800831498209","-76.48303476755918","1","4","0","0","0","1986","2901","0","21730","0","0"
"693","80","42.448039834215884","-76.4836359316795","1","3","0","0","0","1306","630","1","21736","0","0"
"694","81","47.65963312838776","-122.30704397699198","0","1","0","7244","5179","0","0","0","21844","0","0"
"695","70","47.6533586679304","-122.30627575807975","1","3","0","0","46","11297","0","0","21858","0","0"
"696","73","42.44585091945976","-76.4841320043882","1","3","0","255","0","283","0","1","21872","0","0"
"697","70","47.653415136448295","-122.30702872620671","1","3","0","79","1704","1906","0","1","21873","0","0"
"714","70","47.65345951928684","-122.30660947288746","1","3","0","0","69","3839","0","0","22388","0","0"
"713","79","42.44905998714537","-76.47994517869802","0","1","0","21197","1582","1361","14363","0","22383","0","0"
"712","70","47.65352504570718","-122.30628070059815","1","3","0","0","144","3316","0","0","22324","0","0"
"711","70","47.653443561269235","-122.30616807455277","1","3","0","0","241","13143","0","0","22037","0","0"
"702","83","42.45439408370258","-76.47811808472113","0","3","0","8366","9282","37050","222","0","0","0","0"
"703","83","42.454437239040374","-76.47825636006509","0","3","0","8896","14543","39434","263","0","0","0","0"
"704","83","42.454329095029955","-76.47798251160744","0","3","0","6289","3856","24996","286","0","0","0","0"
"705","84","42.445714071456536","-76.47481163449844","0","4","0","0","0","5514","22965","0","0","0","0"
"706","84","42.445523978120846","-76.4747911624124","0","4","0","0","0","7061","30950","0","0","0","0"
"707","84","42.44573455851941","-76.47466988535626","0","4","0","0","0","3398","12466","0","0","0","0"
"708","84","42.4457551585242","-76.47451657549631","0","4","0","0","0","4120","7851","0","0","0","0"
"709","84","42.44578019629261","-76.47432555595628","0","4","0","0","0","7565","9409","0","0","0","0"
"710","84","42.44551592324512","-76.47502716421691","1","0","0","0","0","0","0","1","0","0","0"
"715","70","47.653503867372464","-122.30642262074704","1","3","0","0","17","1290","0","1","22428","0","0"
"716","78","42.44999363231155","-76.48490461061593","1","3","0","0","0","32598","0","0","22442","0","0"
"717","78","42.44994200923587","-76.4851827339996","1","3","0","0","0","1429","0","1","22453","0","0"
"718","78","42.45019478689877","-76.48504148841931","1","3","0","0","0","79613","0","0","22501","0","0"
"719","83","42.45429556921434","-76.47784049991041","0","3","0","563","0","2297","43","0","22529","0","0"
"720","83","42.45424746467677","-76.47769787936048","0","1","0","146","0","143","0","1","22537","0","0"
"721","83","42.45416171050605","-76.47805333910023","0","3","0","276","437","1063","0","1","22620","0","0"
"722","84","42.44582639240735","-76.47495755024832","1","0","0","0","0","53","0","1","22659","0","0"
"723","83","42.454134156746434","-76.47781912924425","0","3","0","2160","2721","5910","826","0","22717","0","0"
"724","85","42.44547510093936","-76.47569620672407","0","4","0","0","0","0","1034","1","0","0","0"
"725","85","42.44547710237879","-76.47555999223408","0","4","0","0","0","35","672","1","0","0","0"
"726","85","42.44522892575914","-76.47583316051964","1","3","0","0","0","1540","0","1","0","0","0"
"727","85","42.44535467049521","-76.47562027652864","0","4","0","0","0","804","992","1","0","0","0"
"728","85","42.44547274046128","-76.47586895696952","0","4","0","0","0","0","2268","0","0","0","0"
"729","85","42.445500349918895","-76.47601980337858","0","4","0","0","0","65","3390","0","0","0","0"
"730","85","42.4454753556727","-76.47616097357634","0","4","0","0","0","0","6869","0","0","0","0"
"731","85","42.44526889303121","-76.47636109755017","1","0","0","0","0","24","0","1","0","0","0"
"732","86","42.444040059936626","-76.48370674592256","0","3","0","6821","7154","30113","1935","0","0","0","0"
"733","86","42.44403642037822","-76.48384308736185","0","3","0","3183","9630","14372","4098","0","0","0","0"
"734","86","42.4440513430344","-76.48354207512283","0","1","0","37852","1746","25991","486","0","0","0","0"
"735","86","42.44409329051635","-76.4833277965273","0","1","0","189486","51248","18586","11","0","0","0","0"
"736","87","42.45116632773263","-76.48287165260518","0","3","0","0","1883","13286","2663","0","0","0","0"
"737","87","42.45108428761675","-76.48298983271297","0","3","0","0","2791","17403","8031","0","0","0","0"
"738","87","42.45116075161274","-76.48321288108318","0","3","0","0","14","5724","1043","0","0","0","0"
"739","87","42.45116375353998","-76.4827326552233","0","3","0","0","1556","14269","1077","0","0","0","0"
"740","87","42.451159986321656","-76.48259278474463","0","3","0","0","949","5462","129","0","0","0","0"
"741","87","42.450831002925206","-76.48314228677447","1","3","0","0","18","893","0","1","0","0","0"
"742","87","42.45097656917614","-76.48286031270028","1","3","0","0","219","1720","0","1","0","0","0"
"743","88","42.45424308097371","-76.47648138717766","0","4","0","0","36888","4399","43022","0","0","0","0"
"744","88","42.45438619315786","-76.47642972369957","0","4","0","0","6395","6400","23877","0","0","0","0"
"745","88","42.4544888245917","-76.47634195994002","0","4","0","0","296","3961","6537","0","0","0","0"
"746","88","42.45412469101761","-76.47655757595666","0","2","0","0","166805","1632","99623","0","0","0","0"
"747","88","42.45412135078545","-76.47625840350246","0","2","0","0","1739","189","135","1","0","0","0"
"748","89","42.447881387995515","-76.48444107493215","0","3","0","124","2238","7420","588","0","0","0","0"
"749","89","42.447907052812496","-76.48425165636012","0","3","0","95","110","7798","610","0","0","0","0"
"750","89","42.447879864360324","-76.48458243090563","0","2","0","72","10257","5792","297","0","0","0","0"
"751","89","42.447875164590926","-76.48472268931839","0","2","0","43","21679","5565","216","0","0","0","0"
"752","89","42.44788525981924","-76.48411825572033","0","3","0","130","34","7337","395","0","0","0","0"
"753","89","42.44807045925076","-76.48445973137673","0","3","0","0","78","367","83","1","0","0","0"
"754","89","42.44811190111768","-76.48464928617904","0","2","0","0","2970","586","303","0","0","0","0"
"755","89","42.44788505564286","-76.48397198732191","0","3","0","47","22","6401","30","0","0","0","0"
"756","89","42.448248826532264","-76.48417809127145","1","0","0","0","0","49","0","1","0","0","0"
"757","89","42.44802032766651","-76.48381377157305","0","3","0","11","0","1265","36","1","0","0","0"
"758","90","42.448577102332486","-76.48522517721365","0","1","0","52437","0","42385","5615","0","0","0","0"
"759","90","42.44843892437888","-76.48520283910169","0","1","0","37187","0","30174","18651","0","0","0","0"
"760","90","42.44871695163529","-76.48522300015654","0","3","0","35185","0","36076","2791","0","0","0","0"
"761","90","42.448832299252494","-76.48533236488849","0","3","0","0","0","40880","25789","0","0","0","0"
"762","91","47.6532117975944","-122.30797496454025","0","1","0","43133","7126","2118","1088","0","0","0","0"
"763","91","47.65314289269949","-122.30817020991401","0","1","0","19032","463","616","205","0","0","0","0"
"764","73","42.4458921458564","-76.48384004273964","0","1","0","3548","64","114","543","0","22828","0","0"
"765","86","42.444370663607536","-76.4836282877781","1","2","0","202","355","235","0","1","22842","0","0"
"766","88","42.454008223052014","-76.47598432869266","1","3","0","0","29","738","0","1","22855","0","0"
"767","86","42.444284903988994","-76.48382205406763","1","0","0","15","81","23","0","1","22859","0","0"
"768","88","42.45461520854955","-76.47627432475394","0","3","0","0","0","816","201","1","22876","0","0"
"769","89","42.44816442006053","-76.4838573598358","1","0","0","0","0","11","0","1","22976","0","0"
"770","90","42.44868429766062","-76.48488516032626","1","3","0","91","0","134","0","1","22975","0","0"
"771","87","42.45086602888929","-76.48293983682316","1","3","0","0","0","554","0","1","22983","0","0"
"772","88","42.45416300005527","-76.47612520462599","1","3","0","0","0","122","0","1","23004","0","0"
"773","85","42.4450441812772","-76.47638020750924","1","3","0","0","0","4131","0","0","23027","0","0"
"774","85","42.44520733450414","-76.47598623203265","1","3","0","0","0","537","0","1","23027","0","0"
"775","85","42.44508430753145","-76.47622016233525","1","3","0","0","0","2960","0","0","23027","0","0"
"776","85","42.445065292323804","-76.47603617865029","1","3","0","0","0","3886","0","0","23027","0","0"
"777","85","42.44507351124864","-76.47587856622576","1","3","0","0","0","1620","0","1","23037","0","0"
"778","90","42.44837101593392","-76.48485612364901","1","1","0","677","0","108","0","1","23086","0","0"
"779","73","42.44553711329848","-76.48347705147023","0","3","0","0","0","170","0","1","23099","0","0"
"780","88","42.454405987611544","-76.4760193876662","1","0","0","0","0","0","0","1","23118","0","0"
"781","85","42.44500982911298","-76.47652791451667","1","3","0","0","0","841","0","1","23168","0","0"
"782","89","42.448246889080444","-76.48433294429118","1","3","0","0","0","264","0","1","23169","0","0"
"783","89","42.44821790530361","-76.48453045364654","1","2","0","0","181","71","0","1","23312","0","0"
"784","87","42.45087747325162","-76.48267863258401","1","0","0","0","0","0","0","1","23453","0","0"
"785","87","42.45080016025422","-76.48279760990467","1","0","0","0","35","62","0","1","23453","0","0"
"786","79","42.44914418211253","-76.4806465514641","0","4","0","0","0","900","3423","0","23475","0","0"
"787","91","47.65327827635084","-122.30816982660673","0","1","0","25008","86","2386","517","0","23543","0","0"
"788","91","47.65344788042999","-122.30725819115621","1","3","0","1798","652","22383","0","0","23550","0","0"
"789","91","47.653461288033874","-122.30831220728078","1","2","0","1267","14731","587","0","0","23563","0","0"
"790","91","47.65336527841245","-122.30755088957982","1","3","0","0","0","178","0","1","23569","0","0"
"791","91","47.653372663396446","-122.30778827897082","1","0","0","61","0","91","0","1","23573","0","0"
"792","91","47.65340450233649","-122.30740394005309","1","3","0","885","158","10852","0","0","23586","0","0"
"793","69","47.653203646519096","-122.30595737198854","1","3","0","0","0","6440","0","0","23656","0","0"
"794","80","42.448233192212044","-76.48323801171644","1","0","0","0","0","0","0","1","23780","0","0"
"795","80","42.4482352360423","-76.48350293109232","1","0","0","0","0","0","0","1","23835","0","0"
"796","90","42.448830599687454","-76.48547017996887","0","4","0","0","0","14722","50697","0","24051","0","0"
"797","90","42.44896530666632","-76.48515016222322","1","0","0","0","0","0","0","1","24083","0","0"
"798","91","47.65350984493362","-122.30762251937907","1","3","0","64","0","703","0","1","24112","0","0"
"799","91","47.65394530360163","-122.30701891629077","1","3","0","0","0","27055","0","0","24154","0","0"
"800","91","47.65373389470165","-122.30708919731408","1","3","0","0","15","536","0","1","24156","0","0"
"801","91","47.65385875540757","-122.3073675717564","1","3","0","0","12","1776","0","1","24164","0","0"
"802","69","47.65311861413278","-122.30623717876118","1","3","0","0","0","21542","0","0","24171","0","0"
"803","91","47.65390310020139","-122.30718819979785","1","3","0","0","0","2429","0","0","24219","0","0"
"804","91","47.653712870063934","-122.30686648671717","1","1","0","6592","165","4767","0","0","24232","0","0"
"805","91","47.65394018902767","-122.30764209999609","1","3","0","0","25","498","0","1","24274","0","0"
"806","70","47.654313509968695","-122.30746995732169","1","3","0","90","3484","9037","0","0","24290","0","0"
"807","79","42.449414205222034","-76.48006807011244","0","0","0","0","0","0","54","1","24307","0","0"
"808","79","42.44888804386895","-76.48009933279447","0","1","0","1062","121","0","774","1","24322","0","0"
"809","70","47.654119743887904","-122.30701342009485","1","3","0","0","0","1073","0","1","24357","0","0"
"810","70","47.65419169632916","-122.30718963949533","1","3","0","0","0","624","0","1","24368","0","0"
"811","70","47.654175253397895","-122.30740529752723","1","3","0","18","58","1268","0","1","24382","0","0"
"812","70","47.65431858555439","-122.30713255987501","1","3","0","0","53","559","0","1","24392","0","0"
"813","78","42.450331910651926","-76.48512965573806","1","0","0","0","0","97","0","1","24396","0","0"
"814","72","42.44733914438791","-76.4854612119553","0","3","0","0","0","163","63","1","24578","0","0"
"815","69","47.65316949884024","-122.30582464594114","1","3","0","0","0","4082","0","0","24783","0","0"
"816","69","47.65301530032628","-122.3055869514107","1","3","0","0","0","13243","0","0","24790","0","0"
"817","70","47.65352744215587","-122.30549233135226","1","3","0","0","96","9656","1270","0","24810","0","0"
"818","78","42.44985067048213","-76.4847727583085","1","0","0","0","0","0","0","1","24895","0","0"
"819","93","42.454495851270025","-76.47969476700416","0","3","0","19584","0","37381","293","0","0","0","0"
"820","93","42.454566305621356","-76.47981027606018","0","3","0","16351","0","45882","16","0","0","0","0"
"821","93","42.45466967313115","-76.47957883039598","0","3","0","0","0","2253","0","0","0","0","0"
"822","93","42.454815028884745","-76.47953851062235","0","3","0","0","0","2672","0","0","0","0","0"
"823","93","42.45489553160175","-76.47941130610528","0","3","0","0","0","1017","0","1","0","0","0"
"824","93","42.45490436797766","-76.4796711310137","0","3","0","11","0","653","0","1","0","0","0"
"825","93","42.45495177784878","-76.4792327184572","0","3","0","0","0","533","0","1","0","0","0"
"826","94","42.453035246787735","-76.48168110099483","0","2","0","0","28565","18758","4453","0","0","0","0"
"827","94","42.45312695467938","-76.48182377576434","0","2","0","0","58101","21067","9123","0","0","0","0"
"828","94","42.453171078028085","-76.48195639181947","0","2","0","0","35762","14467","1438","0","0","0","0"
"829","95","42.44456911791942","-76.47773107661999","0","4","0","0","0","115","430","1","0","0","0"
"830","95","42.44478897487105","-76.47812841604211","0","3","0","0","0","1012","215","1","0","0","0"
"831","95","42.44480170640077","-76.47828910277002","0","4","0","0","0","1757","26557","0","0","0","0"
"832","95","42.444840440968775","-76.47843089430133","0","4","0","0","0","591","1489","1","0","0","0"
"833","95","42.44463518327466","-76.47805638929901","0","4","0","0","0","166","263","1","0","0","0"
"834","95","42.44483605255364","-76.47856667175549","0","4","0","0","0","694","993","1","0","0","0"
"835","95","42.44471907768318","-76.47849874120692","0","4","0","0","0","751","18647","0","0","0","0"
"836","95","42.444435714916175","-76.4780467047951","0","4","0","0","0","0","289","1","0","0","0"
"837","95","42.444431681237354","-76.47760763479205","0","4","0","0","0","39","180","1","0","0","0"
"838","95","42.44475138453644","-76.47867268137738","0","4","0","0","0","789","4971","0","0","0","0"
"839","95","42.44426570941104","-76.4780928091802","0","4","0","0","0","94","349","1","0","0","0"
"840","95","42.44475130091726","-76.47883005622849","0","4","0","0","0","231","22858","0","0","0","0"
"841","95","42.444651773129046","-76.47897227141192","0","4","0","0","0","20","3858","0","0","0","0"
"842","95","42.444683203337505","-76.47783109722242","0","4","0","0","20","0","316","1","0","0","0"
"843","95","42.44430024774349","-76.47752140778931","0","4","0","0","0","0","105","1","0","0","0"
"844","95","42.444150472138666","-76.47819844355452","0","4","0","0","0","17","166","1","0","0","0"
"845","95","42.44409482825369","-76.4780434516519","0","4","0","0","0","0","267","1","0","0","0"
"846","95","42.44388436101056","-76.47803909403957","0","4","0","0","0","0","418","1","0","0","0"
"847","95","42.44360579795274","-76.47803186766625","0","0","0","0","0","0","63","1","0","0","0"
"848","95","42.44374816329298","-76.47803681266237","0","4","0","0","0","0","231","1","0","0","0"
"849","95","42.44391192162702","-76.47747678877334","0","3","0","0","0","481","104","1","0","0","0"
"850","95","42.44345947310364","-76.4778067251687","0","3","0","0","0","1026","42","1","0","0","0"
"851","95","42.44366262108272","-76.47759003059424","0","3","0","0","0","223","100","1","0","0","0"
"852","95","42.44330041784105","-76.47800086091856","0","3","0","0","0","179","0","1","0","0","0"
"853","95","42.4432443266072","-76.47840250379993","0","3","0","0","0","201","0","1","0","0","0"
"854","95","42.44429261979267","-76.47901384083191","0","4","0","0","0","0","138","1","0","0","0"
"855","95","42.443469924673145","-76.47798570301957","0","3","0","0","0","748","22","1","0","0","0"
"856","95","42.443942477510866","-76.47788065481038","0","4","0","0","0","13","538","1","0","0","0"
"857","92","42.45086386671567","-76.48362906698765","0","4","0","95","0","25403","30608","0","0","0","0"
"858","92","42.450868458013524","-76.48348337827748","0","4","0","70","0","25149","33644","0","0","0","0"
"859","92","42.45086753234833","-76.48376421897981","0","3","0","0","0","27865","18019","0","0","0","0"
"860","92","42.450862135210684","-76.4839016427362","0","3","0","0","0","26926","7783","0","0","0","0"
"861","92","42.45067338679172","-76.48352533237502","1","0","0","0","0","90","0","1","0","0","0"
"862","92","42.45082469108317","-76.48409973467062","0","3","0","179","0","24833","1346","0","0","0","0"
"863","92","42.45081578518518","-76.48423983228747","0","3","0","270","0","27958","488","0","0","0","0"
"864","92","42.45085459240593","-76.48438585193814","0","3","0","446","0","32872","1208","0","0","0","0"
"865","92","42.45084492733649","-76.48453202281478","0","3","0","382","0","38851","3119","0","0","0","0"
"866","92","42.45083930326454","-76.48470785754114","0","3","0","938","0","29288","1188","0","0","0","0"
"867","92","42.450837960496045","-76.48485707954727","0","3","0","211","0","54348","1843","0","0","0","0"
"868","72","42.447463188371614","-76.48509479923854","0","4","0","0","2908","2554","3071","0","25833","0","0"
"869","68","42.44966901504956","-76.48547152861883","0","3","0","0","0","79321","270","0","25907","0","0"
"870","68","42.44952215496611","-76.48494363067844","0","3","0","0","0","368","83","1","25907","0","0"
"871","93","42.45463587356384","-76.4799830577921","0","3","0","21","0","468","0","1","26018","0","0"
"872","92","42.450663238248346","-76.48468867841554","1","3","0","0","0","414","0","1","26053","0","0"
"873","93","42.454563301135465","-76.4801151044755","1","3","0","130","0","299","0","1","26071","0","0"
"874","95","42.444117662582386","-76.47905159811732","0","4","0","0","0","0","308","1","26072","0","0"
"875","93","42.454799196235925","-76.479800522602","0","3","0","0","0","662","0","1","26099","0","0"
"876","92","42.4506192588757","-76.48398894551124","1","3","0","0","0","107","0","1","26139","0","0"
"877","92","42.45065563643637","-76.48367744720392","1","3","0","0","0","273","0","1","26158","0","0"
"878","93","42.455106055808265","-76.47981662438737","0","3","0","0","0","1117","0","1","26162","0","0"
"879","93","42.455217457793424","-76.4796355486339","1","3","0","0","0","390","0","1","26182","0","0"
"880","92","42.45060911226992","-76.48425739212458","1","3","0","0","0","211","0","1","26186","0","0"
"881","92","42.450619618997365","-76.48449512827847","1","3","0","0","0","295","0","1","26203","0","0"
"882","93","42.45442664194303","-76.48005420694527","1","3","0","66","0","405","0","1","26222","0","0"
"883","93","42.454942564209546","-76.47991075378773","0","3","0","43","0","175","0","1","26271","0","0"
"884","95","42.444211297108275","-76.47738082382186","0","0","0","0","0","0","0","1","26313","0","0"
"885","95","42.44445229778259","-76.47743713851578","0","0","0","0","0","0","0","1","26313","0","0"
"886","95","42.44451300728805","-76.47840924124756","0","0","0","0","0","0","0","1","26316","0","0"
"887","96","42.443547629448524","-76.48148322750836","0","2","0","18976","42839","10969","5427","0","0","0","0"
"888","96","42.44377697703845","-76.48136315127373","0","2","0","1340","9487","417","1853","0","0","0","0"
"889","96","42.44368870373321","-76.4815462311082","0","2","0","4178","9311","2738","2096","0","0","0","0"
"890","96","42.443642582861855","-76.48115797463011","0","2","0","666","2939","926","216","0","0","0","0"
"891","97","42.44443727073412","-76.48502620243666","0","4","0","0","0","2890","17628","0","0","0","0"
"892","97","42.44451936086413","-76.48491607462026","0","4","0","0","0","2046","21645","0","0","0","0"
"893","97","42.44435762428758","-76.48488773849719","0","4","0","0","6498","1525","15111","0","0","0","0"
"894","97","42.44423031549923","-76.4848374405982","0","4","0","0","16043","1899","21257","0","0","0","0"
"895","97","42.444317325893905","-76.4851165798867","1","3","0","0","41","1369","0","1","0","0","0"
"896","98","42.44659218328494","-76.47955871229439","0","3","0","0","0","19502","15629","0","0","0","0"
"897","98","42.44671986720024","-76.47944858219103","0","3","0","0","0","1608","119","1","0","0","0"
"898","98","42.4467269392101","-76.47959655334465","0","3","0","0","0","5581","1040","0","0","0","0"
"899","98","42.44649689125136","-76.47946293441707","0","4","0","0","0","7361","9218","0","0","0","0"
"900","97","42.444415314286694","-76.48524065042231","1","3","0","0","0","568","0","1","26394","0","0"
"901","96","42.443370194667835","-76.48115467216161","0","3","0","494","1533","1806","328","1","26405","0","0"
"902","96","42.4434134774847","-76.48128983261806","0","2","0","2182","6974","4225","834","0","26406","0","0"
"903","96","42.443587432642104","-76.48099758178843","0","3","0","632","126","868","0","1","26406","0","0"
"904","98","42.44652469047597","-76.47990576987272","1","3","0","0","0","244","0","1","26417","0","0"
"905","97","42.444175393316655","-76.48497298053434","0","4","0","0","2150","599","7006","0","26431","0","0"
"906","98","42.44668399096882","-76.47987758342643","1","3","0","0","0","1002","0","1","26454","0","0"
"907","98","42.446377018516095","-76.47939755050655","0","3","0","0","0","102","0","1","26470","0","0"
"908","96","42.44364382212446","-76.48167603182054","0","2","0","4823","14083","4061","2784","0","26481","0","0"
"909","96","42.4435518133113","-76.48189096439731","0","3","0","12","39","323","29","1","26510","0","0"
"910","98","42.44659532406154","-76.47970535857253","1","3","0","0","0","1688","0","1","26519","0","0"
"911","96","42.44387177494993","-76.48145933265066","1","3","0","0","0","172","0","1","26552","0","0"
"912","68","42.449666131944554","-76.48506106625207","0","3","0","0","0","264","17","1","26607","0","0"
"913","46","38.88893853867602","-77.02614077912318","0","4","0","0","0","0","508","1","26722","0","0"
"914","46","38.888748423755494","-77.02552912340315","0","4","0","0","0","0","798","1","26725","0","0"
"915","46","38.88875252499423","-77.02567583186912","0","4","0","0","0","0","189","1","26736","0","0"
"2698","244","38.88819004611258","-77.02378956953696","0","1","3","0","254","0","0","0","0","0","0"
"917","95","42.443730118493995","-76.47741941773106","0","0","0","0","0","0","0","1","26810","0","0"
"918","95","42.44450296707534","-76.47825849131831","0","0","0","0","0","0","0","1","26858","0","0"
"919","95","42.443583410921136","-76.4777005918013","0","0","0","0","0","12","0","1","26858","0","0"
"920","95","42.443282976758766","-76.47855894876375","0","3","0","0","0","155","0","1","26858","0","0"
"921","84","42.44580657317097","-76.47416093468478","1","3","0","0","0","2122","0","0","26902","0","0"
"922","84","42.44582814500164","-76.47400380181556","1","3","0","0","0","2670","0","0","26909","0","0"
"923","100","42.453664552182815","-76.47844886071869","0","1","0","110282","0","27965","4283","0","0","0","0"
"924","100","42.4537656333665","-76.4783231071845","0","3","0","8309","28","43055","877","0","0","0","0"
"925","101","42.44484550797531","-76.4855229312289","0","4","0","0","12701","47027","130756","0","0","0","0"
"926","101","42.444984876599165","-76.48549883704761","0","4","0","0","4257","23301","119048","0","0","0","0"
"927","101","42.44468483444484","-76.48553599535624","0","4","0","0","2283","9272","28385","0","0","0","0"
"928","102","42.445366853367894","-76.48445946480592","0","3","0","9352","0","17009","3590","0","0","0","0"
"929","102","42.44535932671592","-76.48461496786402","0","3","0","411","0","18917","9095","0","0","0","0"
"930","102","42.445088605377364","-76.48445161859826","1","3","0","0","0","668","0","1","0","0","0"
"931","102","42.44536232429348","-76.48429815449407","0","1","0","28110","0","13780","1260","0","0","0","0"
"932","103","42.44501092477596","-76.4842694337297","0","2","0","0","9606","2592","885","0","0","0","0"
"933","103","42.444867827739536","-76.48422939577011","0","2","0","0","24041","4479","3900","0","0","0","0"
"934","103","42.44486620361003","-76.48437845488365","0","2","0","0","7841","1668","1379","0","0","0","0"
"935","103","42.44498231570266","-76.48412348521676","0","2","0","0","12784","4972","1950","0","0","0","0"
"936","104","42.44908015369046","-76.48373183785472","0","4","0","21236","38225","7289","53800","0","0","0","0"
"937","104","42.44916009439683","-76.48386236046092","0","4","0","2305","7675","364","13360","0","0","0","0"
"938","105","42.450699805772985","-76.48598707198066","0","4","0","0","2514","5068","12558","0","0","0","0"
"939","105","42.45075753915881","-76.48584611336831","1","3","0","0","271","914","0","1","0","0","0"
"940","105","42.45056727324422","-76.48586569230598","0","4","0","0","85","1361","12180","0","0","0","0"
"941","106","42.45083205115395","-76.48528969725841","0","4","0","0","0","58232","124861","0","0","0","0"
"942","106","42.450810131706575","-76.48542849985652","0","4","0","0","0","15535","88451","0","0","0","0"
"943","106","42.45082857402135","-76.48515234423277","0","4","0","0","0","75729","139585","0","0","0","0"
"944","107","42.450200960571394","-76.48318278844722","0","4","0","0","0","27043","37927","0","0","0","0"
"945","107","42.45006588508634","-76.48318804821646","0","4","0","0","0","12744","24989","0","0","0","0"
"946","107","42.45014547375891","-76.48299744554805","1","3","0","0","0","318","0","1","0","0","0"
"947","108","42.4531693669318","-76.4775501323148","0","2","0","4572","11654","1934","1626","0","0","0","0"
"948","108","42.45304436016477","-76.4776427208176","0","1","0","23059","16506","2284","9115","0","0","0","0"
"949","109","42.45272367522401","-76.47442297231925","0","3","0","1042","1302","13260","11855","0","0","0","0"
"950","109","42.45272712882183","-76.4746517187811","0","4","0","189","130","3663","4078","0","0","0","0"
"951","110","42.44709700944847","-76.48256700911212","0","2","0","0","1053","304","0","1","0","0","0"
"952","110","42.447235117958975","-76.48256176680697","0","3","0","0","44","173","0","1","0","0","0"
"953","111","42.45612804128631","-76.47776086029539","0","2","0","0","234958","1966","155354","0","0","0","0"
"954","111","42.45600091941642","-76.47785275635337","0","4","0","0","17191","8252","54038","0","0","0","0"
"955","111","42.456154846046005","-76.47798072657778","1","3","0","0","0","1952","0","1","0","0","0"
"956","112","42.44833229418735","-76.4800950709428","0","4","0","3753","0","5418","11334","0","0","0","0"
"957","112","42.4483920156301","-76.48026115444675","0","4","0","4416","0","4556","15609","0","0","0","0"
"958","107","42.45027969899928","-76.48330606370561","0","4","0","0","0","14314","28026","0","26960","0","0"
"959","110","42.44725642785611","-76.48281383307489","1","3","0","0","0","233","0","1","26976","0","0"
"960","110","42.44717720862942","-76.48270140047748","0","2","0","0","20093","17224","222","0","27190","0","0"
"961","110","42.447033814159475","-76.48269425978795","0","2","0","0","59349","10531","110","0","27190","0","0"
"962","80","42.44775080493488","-76.48369059724226","0","4","0","0","0","21627","45846","0","27228","0","0"
"963","71","42.448129876763346","-76.48215808342718","0","0","0","0","0","37","0","1","27289","0","0"
"964","71","42.44830411839333","-76.48173488661553","0","3","0","0","0","394","0","1","27289","0","0"
"965","103","42.44513739956044","-76.4842113283848","1","3","0","128","0","175","0","1","27316","0","0"
"966","102","42.44535168114184","-76.4848310435506","0","3","0","0","0","28299","3120","0","27342","0","0"
"967","108","42.45304417475788","-76.47745395443594","0","2","0","23379","45419","3502","41048","0","27383","0","0"
"968","101","42.4448399693239","-76.4851554780506","1","3","0","0","42","437","0","1","27392","0","0"
"969","100","42.45353192448703","-76.47840750975553","0","1","0","1514","0","203","56","1","27416","0","0"
"970","111","42.4560225504262","-76.47804022862037","1","3","0","0","0","1830","0","1","27423","0","0"
"971","112","42.44828832632268","-76.48036739445882","0","4","0","1585","0","816","5405","0","27456","0","0"
"972","101","42.44499014071736","-76.48520001252594","1","3","0","0","0","107","0","1","27465","0","0"
"973","112","42.448502460974154","-76.48010283641912","1","3","0","0","0","713","12","1","27504","0","0"
"974","100","42.453796517542706","-76.47815838797382","1","3","0","126","0","336","0","1","27512","0","0"
"975","104","42.448955917497756","-76.4838849463398","0","0","0","14","37","0","54","1","27540","0","0"
"976","91","47.653294125567044","-122.30684767357894","1","3","0","0","534","1239","0","1","27680","0","0"
"977","91","47.65327917721325","-122.30712063334268","1","3","0","174","248","264","0","1","27680","0","0"
"978","91","47.65334982251187","-122.30671060828668","1","3","0","0","229","1574","0","1","27680","0","0"
"979","91","47.65332362611351","-122.30831198598662","1","2","0","1812","15164","0","0","0","27709","0","0"
"980","91","47.65311113198776","-122.30786420909968","0","1","0","45424","0","281","668","0","27718","0","0"
"981","70","47.65345811259332","-122.30529102669722","1","3","0","0","268","5304","12","0","27736","0","0"
"982","70","47.65386953723114","-122.30678180590056","1","0","0","0","0","0","0","1","27736","0","0"
"983","70","47.65383421934794","-122.30661320332707","1","1","0","293","0","0","0","1","27736","0","0"
"984","70","47.65412215984012","-122.30677736240008","1","3","0","0","0","188","0","1","27736","0","0"
"985","70","47.654118286268535","-122.30756006815352","1","3","0","0","13","291","0","1","27736","0","0"
"986","70","47.65407018830901","-122.30730508838934","1","0","0","0","0","11","0","1","27736","0","0"
"987","91","47.65355326897559","-122.30747078014835","1","0","0","0","0","0","0","1","27764","0","0"
"988","104","42.44920784714393","-76.48368318995651","0","2","0","2875","7147","1168","5380","0","27967","0","0"
"989","69","47.653181489466505","-122.30609856494416","1","3","0","0","0","12766","0","0","28073","0","0"
"990","69","47.65314978779431","-122.3055257925728","1","3","0","0","0","7761","0","0","28078","0","0"
"991","88","42.4542864593018","-76.47628372318715","0","4","0","0","2050","14","3559","0","28094","0","0"
"992","69","47.65291281383884","-122.30549472479613","0","3","0","0","0","8999","18","0","28135","0","0"
"993","69","47.65305479107805","-122.30572237459977","1","3","0","0","0","9504","0","0","28135","0","0"
"994","69","47.65282641117747","-122.30506933486181","0","1","0","1934","57","0","734","1","28142","0","0"
"995","69","47.652966246880126","-122.30606380078771","1","3","0","0","0","12772","0","0","28142","0","0"
"996","69","47.65319991971295","-122.30566443896764","1","3","0","0","0","3348","0","0","28142","0","0"
"997","69","47.65315462747906","-122.30644037444476","1","3","0","0","0","17426","0","0","28142","0","0"
"998","113","47.65607645060698","-122.30851247076079","1","2","0","11","401","302","0","1","0","0","0"
"999","113","47.65645420551506","-122.30961905099221","0","1","0","3975","2396","1146","191","0","0","0","0"
"1000","113","47.656504024755186","-122.30985221533531","0","1","0","29358","27084","17280","0","0","0","0","0"
"1001","113","47.65635781763312","-122.30932197544799","0","2","0","1216","2822","2676","0","0","0","0","0"
"1002","69","47.65297650974025","-122.30583360217527","1","3","0","0","0","10122","0","0","28166","0","0"
"1003","69","47.65286584884962","-122.30621518244708","1","3","0","0","0","9151","0","0","28192","0","0"
"1004","114","47.65509681257806","-122.30804301670034","0","3","0","11175","5298","30124","9077","0","0","0","0"
"1005","114","47.65508341941061","-122.30818756892569","0","3","0","33454","5693","41589","12087","0","0","0","0"
"1006","114","47.65513161135449","-122.30790926722926","0","3","0","11210","5634","35993","12628","0","0","0","0"
"1007","114","47.65506421038037","-122.3083243149903","0","3","0","31059","4959","31462","21016","0","0","0","0"
"1008","114","47.65489294468349","-122.30833998719294","0","3","0","12262","7116","22774","13032","0","0","0","0"
"1009","114","47.65501000010529","-122.30870268820036","1","3","0","151","148","837","573","1","0","0","0"
"1010","114","47.654780054343206","-122.30823306708862","0","3","0","9389","2288","23962","9746","0","0","0","0"
"1011","114","47.654669689250504","-122.3081504472896","0","3","0","14040","18158","23765","10060","0","0","0","0"
"1012","114","47.65515682792503","-122.30770357849835","0","4","0","18033","9268","26123","48504","0","0","0","0"
"1013","114","47.65496122215999","-122.30757989890097","0","3","0","330","24151","46751","15692","0","0","0","0"
"1014","115","47.65654576324889","-122.3076533900453","0","1","0","19591","2234","6335","0","0","0","0","0"
"1015","115","47.65654679174094","-122.30800107034723","0","3","0","3711","395","6766","0","0","0","0","0"
"1016","115","47.65653406991162","-122.30783330629055","0","3","0","2289","466","3406","12","0","0","0","0"
"1017","115","47.65665914390612","-122.30756471157079","0","1","0","34198","5940","10481","0","0","0","0","0"
"1018","115","47.65673502322166","-122.30729886933663","0","1","0","12390","4849","10409","0","0","0","0","0"
"1019","115","47.65681210136023","-122.30715226867204","0","3","0","2016","1426","6456","0","0","0","0","0"
"1020","115","47.65666374147194","-122.30742351915616","0","1","0","22442","3855","13414","0","0","0","0","0"
"1021","70","47.65403921111845","-122.3071260186761","1","0","0","0","0","0","0","1","28229","0","0"
"1022","70","47.654335779522235","-122.30774264270656","1","0","0","0","0","0","0","1","28229","0","0"
"1023","114","47.65503064143684","-122.30845550331446","0","4","0","7412","6091","11398","16583","0","28236","0","0"
"1024","113","47.656548361381475","-122.3095202605669","0","2","0","0","1974","40","0","1","28332","0","0"
"1025","115","47.656808783560344","-122.30747721566703","0","3","0","101","400","2559","0","0","28429","0","0"
"1026","75","47.655521050565675","-122.30808487304478","0","4","0","304","0","12504","24340","0","28565","0","0"
"1027","114","47.65485132529303","-122.30876503153665","1","1","0","613","0","36","34","1","28574","0","0"
"1028","114","47.6545457814314","-122.30802630447222","0","3","0","9599","22374","26702","17404","0","28627","0","0"
"1029","115","47.65679863941656","-122.3076350653733","0","3","0","277","693","2478","0","0","28872","0","0"
"1030","75","47.655258907242036","-122.30670801435272","0","0","0","0","0","0","54","1","28908","0","0"
"1031","94","42.45328611231785","-76.48210981653398","0","2","0","0","110238","10634","59","0","28966","0","0"
"1032","94","42.45299099145574","-76.48153992414676","0","3","0","0","6780","13462","831","0","28969","0","0"
"1033","114","47.65524299507984","-122.30781158431103","0","3","0","14745","5034","22186","19429","0","28972","0","0"
"1034","115","47.6569030582145","-122.30730876733597","0","3","0","22","162","983","0","1","29018","0","0"
"1035","94","42.4533087701622","-76.4814629570558","0","2","0","0","8850","34","25","0","29036","0","0"
"1036","115","47.65710368503931","-122.30703375900488","1","0","0","0","13","0","0","1","29058","0","0"
"1037","94","42.45304334927798","-76.4812926790188","1","2","0","0","382","112","0","1","29065","0","0"
"1038","94","42.45294307947203","-76.48141208921938","0","2","0","0","21113","4328","7454","0","29067","0","0"
"1039","94","42.45300719965774","-76.4811449437273","1","0","0","0","70","0","0","1","29073","0","0"
"1040","94","42.45320146554649","-76.48091826771937","1","0","0","0","81","0","0","1","29073","0","0"
"1041","114","47.655298253516335","-122.30746022348464","0","3","0","0","0","1487","298","1","29081","0","0"
"1042","114","47.654889034628255","-122.30853818864415","0","3","0","296","200","587","381","1","29100","0","0"
"1043","94","42.45280592196424","-76.48172001447435","0","2","0","0","10564","2944","586","0","29134","0","0"
"1044","94","42.45284102738969","-76.48150088087564","0","3","0","0","5457","19030","4236","0","29161","0","0"
"1045","105","42.45070526115228","-76.48570669129515","1","0","0","0","29","32","0","1","29174","0","0"
"1046","106","42.45063237761385","-76.48543817088571","1","0","0","0","0","14","0","1","29228","0","0"
"1047","87","42.450956189126934","-76.48309071603805","1","3","0","0","204","252","0","1","29260","0","0"
"1048","106","42.45067216483835","-76.48510194094793","1","0","0","0","0","99","0","1","29374","0","0"
"1049","114","47.65453280154599","-122.30818428908132","0","2","0","167","38694","18280","5294","0","29474","0","0"
"1050","114","47.65517508824131","-122.3087887654001","1","3","0","0","0","440","113","1","29509","0","0"
"1051","114","47.65485201644074","-122.30750041103052","0","3","0","232","9140","39268","14481","0","29540","0","0"
"1052","114","47.65472002639781","-122.30747198268857","0","4","0","407","9783","10216","24109","0","29540","0","0"
"1053","114","47.6547601696928","-122.30837006080466","0","3","0","397","600","2117","818","0","29542","0","0"
"1054","69","47.653164990543026","-122.30660045811548","1","3","0","0","0","11642","0","0","29589","0","0"
"1055","94","42.452781758614414","-76.48185295129703","0","2","0","0","35669","430","152","0","29624","0","0"
"1056","94","42.452636056389906","-76.48185990206859","0","2","0","0","522","0","0","1","29639","0","0"
"1057","94","42.45248202840762","-76.48194117863494","0","0","0","0","55","0","0","1","29643","0","0"
"1058","114","47.65523743521805","-122.3080268927473","0","3","0","47","122","1661","673","1","29731","0","0"
"1059","114","47.65451300434787","-122.30788158875006","0","2","0","61","8741","6973","5036","0","29826","0","0"
"1060","69","47.652727617424944","-122.30564705819903","0","1","0","782","0","180","0","1","29947","0","0"
"1061","115","47.656797060905156","-122.30803974231122","0","2","0","158","338","49","0","1","30107","0","0"
"1062","115","47.65669741835168","-122.30773450320874","0","1","0","691","574","538","0","1","30202","0","0"
"1063","115","47.65675816779473","-122.30790547546424","0","3","0","53","93","243","0","1","30272","0","0"
"1064","75","47.65536016234765","-122.30816334887504","1","1","0","177","0","51","16","1","30338","0","0"
"1065","117","47.655201032528986","-122.30931214071708","0","2","0","0","23760","5870","0","0","0","0","0"
"1066","117","47.655157032756314","-122.30912774184104","0","2","0","0","20327","7783","0","0","0","0","0"
"1067","117","47.65527542257395","-122.3089948342377","0","2","0","0","7515","6488","0","0","0","0","0"
"1068","117","47.65536995058173","-122.3095561634081","0","2","0","0","11509","0","0","0","0","0","0"
"1069","117","47.65517685168772","-122.3094848438273","0","2","0","0","7516","272","0","0","0","0","0"
"1070","118","47.6558041270506","-122.3087995152046","0","3","0","60789","77044","124200","26446","0","0","0","0"
"1071","118","47.65566022895178","-122.30883943782104","0","3","0","21618","46608","67023","37227","0","0","0","0"
"1072","118","47.65596660663507","-122.30877112282577","0","3","0","114269","69598","146821","21879","0","0","0","0"
"1073","118","47.65579108298551","-122.30929331747565","1","2","0","14","186","88","0","1","0","0","0"
"1074","118","47.65603847316821","-122.30909594931073","1","2","0","0","929","48","0","1","0","0","0"
"1075","118","47.65561204037699","-122.30917765194312","1","3","0","0","237","695","373","1","0","0","0"
"1076","118","47.65552856184982","-122.30879882078416","0","4","0","1859","27604","12471","57913","0","0","0","0"
"1077","116","47.65624499488798","-122.31067451180326","0","3","0","13731","434","32701","1187","0","0","0","0"
"1078","116","47.656340231891804","-122.31078045888017","0","1","0","32651","572","28404","1447","0","0","0","0"
"1079","116","47.65615942366427","-122.3108999390174","0","3","0","855","144","1462","74","1","0","0","0"
"1080","116","47.656477096406384","-122.31078116718521","0","1","0","10803","129","5699","203","0","0","0","0"
"1081","116","47.65622465235648","-122.31049197496046","0","3","0","7968","101","8269","884","0","0","0","0"
"1082","116","47.65621751971641","-122.31025169514965","0","1","0","8906","339","5657","792","0","0","0","0"
"1083","116","47.65623834963168","-122.31002790367913","0","1","0","5767","220","3088","301","0","0","0","0"
"1084","116","47.6562315118984","-122.30972669475624","0","3","0","1024","650","7111","14","0","0","0","0"
"1085","118","47.65556530865857","-122.30893711276323","0","4","0","11019","10878","8024","20797","0","30433","0","0"
"1086","101","42.4447855140344","-76.48493353166742","1","0","0","0","61","0","0","1","30510","0","0"
"1087","103","42.444866383302816","-76.48458458409146","0","2","0","0","575","0","0","1","30569","0","0"
"1088","101","42.44492688313339","-76.48563081464027","0","4","0","0","2237","2860","16273","0","30582","0","0"
"1116","69","47.653047099913174","-122.3059549726503","1","0","0","0","0","57","0","1","30916","0","0"
"1115","69","47.652893668338415","-122.30649696656364","1","0","0","0","0","0","0","1","30916","0","0"
"1114","68","42.449176692660735","-76.48509142035395","0","0","0","0","0","79","41","1","30844","0","0"
"1113","69","47.653004834322765","-122.30632366484892","1","3","0","0","0","709","0","1","30787","0","0"
"1112","69","47.65313892109656","-122.30702396550217","1","3","0","0","0","136","0","1","30700","0","0"
"1111","102","42.445402196379995","-76.48415313004489","0","1","0","42551","0","2528","107","0","30690","0","0"
"1110","107","42.45030549679573","-76.4827651295462","1","3","0","0","0","232","0","1","30683","0","0"
"1109","120","47.65411924199849","-122.30602372667282","0","4","0","2216","16","0","17050","0","0","0","0"
"1108","120","47.654403545332165","-122.30615159202125","0","4","0","0","72","101","13170","0","0","0","0"
"1107","120","47.65424702977726","-122.30618192485647","0","4","0","3553","165","86","14577","0","0","0","0"
"1106","120","47.65439872404452","-122.30601264626928","0","4","0","269","86","0","79434","0","0","0","0"
"1105","120","47.65428698408155","-122.30569138586807","0","4","0","0","0","0","1118","1","0","0","0"
"1104","120","47.65424595325725","-122.30587402256762","0","4","0","1308","0","0","54717","0","0","0","0"
"1103","120","47.65425686776307","-122.30600935624877","0","4","0","850","114","30","81740","0","0","0","0"
"1117","118","47.6560018686987","-122.30863989954422","0","1","0","63890","2823","42554","1281","0","31014","0","0"
"1151","124","47.650812668679045","-122.30313609735725","0","0","0","17","27","0","0","1","0","0","0"
"1150","124","47.65066116016155","-122.303259147244","0","1","0","6055","4849","0","0","0","0","0","0"
"1149","123","47.660534928888424","-122.30929206021365","0","1","0","1106","0","0","0","1","0","0","0"
"1148","123","47.6604107671261","-122.30919707403974","0","1","0","76518","12361","0","0","0","0","0","0"
"1147","118","47.65530215817719","-122.30855467434584","1","4","0","141","0","74","1526","1","31159","0","0"
"1146","75","47.655490215247504","-122.30828362398273","1","3","0","0","0","236","92","1","31124","0","0"
"1145","122","47.655493659202186","-122.30584762831616","0","1","0","491","101","28","37","1","0","0","0"
"1144","122","47.655542460707466","-122.30568717013169","0","1","0","3413","107","207","0","0","0","0","0"
"1143","122","47.655571404610974","-122.30552516395116","0","1","0","12691","486","2188","0","0","0","0","0"
"1142","122","47.65539975939705","-122.30574463335245","0","2","0","4872","5329","504","0","0","0","0","0"
"1141","122","47.655450401169176","-122.30558765876418","0","1","0","47815","28142","5022","0","0","0","0","0"
"1130","118","47.65545911506939","-122.30866993123601","0","4","0","527","5677","10994","55083","0","31026","0","0"
"1152","94","42.45339586878545","-76.4817801734515","0","0","0","0","31","0","0","1","31288","0","0"
"1153","94","42.45317987875327","-76.48158278533779","0","2","0","0","4313","102","508","0","31288","0","0"
"1154","94","42.452638953288236","-76.48161705429236","0","0","0","0","30","67","0","1","31288","0","0"
"1155","94","42.452806376015765","-76.48198574281216","0","2","0","0","92154","0","11","0","31288","0","0"
"1156","118","47.65579331044183","-122.31024630570083","1","3","0","0","0","257","0","1","31289","0","0"
"1157","93","42.454301299414624","-76.47975335179109","0","3","0","20741","0","29605","9951","0","31490","0","0"
"1158","93","42.454274183943056","-76.48019138176421","1","1","0","282","0","167","0","1","31494","0","0"
"1159","93","42.45416527448991","-76.47934670037277","0","1","0","86385","0","52570","25891","0","31550","0","0"
"1160","93","42.45426285907298","-76.47955231873708","0","3","0","27290","0","41581","21140","0","31561","0","0"
"1161","118","47.65582320511043","-122.30896483439773","0","1","0","77939","3737","76847","5273","0","31571","0","0"
"1162","118","47.65522598265505","-122.30837661209814","1","4","0","224","0","27","615","1","31622","0","0"
"1163","103","42.44471659274906","-76.48429905381424","0","0","0","0","0","0","11","1","31645","0","0"
"1164","86","42.444028952576154","-76.48425347960901","0","4","0","161","210","0","270","1","31654","0","0"
"1165","103","42.444889414818256","-76.48395903499522","0","2","0","0","4346","2843","124","0","31672","0","0"
"1166","86","42.44450995848252","-76.48351463011535","1","2","0","125","732","0","0","1","31674","0","0"
"1167","86","42.44432783418328","-76.48396288398122","1","0","0","0","49","0","0","1","31701","0","0"
"1168","86","42.444157193149586","-76.48363912937737","0","1","0","1589","452","1384","319","1","31701","0","0"
"1169","103","42.445024703200886","-76.48397737417083","1","2","0","0","2222","0","0","0","31707","0","0"
"1170","114","47.65523651602412","-122.30822142738107","0","3","0","802","84","1907","1147","1","31706","0","0"
"1171","86","42.44408290692734","-76.48407527262961","0","2","0","806","11697","186","1070","0","31712","0","0"
"1172","86","42.44453249881005","-76.4833795183335","1","2","0","0","185","0","0","1","31717","0","0"
"1173","104","42.44901844942877","-76.4840954166706","1","0","0","0","11","0","0","1","31845","0","0"
"1174","110","42.446894842160525","-76.48269050798584","0","2","0","0","14375","57","0","0","31958","0","0"
"1175","118","47.65608537042025","-122.30884347108912","0","1","0","48861","16063","44161","4394","0","32028","0","0"
"1176","110","42.44695350454919","-76.4828123309276","1","0","0","0","0","0","0","1","32095","0","0"
"1177","115","47.657079790280406","-122.30736636463314","1","2","0","0","108","0","0","1","32292","0","0"
"1178","90","42.44836294659185","-76.4850593452716","1","1","0","10944","0","18","0","0","32376","0","0"
"1179","116","47.656415522487364","-122.31095091125127","0","3","0","314","13","1196","0","1","32420","0","0"
"1180","81","47.65986924786683","-122.30678626964081","0","1","0","107","0","0","0","1","32464","0","0"
"1181","102","42.445391732285806","-76.48401764364357","0","1","0","4367","0","25","91","0","32500","0","0"
"1182","93","42.454109546241305","-76.47920914647031","0","1","0","81411","0","12198","7287","0","32518","0","0"
"1183","123","47.660442115463304","-122.30939753519199","0","1","0","6101","108","0","0","0","32574","0","0"
"1184","123","47.66036741904289","-122.30906765318925","0","1","0","2170","113","0","0","0","32612","0","0"
"1185","90","42.44879464084698","-76.48505163512871","1","1","0","6571","0","0","0","0","32623","0","0"
"1186","91","47.653726433313764","-122.30837549390309","1","1","0","828","0","0","0","1","32738","0","0"
"1187","91","47.653535722593475","-122.30819782088145","1","1","0","149","0","0","0","1","32814","0","0"
"1188","83","42.45378422284199","-76.47783469860968","1","1","0","3506","82","239","0","0","32856","0","0"
"1189","83","42.45455017705535","-76.47834882168982","0","3","0","0","2046","5759","29","0","32866","0","0"
"1190","83","42.45370077996599","-76.47764222500942","1","0","0","0","74","0","0","1","32880","0","0"
"1191","115","47.65693644479115","-122.30694884874416","0","2","0","0","108","69","0","1","33013","0","0"
"1192","115","47.657260779163295","-122.30711443483857","1","0","0","0","37","0","0","1","33013","0","0"
"1193","115","47.65696801434211","-122.30763532871988","0","3","0","0","0","287","0","1","33349","0","0"
"1194","75","47.65545706435164","-122.30641034351316","0","4","0","0","0","18","240","1","33495","0","0"
"1195","113","47.65640144998503","-122.30948304814595","0","1","0","2856","2024","2792","49","0","33558","0","0"
"1196","126","47.65278767352598","-122.30459470263195","0","1","0","14254","112","6309","0","0","0","0","0"
"1197","127","47.65223319200623","-122.30551531531582","0","1","0","12212","27","0","0","0","0","0","0"
"1198","128","47.65243203779514","-122.31024871450798","0","1","0","26604","5946","0","0","0","0","0","0"
"1199","128","47.65218752846725","-122.30965984845865","0","1","0","209","0","0","0","1","0","0","0"
"1200","128","47.65235890745109","-122.31036580683643","0","1","0","10581","1190","0","0","0","0","0","0"
"1201","128","47.652508447411215","-122.3101183591703","0","1","0","7265","2262","0","0","0","0","0","0"
"1202","129","47.65295357129345","-122.30929924055394","0","1","0","29158","4501","0","0","0","0","0","0"
"1203","129","47.65292805381952","-122.3094417296247","0","1","0","24461","528","0","0","0","0","0","0"
"1204","130","47.65320970922876","-122.30904928660514","0","4","0","64737","13291","0","110522","0","0","0","0"
"1205","130","47.65332830200009","-122.30915076099751","0","4","0","5839","4229","0","19111","0","0","0","0"
"1206","131","47.65635811943866","-122.31251386014321","0","4","0","0","163","284","16728","0","0","0","0"
"1207","131","47.65635756734279","-122.31237681669214","0","4","0","0","347","2368","46428","0","0","0","0"
"1208","131","47.65635092403476","-122.3121882816865","0","4","0","0","72","945","11287","0","0","0","0"
"1209","131","47.656264339181526","-122.31191030877322","1","0","0","0","0","0","0","1","0","0","0"
"1210","132","42.443982519508154","-76.48546186631764","0","4","0","0","0","0","83245","0","0","0","0"
"1211","132","42.443850802624546","-76.48550153076815","0","4","0","0","0","0","14887","0","0","0","0"
"1212","132","42.44370428932745","-76.48557863814486","0","0","0","0","0","0","0","1","0","0","0"
"1213","132","42.443823566818686","-76.48524456198861","1","0","0","0","0","0","0","1","0","0","0"
"1214","132","42.444125182843116","-76.48548178695152","0","4","0","0","0","0","145742","0","0","0","0"
"1215","133","42.444750735708894","-76.482967889399","0","4","0","219","118","0","19657","0","0","0","0"
"1216","133","42.44465723650233","-76.48322173276487","1","2","0","0","194","0","0","1","0","0","0"
"1217","133","42.44486647232292","-76.48303869006678","0","4","0","34","121","13","18893","0","0","0","0"
"1218","133","42.444758022863454","-76.48312342199075","0","4","0","46","81","13","23148","0","0","0","0"
"1219","133","42.44461417408021","-76.48295701154157","0","4","0","471","114","48","4471","0","0","0","0"
"1220","133","42.444764160663865","-76.48331260776602","1","0","0","0","99","0","0","1","0","0","0"
"1221","133","42.44459072342626","-76.48310102462001","0","4","0","459","66","40","4667","0","0","0","0"
"1222","133","42.44461808914987","-76.4836010540499","1","1","0","164","76","0","0","1","0","0","0"
"1223","133","42.444429151589325","-76.48290711763195","0","4","0","101","0","35","794","1","0","0","0"
"1224","133","42.44442846775193","-76.48307557667154","0","1","0","2587","0","39","341","0","0","0","0"
"1225","133","42.444211741047226","-76.48258969817495","0","0","0","0","0","0","0","1","0","0","0"
"1226","134","42.44642554682605","-76.48467478836602","0","2","0","3491","65005","3326","7154","0","0","0","0"
"1227","134","42.44647119944372","-76.48453490046631","0","2","0","2145","77643","2534","3161","0","0","0","0"
"1228","135","42.44710341834616","-76.48447686761475","0","4","0","291","2704","8500","20803","0","0","0","0"
"1229","135","42.44713756808665","-76.48461602202661","0","4","0","60","810","23198","42382","0","0","0","0"
"1230","135","42.4470791065249","-76.48433612405385","0","4","0","119","2042","3733","9939","0","0","0","0"
"1231","135","42.447135715042855","-76.48476078182209","0","2","0","0","60873","18206","41945","0","0","0","0"
"1232","135","42.447080139364324","-76.48405832634927","0","4","0","20340","2438","4229","20736","0","0","0","0"
"1233","135","42.44707918454664","-76.48419838588163","0","4","0","508","2684","4833","18447","0","0","0","0"
"1234","136","42.446627815641115","-76.48540647797233","0","4","0","34405","0","3558","111277","0","0","0","0"
"1235","136","42.44655699653058","-76.4852713811329","1","0","0","0","0","0","0","1","0","0","0"
"1236","136","42.44649985313779","-76.48545037739304","0","4","0","15037","0","1217","40232","0","0","0","0"
"1237","136","42.44672985608932","-76.48525352765822","1","0","0","0","0","0","0","1","0","0","0"
"1238","136","42.44634321796037","-76.4853933141924","0","1","0","26032","0","0","6086","0","0","0","0"
"1239","136","42.446418816861275","-76.48524856405724","1","0","0","0","0","0","0","1","0","0","0"
"1240","136","42.446262228932746","-76.48526864215701","1","0","0","0","0","0","0","1","0","0","0"
"1241","136","42.44628843258877","-76.48555113919048","0","1","0","7989","0","0","635","0","0","0","0"
"1242","137","42.448170217129025","-76.4827468791432","1","0","0","0","0","0","0","1","0","0","0"
"1243","137","42.448239934808505","-76.482937933536","1","0","0","0","0","0","0","1","0","0","0"
"1244","129","47.65289047918698","-122.30957555115955","0","1","0","10455","28","0","0","0","33760","0","0"
"1245","127","47.65229312328771","-122.30539281957353","0","1","0","7781","0","0","0","0","33778","0","0"
"1246","138","47.65736655106291","-122.31011156364401","0","2","0","9690","19870","3303","0","0","0","0","0"
"1247","138","47.657374129122765","-122.3099589367813","0","2","0","2570","11260","1630","0","0","0","0","0"
"1248","139","47.660443920489016","-122.31054142997458","0","1","0","7806","0","0","0","0","0","0","0"
"1249","139","47.66043075736235","-122.31068144656945","0","1","0","16116","192","0","0","0","0","0","0"
"1250","140","47.660784075099194","-122.30819580676393","0","1","0","10579","290","0","0","0","0","0","0"
"1251","140","47.660721436674926","-122.30836432895349","0","1","0","6257","167","0","0","0","0","0","0"
"1252","93","42.45440632647385","-76.479586424791","0","3","0","5436","0","7871","3659","0","33949","0","0"
"1253","128","47.6521468476125","-122.30997407485799","0","0","0","13","0","0","0","1","33959","0","0"
"1254","127","47.65219483650317","-122.30518644929867","0","1","0","4953","0","0","0","0","33973","0","0"
"1255","138","47.657311932141674","-122.3102462372006","0","2","0","1249","3274","460","0","0","33995","0","0"
"1256","140","47.66068294063859","-122.30797922656609","0","0","0","0","0","0","0","1","34011","0","0"
"1257","140","47.6608256915853","-122.30805333204135","0","1","0","1955","0","0","0","1","34022","0","0"
"1258","139","47.660318837837444","-122.3103802017053","0","1","0","27700","11","0","0","0","34073","0","0"
"1259","113","47.65616220836751","-122.30895724274852","0","1","0","47886","15648","22438","41","0","34218","0","0"
"1260","113","47.65655969532345","-122.30932848956101","0","2","0","0","276","0","0","1","34218","0","0"
"1261","109","42.45274662352169","-76.47425359300306","1","3","0","0","0","1013","0","1","34247","0","0"
"1262","108","42.453085153438806","-76.47732087452792","0","4","0","5913","16826","546","57321","0","34353","0","0"
"1263","83","42.45399456091641","-76.47793668075373","0","2","0","0","3070","1129","0","0","34382","0","0"
"1264","83","42.45419427287289","-76.4783085406519","0","2","0","0","312","64","0","1","34491","0","0"
"1265","110","42.44709909719344","-76.48281538374566","1","3","0","0","0","241","0","1","34524","0","0"
"1266","134","42.446541386029445","-76.4847778401503","0","2","0","23","688","72","462","1","34544","0","0"
"1267","89","42.448153810905225","-76.48478543077495","0","2","0","0","2400","0","52","0","34668","0","0"
"1268","90","42.44881983259017","-76.48491892115804","1","0","0","0","0","0","0","1","34725","0","0"
"1269","89","42.44805609676571","-76.48489131258768","0","2","0","0","4730","293","24","0","34752","0","0"
"1270","81","47.65951591558027","-122.30675421280299","0","1","0","85607","55","0","0","0","34897","0","0"
"1271","89","42.44813894021594","-76.48499934782262","1","2","0","0","1255","0","0","1","34966","0","0"
"1272","89","42.447690018760724","-76.48471863028733","0","2","0","83","47619","1805","65","0","34999","0","0"
"1273","115","47.65656932660099","-122.30816610972327","0","3","0","374","0","976","0","1","35003","0","0"
"1274","81","47.65976974457408","-122.30742730725503","1","0","0","0","0","0","0","1","35008","0","0"
"1275","81","47.65984602806484","-122.30730269270482","0","0","0","41","0","0","0","1","35008","0","0"
"1276","138","47.6570478085501","-122.30979649855594","1","2","0","0","1068","0","0","1","35012","0","0"
"1277","81","47.65969703633536","-122.30721092074796","0","1","0","122","0","0","0","1","35041","0","0"
"1278","133","42.44473163082722","-76.48280981404515","0","4","0","0","0","0","197","1","35135","0","0"
"1279","113","47.656259515934636","-122.30921894010568","0","3","0","1765","1318","2814","0","0","35154","0","0"
"1280","81","47.65943757710097","-122.30662281938761","0","1","0","76529","38","0","0","0","35157","0","0"
"1281","134","42.44641848807472","-76.48440560556746","0","2","0","13","1562","38","0","1","35323","0","0"
"1282","134","42.44617328458786","-76.48422161140418","1","0","0","0","0","0","0","1","35323","0","0"
"1283","138","47.65724816375013","-122.30985866159213","0","2","0","0","1068","492","0","1","35338","0","0"
"1284","126","47.652858206491416","-122.30447514686406","0","3","0","2714","93","3457","0","0","35370","0","0"
"1285","138","47.65715207002464","-122.30969096692338","1","2","0","0","856","0","0","1","35416","0","0"
"1286","86","42.44410930588752","-76.48312866915325","0","1","0","11346","36","26","0","0","36083","0","0"
"1287","86","42.4439387045992","-76.48324981016884","0","1","0","12703","11","0","0","0","36093","0","0"
"1288","142","47.65777234453367","-122.30608691759622","0","2","0","0","44824","24623","287","0","0","0","0"
"1289","142","47.657805387504","-122.30623639119239","0","2","0","0","16717","9772","28","0","0","0","0"
"1290","142","47.657677236090976","-122.30618475218289","0","3","0","0","7314","7733","63","0","0","0","0"
"1291","142","47.65769589808559","-122.30638061936435","0","2","0","0","1525","0","12","1","0","0","0"
"1486","162","34.07169458920505","-118.43939576276155","0","3","1273","0","0","0","0","1","0","0","0"
"1485","162","34.071543482546986","-118.4394459834895","0","3","1273","0","0","0","0","1","0","0","0"
"1484","162","34.071835178853114","-118.43941425256826","0","3","1273","0","0","0","0","1","0","0","0"
"1295","144","47.659272527212764","-122.31211827415416","0","0","0","0","0","0","0","1","0","0","0"
"1296","144","47.658803514382264","-122.31182561611952","1","2","0","0","285","0","0","1","0","0","0"
"1297","144","47.65883604690919","-122.31210990836959","0","1","0","101","0","0","0","1","0","0","0"
"1298","144","47.65896433824679","-122.31200932511224","1","0","0","0","0","0","0","1","0","0","0"
"1299","144","47.65898437877973","-122.31224347196434","0","0","0","0","0","0","0","1","0","0","0"
"1300","144","47.65911161342237","-122.31200268816455","1","0","0","0","0","0","0","1","0","0","0"
"1301","144","47.659152473371414","-122.31219233775109","0","0","0","0","0","0","0","1","0","0","0"
"1302","144","47.65950603777997","-122.31206493116784","0","0","0","0","0","0","0","1","0","0","0"
"1303","144","47.65940313112856","-122.31218906927008","0","0","0","0","0","0","0","1","0","0","0"
"1304","144","47.65922444900659","-122.31187185784292","1","0","0","0","0","0","0","1","0","0","0"
"1305","144","47.659369157218514","-122.31202151709681","1","0","0","0","0","0","0","1","0","0","0"
"1306","144","47.65960743821437","-122.31192593313851","1","0","0","0","0","0","0","1","0","0","0"
"1307","144","47.65957109609969","-122.31229981237605","0","0","0","0","0","0","0","1","0","0","0"
"1308","144","47.659656069376865","-122.31179706017032","1","2","0","0","311","0","0","1","0","0","0"
"1309","141","47.652092813833306","-122.3050541611545","0","1","0","12644","20","0","0","0","0","0","0"
"1310","141","47.652000393631546","-122.30520497803725","0","1","0","24861","99","0","0","0","0","0","0"
"1311","141","47.652102904241524","-122.3053228889691","0","1","0","11138","27","0","0","0","0","0","0"
"1312","141","47.652114393123064","-122.30567846486277","1","0","0","0","0","0","0","1","0","0","0"
"1313","145","47.65326960458348","-122.30386741034711","0","1","0","3294","1179","0","0","0","0","0","0"
"1314","145","47.65340692861554","-122.30386261849418","0","1","0","34116","9350","0","0","0","0","0","0"
"1315","145","47.653037248778006","-122.30397803622812","0","0","0","37","0","0","0","1","0","0","0"
"1316","145","47.65347592962635","-122.30405571389198","1","0","0","0","0","0","0","1","0","0","0"
"1317","145","47.65301402266529","-122.30432618749278","1","0","0","0","0","0","0","1","0","0","0"
"1318","145","47.65326281021652","-122.30409199645852","1","0","0","0","0","0","0","1","0","0","0"
"1319","146","47.6547672483837","-122.30909353566835","0","3","0","8951","3408","44506","7850","0","0","0","0"
"1320","146","47.654816369452774","-122.30894503740524","0","3","0","9847","9249","27937","14177","0","0","0","0"
"1321","146","47.65473834779008","-122.30922857630401","0","3","0","635","175","2374","1760","0","0","0","0"
"1322","146","47.65463306816412","-122.30904873212008","0","3","0","397","106","3461","534","0","0","0","0"
"1323","147","47.654577981072386","-122.31059953206288","0","2","0","210","58640","2372","0","0","0","0","0"
"1324","147","47.654445867048146","-122.31063103156255","0","2","0","474","52391","726","0","0","0","0","0"
"1325","147","47.65466545791994","-122.31043908835939","0","2","0","48","9336","40","0","0","0","0","0"
"1326","147","47.65452143306216","-122.31046860790863","0","2","0","105","24700","436","0","0","0","0","0"
"1327","147","47.654716855070745","-122.31063233202113","0","2","0","0","26273","38","0","0","0","0","0"
"1328","147","47.654813267693434","-122.3104658002329","0","2","0","12","3093","0","0","0","0","0","0"
"1329","147","47.65476228839491","-122.3107855772478","0","2","0","0","602","0","0","1","0","0","0"
"1330","93","42.45437014913912","-76.47986952058665","0","3","0","15","0","1053","13","1","36194","0","0"
"1331","79","42.449027532963854","-76.48048684663308","0","4","0","27","0","0","3698","0","36240","0","0"
"1332","79","42.449454224151275","-76.48028778645715","0","0","0","0","15","0","0","1","36240","0","0"
"1333","70","47.65336301209155","-122.30539494050954","1","0","0","0","0","0","0","1","36301","0","0"
"1334","83","42.45389105610847","-76.47762297053771","1","2","0","0","174","0","0","1","36700","0","0"
"1335","83","42.454009334640865","-76.47769779672186","0","4","0","0","221","0","573","1","36700","0","0"
"1336","138","47.65722852174589","-122.31012707420632","0","2","0","324","2977","1120","0","0","36824","0","0"
"1337","138","47.65752783504519","-122.31000496043816","0","2","0","89","10081","349","0","0","36826","0","0"
"1338","144","47.65932495564985","-122.31158266331394","1","2","0","0","5408","0","0","0","36870","0","0"
"1339","144","47.65942236680194","-122.31129857224984","1","2","0","0","313","0","0","1","36870","0","0"
"1340","144","47.65910751065463","-122.31142916804356","1","2","0","0","7439","0","0","0","36870","0","0"
"1341","144","47.658965086298274","-122.31158391817507","1","2","0","0","1170","0","0","1","36870","0","0"
"1342","144","47.65892413102808","-122.31141543831083","1","2","0","0","1566","0","0","1","36870","0","0"
"1343","144","47.659138514535584","-122.3115718374094","1","2","0","0","6681","0","0","0","36870","0","0"
"1344","144","47.65945919227863","-122.31154327814711","1","2","0","0","5756","0","0","0","36876","0","0"
"1345","144","47.65956633877313","-122.3116596734762","1","2","0","0","1499","0","0","1","36876","0","0"
"1346","144","47.65925593034684","-122.31141211638376","1","2","0","0","1552","0","0","1","36878","0","0"
"1347","144","47.65939382458091","-122.31172998775173","1","2","0","0","447","0","0","1","36878","0","0"
"1348","144","47.65924582586757","-122.31173250252832","1","2","0","0","650","0","0","1","36893","0","0"
"1349","144","47.658730188930164","-122.3115340661473","1","2","0","0","2115","0","0","0","36907","0","0"
"1350","144","47.658803584862525","-122.31135448095662","1","0","0","0","15","0","0","1","36988","0","0"
"1351","147","47.65433820956632","-122.3104321976115","0","2","0","45","8795","0","0","0","36998","0","0"
"1352","147","47.654457233834016","-122.31080662003927","0","2","0","450","38326","13","0","0","37087","0","0"
"1353","131","47.65611632676111","-122.31207116485932","0","4","0","0","0","0","2848","0","37278","0","0"
"1354","148","47.652020945597386","-122.30286404626244","0","2","0","2032","82090","0","0","0","0","0","0"
"1355","148","47.65188864993382","-122.3028934727894","0","2","0","9323","155608","0","0","0","0","0","0"
"1356","148","47.65192765670601","-122.30276336380804","0","2","0","1295","43363","0","0","0","0","0","0"
"1357","148","47.65256731526895","-122.30285010471606","0","0","0","0","0","0","0","1","0","0","0"
"1358","148","47.65179689442571","-122.3027126868001","0","1","0","393","225","0","0","1","0","0","0"
"1359","148","47.65171874498924","-122.30286416738815","0","1","0","623","0","0","0","1","0","0","0"
"1360","148","47.652280010964034","-122.3029147847147","0","1","0","18447","5535","0","0","0","0","0","0"
"1361","148","47.65221668461368","-122.30279383225154","0","0","0","16","0","0","0","1","0","0","0"
"1362","149","47.65945965253344","-122.31025967256119","0","2","0","0","9963","0","0","0","0","0","0"
"1363","149","47.65945987807829","-122.31043033921635","0","2","0","0","3632","0","0","0","0","0","0"
"1364","149","47.65946063245121","-122.31057841884159","0","2","0","0","1884","0","0","1","0","0","0"
"1365","149","47.65925913463874","-122.31018700001606","0","2","0","0","11901","0","0","0","0","0","0"
"1366","149","47.65921760650079","-122.31084342160855","0","2","0","0","564","0","0","1","0","0","0"
"1367","149","47.659135620966985","-122.3102818299393","0","2","0","0","632","0","0","1","0","0","0"
"1368","149","47.65931600105231","-122.31034662062484","0","2","0","0","2759","0","0","0","0","0","0"
"1369","150","42.45480488762","-76.48213891877243","0","1","0","35144","0","0","100","0","0","0","0"
"1370","150","42.45491271335572","-76.48224393215163","0","1","0","7771","0","0","0","0","0","0","0"
"1371","150","42.45475628790937","-76.48199842443006","0","1","0","84516","0","0","441","0","0","0","0"
"1372","147","47.65432696617246","-122.31069688008797","0","2","0","122","10701","16","0","0","37468","0","0"
"1373","129","47.652922998308554","-122.3091238180865","0","2","0","880","1748","0","0","1","37596","0","0"
"1374","138","47.657136400542186","-122.3097820362108","0","2","0","0","404","336","0","1","37678","0","0"
"1375","129","47.65281785619978","-122.30928856529765","0","1","0","4902","135","0","0","0","37753","0","0"
"1376","122","47.65523956413173","-122.30564257133626","0","1","0","3218","0","15","0","0","37967","0","0"
"1483","162","34.07180994202686","-118.43927792054959","0","3","1273","0","0","0","0","1","0","0","0"
"1378","151","47.654841917995206","-122.30629241034475","0","1","0","35538","906","8568","0","0","0","0","0"
"1379","151","47.654841777417275","-122.30645457751777","0","1","0","24968","1020","19362","0","0","0","0","0"
"1380","151","47.654806249889376","-122.30659479676909","0","1","0","23632","349","3807","0","0","0","0","0"
"1381","122","47.65522527343501","-122.3058030723101","0","1","0","1055","17","0","0","1","38191","0","0"
"1482","162","34.071696218391864","-118.4388796950543","0","0","0","0","0","0","0","1","0","0","0"
"1383","114","47.65515916213833","-122.30756690428053","0","2","0","0","3981","1251","2691","0","38376","0","0"
"1481","162","34.07182998595704","-118.43911748589667","0","3","1273","0","0","0","0","1","0","0","0"
"1385","152","47.65831153816531","-122.30862195582594","0","3","0","0","14271","29488","0","0","0","0","0"
"1386","152","47.658221111499685","-122.30872316069099","0","3","0","0","21843","23789","0","0","0","0","0"
"1387","152","47.65842256301304","-122.30847383921609","0","3","0","0","9645","10031","0","0","0","0","0"
"1388","152","47.65819942759068","-122.30852919408","0","2","0","0","8251","6277","0","0","0","0","0"
"1389","152","47.65825487575956","-122.3083831775387","0","2","0","0","7097","3607","0","0","0","0","0"
"1390","152","47.65813461629069","-122.3082506954858","0","3","0","0","2464","3009","0","0","0","0","0"
"1391","152","47.65788407158411","-122.30832765436142","0","3","0","0","41","1066","0","1","0","0","0"
"1392","153","47.65676186429309","-122.30553986706667","0","1","0","46613","5531","0","0","0","0","0","0"
"1393","153","47.65673000439453","-122.30567414383755","0","1","0","21965","2346","0","0","0","0","0","0"
"1394","152","47.658044853566224","-122.30808555118352","0","2","0","0","4276","3062","0","0","38604","0","0"
"1395","136","42.4467589459565","-76.48535609813833","0","4","0","17623","0","1344","67756","0","38789","0","0"
"1396","152","47.657919770592116","-122.30797677127293","0","2","0","28","1118","982","96","1","38841","0","0"
"1397","152","47.65825417259755","-122.30799200308475","0","3","0","0","0","648","0","1","38851","0","0"
"1398","152","47.65813993989802","-122.308842542647","0","2","0","0","30674","1226","0","0","38886","0","0"
"1399","114","47.65504452457766","-122.30744568899648","0","4","0","0","37","166","404","1","38888","0","0"
"1480","162","34.07168615789658","-118.43901821267866","0","0","0","0","0","0","0","1","0","0","0"
"1401","138","47.65753906942609","-122.30979666624756","0","2","0","78","4842","0","0","0","38988","0","0"
"1402","152","47.6583583723656","-122.30877081523593","0","2","0","0","345","218","0","1","39094","0","0"
"1403","116","47.656212797090376","-122.30987729497647","0","3","0","1904","0","7386","0","0","39301","0","0"
"1404","116","47.65620833686612","-122.31112846453047","0","1","0","1593","694","1154","30","1","39303","0","0"
"1405","152","47.65822756051945","-122.30898740393889","0","2","0","0","14971","83","0","0","39302","0","0"
"1406","138","47.65732100479172","-122.31038249081345","0","0","0","16","11","0","0","1","39313","0","0"
"1407","146","47.65479259651109","-122.30880893117806","0","4","0","62","3034","6462","7807","0","39476","0","0"
"1408","75","47.65537722574502","-122.30807275841568","0","4","0","51","0","486","2314","0","39503","0","0"
"1409","152","47.65776579230716","-122.30790911476313","0","3","0","0","693","875","0","1","39518","0","0"
"1410","147","47.65428183883794","-122.31085970151503","0","2","0","26","8561","24","0","0","39577","0","0"
"1411","152","47.65798296680086","-122.30911262904633","0","2","0","0","2029","11","0","0","39942","0","0"
"1412","152","47.65802808160643","-122.30897053421057","0","2","0","0","2564","35","0","0","40077","0","0"
"1413","115","47.656856405266204","-122.3077890654124","0","3","0","0","0","916","0","1","40154","0","0"
"1414","81","47.65931303074553","-122.30656510920592","0","1","0","6151","0","0","0","0","40545","0","0"
"1415","81","47.659244851651835","-122.3064469831292","0","0","0","0","0","0","0","1","40545","0","0"
"1416","153","47.65662647195156","-122.30547087806282","0","1","0","974","35","0","0","1","40748","0","0"
"1417","89","42.44767719287767","-76.4845840786521","0","2","0","22","35009","456","0","0","40931","0","0"
"1418","68","42.449369637346116","-76.48570739649158","0","3","0","0","0","225","0","1","41008","0","0"
"1419","154","47.65409822676786","-122.31065180163073","0","2","0","0","14863","259","0","0","0","0","0"
"1420","154","47.65398172572506","-122.31055389048508","0","2","0","0","50126","27099","0","0","0","0","0"
"1421","154","47.65410356511344","-122.31079191439814","0","2","0","0","1859","13","0","1","0","0","0"
"1422","154","47.65384142945423","-122.31053235617634","0","2","0","0","26524","14541","0","0","0","0","0"
"1423","155","47.65555546908983","-122.31016140668777","0","3","0","213","4315","5872","167","0","0","0","0"
"1424","155","47.65548679470754","-122.31003413445681","0","3","0","0","532","2634","31","0","0","0","0"
"1425","155","47.65546060300909","-122.31025990966518","0","3","0","39","1125","2212","50","0","0","0","0"
"1426","155","47.65582963547804","-122.31014878700472","0","1","0","15385","14205","11819","1333","0","0","0","0"
"1427","155","47.65569111878198","-122.31015967803299","0","2","0","8705","14135","9386","839","0","0","0","0"
"1428","155","47.655882593792306","-122.31030557738808","0","2","0","9961","11087","571","688","0","0","0","0"
"1429","155","47.65587008160129","-122.31046703378436","0","1","0","40135","6366","27608","944","0","0","0","0"
"1430","155","47.65587584962624","-122.31064581819932","0","1","0","28269","4217","6693","714","0","0","0","0"
"1431","156","47.65206099608285","-122.31273628260654","0","1","0","6323","0","0","0","0","0","0","0"
"1432","156","47.65193314788341","-122.31287143010404","0","1","0","269","0","0","0","1","0","0","0"
"1433","156","47.65212569511118","-122.31221823218351","0","1","0","521","0","0","0","1","0","0","0"
"1434","156","47.65222654032571","-122.31210445240065","0","1","0","121","0","0","0","1","0","0","0"
"1435","156","47.65219521857909","-122.31246163370702","0","1","0","37199","1468","0","0","0","0","0","0"
"1436","156","47.65177569048723","-122.31304822416894","0","0","0","11","0","0","0","1","0","0","0"
"1437","157","47.65179155799918","-122.3075670528748","0","1","0","18489","12323","0","0","0","0","0","0"
"1438","157","47.65179386761033","-122.30742300691348","0","1","0","16338","12690","0","0","0","0","0","0"
"1439","157","47.6517875312009","-122.30770334427694","0","1","0","9378","6477","0","0","0","0","0","0"
"1440","157","47.65180776899465","-122.30728774125465","0","1","0","6311","5787","0","0","0","0","0","0"
"1441","158","47.65318359283846","-122.31086189903867","0","2","0","6153","10640","0","0","0","0","0","0"
"1442","158","47.65309654854094","-122.31101497790745","0","2","0","8498","15277","0","0","0","0","0","0"
"1443","159","47.65145099745657","-122.30506704827741","0","1","0","87858","86","0","0","0","0","0","0"
"1444","151","47.65489927622543","-122.30616660703764","0","1","0","1091","99","879","0","1","41098","0","0"
"1445","161","47.654404189442694","-122.30848843001048","0","4","0","54","14967","3206","27384","0","0","0","0"
"1446","161","47.65439691109378","-122.30835355970734","0","4","0","0","9042","24","17588","0","0","0","0"
"1447","161","47.65451808791347","-122.30858378000323","0","3","0","0","10851","37269","10658","0","0","0","0"
"1448","161","47.654291129971476","-122.30825042875313","0","4","0","0","36","41","6581","0","0","0","0"
"1449","154","47.65410995242035","-122.31100020487058","0","2","0","0","134","0","0","1","41165","0","0"
"1450","114","47.65437510440617","-122.30788647122638","0","4","0","15","43","148","806","1","41914","0","0"
"1451","152","47.65813791570336","-122.30886444567956","0","2","0","0","2814","427","0","0","41916","0","0"
"1452","152","47.65815468283357","-122.30904780470502","0","2","0","0","1846","31","0","1","41916","0","0"
"1453","75","47.65557561519608","-122.30789122894006","0","3","0","113","0","15111","3726","0","41968","0","0"
"1454","155","47.65589434114112","-122.31079695157734","0","1","0","29945","5172","16026","709","0","42042","0","0"
"1455","158","47.65299939104924","-122.31112804343167","0","2","0","4261","10134","0","0","0","42106","0","0"
"1456","155","47.65574987976603","-122.31002942983451","0","3","0","1208","204","2137","174","0","42118","0","0"
"1457","158","47.65344328049938","-122.31102143570416","0","1","0","41344","11432","0","0","0","42597","0","0"
"1458","152","47.65806390340429","-122.30925371630391","0","2","0","0","2741","159","0","0","42596","0","0"
"1459","158","47.65325363169043","-122.31072524846455","0","2","0","171","1041","0","0","1","42650","0","0"
"1460","116","47.65605389196763","-122.31012320043337","0","1","0","175","0","145","0","1","43168","0","0"
"1461","116","47.65661727549851","-122.31079865939243","0","0","0","0","16","0","22","1","43168","0","0"
"1462","116","47.65605933659377","-122.31036743108976","0","3","0","986","0","1328","0","1","43168","0","0"
"1463","127","47.652272191183975","-122.30567431107787","0","1","0","1854","42","0","0","1","43197","0","0"
"1464","130","47.65313382273762","-122.30893237344273","0","4","0","7920","4886","0","70079","0","43310","0","0"
"1465","152","47.65829274896142","-122.30923445447432","0","2","0","0","619","0","0","1","43331","0","0"
"1466","126","47.65268431796514","-122.30468360043712","0","1","0","451","0","433","0","1","43344","0","0"
"1467","126","47.65268647607092","-122.30444691569828","0","1","0","632","0","0","0","1","43344","0","0"
"1468","120","47.65412027843226","-122.30623368725672","0","4","0","2839","316","4184","65239","0","43694","0","0"
"1469","126","47.65279140680447","-122.30425733342321","0","0","0","0","0","0","0","1","43772","0","0"
"1470","116","47.65602705815462","-122.31076938753996","0","1","0","14027","192","8139","0","0","43773","0","0"
"1471","113","47.656140120749825","-122.30915009157833","0","3","0","708","0","2026","44","0","44010","0","0"
"1472","118","47.65557459841931","-122.308598921998","0","4","0","11548","290","11238","14816","0","44009","0","0"
"1473","89","42.44758640888912","-76.48486699975523","0","2","0","0","225","26","19","1","44202","0","0"
"1474","152","47.65839157340473","-122.30901436804353","0","2","0","0","1345","14","0","1","44246","0","0"
"1475","75","47.655196312293285","-122.30729497311327","0","3","0","0","0","322","0","1","44400","0","0"
"1476","75","47.65533546200598","-122.30732941382722","0","3","0","0","0","3504","0","0","44527","0","0"
"1477","152","47.65817493161979","-122.30935160660786","0","2","0","0","2079","76","0","0","44718","0","0"
"1478","91","47.65305487434759","-122.30798695827436","0","1","0","14099","0","0","17","0","44833","0","0"
"1479","91","47.65325371775042","-122.30780843340928","0","1","0","22386","0","0","82","0","44843","0","0"
"1487","162","34.07169972727797","-118.43873610950874","0","0","0","0","0","0","0","1","0","0","0"
"1488","163","47.65349177679931","-122.31135953206176","0","1","0","17954","4217","0","0","0","0","0","0"
"1489","163","47.65333770293744","-122.31155607098998","0","2","0","9199","10661","0","0","0","0","0","0"
"1490","163","47.653488257274496","-122.31119834080837","0","1","0","37308","13582","0","0","0","0","0","0"
"1491","131","47.65627739711081","-122.31202771942952","0","4","0","0","2992","0","3978","0","45047","0","0"
"1492","164","47.65349829301465","-122.31081939357563","0","1","0","32003","5186","0","0","0","0","0","0"
"1493","164","47.653509218921144","-122.31068425086947","0","1","0","10062","1609","0","0","0","0","0","0"
"1494","159","47.65140130726235","-122.30491698382234","0","1","0","63636","55","0","0","0","45187","0","0"
"1495","113","47.656147464871594","-122.308691444454","0","1","0","38669","52","14522","359","0","45596","0","0"
"1496","165","47.65619390057711","-122.30441495004007","0","1","0","19241","1091","0","4909","0","0","0","0"
"1497","166","47.65360085151434","-122.30703035355533","0","3","0","0","616","17633","3482","0","0","0","0"
"1498","166","47.65348738245335","-122.30719804226398","0","3","0","0","1413","39030","2253","0","0","0","0"
"1499","166","47.65340795824715","-122.30700143593184","0","3","0","0","395","30418","105","0","0","0","0"
"1500","166","47.65364975895788","-122.30683474617099","0","3","0","0","581","16617","5473","0","0","0","0"
"1501","166","47.65368698628578","-122.30655397014057","0","3","0","0","1043","13920","1311","0","0","0","0"
"1502","166","47.6532319785909","-122.30641522520045","0","3","0","0","228","6908","2687","0","0","0","0"
"1503","167","47.6526413169523","-122.30602649982744","0","1","0","32239","721","0","0","0","0","0","0"
"1504","167","47.652693916249824","-122.30588206308943","0","1","0","70948","541","0","0","0","0","0","0"
"1505","167","47.65260524175536","-122.30572680409088","0","1","0","4885","165","0","0","0","0","0","0"
"1506","167","47.65248407565597","-122.3059378339088","0","1","0","7452","396","0","0","0","0","0","0"
"1507","168","45.52361521294358","-122.67049139398578","0","1","0","1001","0","0","0","1","0","0","0"
"1508","168","45.52341851840713","-122.67050822913836","0","1","0","3680","0","0","0","0","0","0","0"
"1509","169","47.6585312088364","-122.30606987134334","0","1","0","37396","298","0","0","0","0","0","0"
"1510","169","47.658574685822444","-122.30588427744321","0","1","0","5086","0","0","0","0","0","0","0"
"1511","169","47.65861455068129","-122.30622089988783","0","1","0","63569","290","0","0","0","0","0","0"
"1512","170","47.65705044276677","-122.30676545672033","0","2","0","0","81478","0","40613","0","0","0","0"
"1513","170","47.65716705871287","-122.30666745473505","0","2","0","0","2084","0","101","0","0","0","0"
"1514","170","47.6569969391687","-122.30662926767816","0","4","0","0","20645","0","50615","0","0","0","0"
"1515","170","47.657294785347126","-122.30644731305989","0","2","0","0","1141","0","0","1","0","0","0"
"1516","170","47.65713643704863","-122.30694486949221","0","2","0","0","2413","0","0","0","0","0","0"
"1517","171","47.65771798371211","-122.30751531159845","0","2","0","0","32090","419","10752","0","0","0","0"
"1518","171","47.65778833472708","-122.30764282669392","0","2","0","0","61049","2593","14843","0","0","0","0"
"1519","171","47.65791046086651","-122.3075149922599","0","2","0","0","52686","0","40040","0","0","0","0"
"1520","171","47.65797512882843","-122.30739263724494","0","2","0","0","20244","0","16483","0","0","0","0"
"1521","171","47.65803947643664","-122.30727058226832","0","4","0","0","1840","0","4941","0","0","0","0"
"1522","171","47.65792100944591","-122.30770575791867","0","2","0","0","9418","2065","446","0","0","0","0"
"1523","169","47.65843435965527","-122.30596146979352","0","1","0","2881","0","0","0","0","45826","0","0"
"1524","131","47.65622896564328","-122.31226731255246","0","4","0","0","0","0","5464","0","45837","0","0"
"1525","114","47.65503932653525","-122.30859107814635","0","2","0","0","116","52","40","1","45886","0","0"
"1526","131","47.65609426412826","-122.31227860661686","0","4","0","0","0","0","801","1","45917","0","0"
"1527","160","47.651630882332924","-122.3042708712664","0","1","0","171","0","0","0","1","0","0","0"
"1528","160","47.651710867204066","-122.30439761215187","0","1","0","1169","47","0","0","1","0","0","0"
"1529","125","47.652697","-122.304993","0","1","0","527","0","0","268","1","0","0","0"
"1530","160","47.651685","-122.304424","0","1","0","1765","115","0","0","1","0","0","0"
"1531","156","47.652170707962156","-122.31261570266471","0","1","0","6042","0","0","0","0","46010","0","0"
"1532","156","47.6523360083829","-122.31265011155331","0","1","0","528","0","0","0","1","46070","0","0"
"1533","166","47.653610079713616","-122.3072669284816","0","3","0","0","930","17979","3355","0","46184","0","0"
"1534","166","47.65369188739648","-122.30668921882157","0","3","0","0","748","14116","2885","0","46232","0","0"
"1535","166","47.653372709639385","-122.30629870663013","0","3","0","0","405","15572","5132","0","46287","0","0"
"1536","166","47.6532400045919","-122.30692553022772","0","3","0","0","37","841","0","1","46320","0","0"
"1537","166","47.6533127978968","-122.30729862322225","0","0","0","0","11","31","0","1","46320","0","0"
"1538","166","47.65385173090574","-122.30724651528426","0","3","0","0","0","357","0","1","46354","0","0"
"1539","166","47.65346670449763","-122.30639844481497","0","3","0","0","213","7825","996","0","46484","0","0"
"1540","116","47.65603655565664","-122.30969230930278","0","3","0","751","0","827","0","1","46714","0","0"
"1541","166","47.65369439139282","-122.30635010732348","0","3","0","0","1702","5932","1738","0","46754","0","0"
"1542","166","47.65385686982555","-122.30644336170492","0","3","0","0","24","5043","2022","0","46774","0","0"
"1543","166","47.65342243987887","-122.3066922499173","0","3","0","0","119","7600","1385","0","46909","0","0"
"1544","166","47.653459285913264","-122.30653344527265","0","3","0","0","100","7016","2850","0","46909","0","0"
"1545","96","42.44365111334668","-76.48131331028046","0","2","0","1781","12673","0","1303","0","47065","0","0"
"1546","97","42.44432090948156","-76.48510597955266","0","4","0","0","0","0","5296","0","47203","0","0"
"1547","155","47.65598929012046","-122.31055804178955","0","3","0","104155","1022","136720","1600","0","47223","0","0"
"1548","155","47.65587498547395","-122.31093763916626","0","3","0","3193","655","5503","184","0","47242","0","0"
"1549","84","42.44576905170587","-76.47493667572057","0","4","0","0","0","0","24426","0","47321","0","0"
"1550","131","47.6563525129357","-122.31267035373008","0","4","0","0","11","0","103","1","47494","0","0"
"1551","155","47.65559142269057","-122.31029993286243","0","3","0","0","0","1683","68","1","47496","0","0"
"1552","131","47.65617689452486","-122.3124074325459","0","0","0","0","0","0","0","1","47841","0","0"
"1553","166","47.65338042305399","-122.3068452121255","0","3","0","0","163","8577","47","0","47886","0","0"
"1554","96","42.44341589153371","-76.48160477494392","0","2","0","138","1135","0","0","1","48083","0","0"
"1555","172","42.447739374097274","-76.4878275307218","0","4","0","0","0","4288","113993","0","0","0","0"
"1556","172","42.447361765343906","-76.48781290438957","0","4","0","0","0","2603","99858","0","0","0","0"
"1557","172","42.44759501464379","-76.48785661844647","0","4","0","0","0","7387","170560","0","0","0","0"
"1558","163","47.65333885901014","-122.31124474343372","0","1","0","776","59","0","0","1","48103","0","0"
"1559","85","42.445198894454855","-76.47618852687764","0","4","0","0","0","0","115","1","48027","0","0"
"1560","85","42.445352334334665","-76.47610512970952","0","4","0","0","0","0","2448","0","48027","0","0"
"1561","169","47.65858164629477","-122.30636508018512","0","1","0","60991","225","0","0","0","48130","0","0"
"1562","166","47.65342539491189","-122.30617433865217","0","3","0","0","41","929","239","1","48132","0","0"
"1563","81","47.65938067044165","-122.3067507783541","0","1","0","415","47","0","0","1","48138","0","0"
"1564","84","42.445802316129075","-76.47418675036475","0","4","0","0","0","6706","11138","0","48206","0","0"
"1565","172","42.44737310576871","-76.48794957189666","0","4","0","0","0","412","48414","0","48224","0","0"
"1566","172","42.447531189074546","-76.48810269387509","0","4","0","0","0","0","1719","1","48283","0","0"
"1567","85","42.44551918701165","-76.4754317223879","0","0","0","0","0","0","87","1","48347","0","0"
"1568","85","42.445531298548644","-76.47632041655368","0","4","0","0","0","0","5788","0","48624","0","0"
"1569","172","42.44767441677584","-76.48799049529455","0","4","0","0","0","0","927","1","48699","0","0"
"1570","120","47.65409344373242","-122.30636882272829","0","4","0","1724","230","4675","22273","0","48718","0","0"
"1571","85","42.44554580636923","-76.47646916623066","0","4","0","0","0","0","15240","0","48755","0","0"
"1572","85","42.445227319019764","-76.47583273455339","0","0","0","0","0","0","0","1","48777","0","0"
"1573","85","42.44526705506271","-76.47636019568048","0","0","0","0","0","0","12","1","48777","0","0"
"1574","120","47.65396066396648","-122.3061812377762","0","4","0","0","0","754","5169","0","48779","0","0"
"1575","163","47.65353630766522","-122.31163010060084","0","1","0","488","0","0","0","1","48790","0","0"
"1576","85","42.44555712733064","-76.4766164174082","0","4","0","0","0","0","8835","0","48918","0","0"
"1577","80","42.44794530250784","-76.48302178790318","0","4","0","0","0","0","40142","0","48950","0","0"
"1578","84","42.44539179531612","-76.47474371025608","0","4","0","0","0","0","8570","0","49092","0","0"
"1579","173","47.65771743746217","-122.30482656302772","0","1","0","35487","2716","0","0","0","0","0","0"
"1580","173","47.65764137422245","-122.30471006019933","0","1","0","20355","10569","0","0","0","0","0","0"
"1581","174","47.65894270498496","-122.30706989082464","0","1","0","29719","0","0","0","0","0","0","0"
"1582","174","47.65900240054215","-122.30719460266006","0","1","0","5074","0","0","0","0","0","0","0"
"1583","174","47.65885818531307","-122.30696456230916","0","1","0","30937","0","0","0","0","0","0","0"
"1584","174","47.65902687075394","-122.30692253585644","0","1","0","55754","27","0","0","0","0","0","0"
"1663","79","42.44913217941087","-76.47979008657195","0","4","0","223","0","0","1315","1","53955","0","0"
"1662","79","42.449192512103274","-76.47998049219483","0","1","0","7907","0","0","7589","0","53640","0","0"
"1587","85","42.445605288972516","-76.47676393132654","0","0","0","0","0","0","91","1","49168","0","0"
"1588","133","42.444855885947966","-76.48286281552208","0","4","0","0","0","0","206","1","49308","0","0"
"1589","174","47.659081689165994","-122.3070703011998","0","1","0","38909","21","0","0","0","49562","0","0"
"1590","174","47.658916573565655","-122.30683821182875","0","1","0","32682","0","0","0","0","49571","0","0"
"1591","114","47.65465379808797","-122.3073533604307","0","4","0","301","3233","4277","13870","0","49727","0","0"
"1592","167","47.65254568678089","-122.30614784327163","0","1","0","7442","16","0","0","0","50516","0","0"
"1593","177","47.6561592447775","-122.30315196213466","0","1","0","22706","5979","0","0","0","0","0","0"
"1594","177","47.656119993101214","-122.30297305172896","0","1","0","8337","5128","0","0","0","0","0","0"
"1595","178","47.65528438336227","-122.31683452408276","0","1","0","1831","0","0","0","1","0","0","0"
"1596","178","47.65528209377019","-122.31659785709867","0","1","0","2270","0","0","0","0","0","0","0"
"1597","178","47.655282869558874","-122.31702473519691","0","1","0","291","0","0","0","1","0","0","0"
"1598","80","42.447817721989026","-76.48306672508605","0","4","0","0","0","0","35456","0","50676","0","0"
"1599","108","42.45304065577422","-76.47780503926775","0","1","0","7471","2419","0","5776","0","50745","0","0"
"1600","120","47.65393693161781","-122.30603116294589","0","4","0","0","0","23","2655","0","50737","0","0"
"1601","100","42.4536531632925","-76.47858922682377","0","1","0","150369","0","115","2720","0","50891","0","0"
"1602","90","42.448483558585366","-76.4854664003544","0","4","0","0","0","18802","24024","0","50913","0","0"
"1603","90","42.44869349391385","-76.48548458913834","0","4","0","0","0","10034","34882","0","50913","0","0"
"1604","178","47.655300253689475","-122.31646189792572","0","1","0","2172","0","0","0","0","50986","0","0"
"1605","152","47.65767195024418","-122.30800836353727","0","0","0","0","37","0","0","1","51037","0","0"
"1606","80","42.447675823265854","-76.48354126363957","0","4","0","0","0","136","6944","0","51049","0","0"
"1607","170","47.65724230258475","-122.30679171566352","0","2","0","0","764","0","0","1","51051","0","0"
"1608","179","42.44889103562559","-76.47948302879642","0","3","0","0","0","839","0","1","0","0","0"
"1609","179","42.448760174551545","-76.47958454477362","0","3","0","0","0","1063","0","1","0","0","0"
"1610","179","42.448624591821634","-76.47957935817263","0","3","0","0","0","796","319","1","0","0","0"
"1611","179","42.44887268641569","-76.4796625957868","0","3","0","0","0","912","0","1","0","0","0"
"1612","179","42.44889038320568","-76.47934794755258","0","3","0","0","0","132","0","1","0","0","0"
"1613","179","42.44900554640359","-76.47917977573871","0","0","0","0","0","0","0","1","0","0","0"
"1614","104","42.44909293369484","-76.48398151450925","0","1","0","18637","6627","34","1185","0","51155","0","0"
"1615","97","42.444655058876855","-76.48492891280357","0","4","0","0","0","0","4502","0","51260","0","0"
"1616","172","42.44750265723278","-76.48824170089821","0","4","0","0","0","0","25577","0","51307","0","0"
"1617","172","42.44735636759397","-76.48824074808373","0","4","0","0","0","0","43185","0","51450","0","0"
"1618","172","42.44723601567143","-76.48816555826204","0","4","0","0","0","0","14866","0","51450","0","0"
"1619","90","42.4487732842037","-76.48561652750031","0","3","0","0","0","326","263","1","51523","0","0"
"1620","97","42.44458289651404","-76.48509986106681","0","4","0","0","0","0","1173","1","51738","0","0"
"1621","172","42.44710213532516","-76.48818906697149","0","4","0","0","0","0","3058","0","51742","0","0"
"1622","132","42.44412673092274","-76.48584675993975","0","4","0","0","0","0","1585","1","51902","0","0"
"1623","132","42.44416536978776","-76.48566193324882","0","4","0","0","0","0","26229","0","51930","0","0"
"1624","180","47.66083663068924","-122.30693022095147","0","1","0","17198","10644","0","0","0","0","0","0"
"1625","180","47.66075193802702","-122.30717348293621","0","1","0","1729","84","0","0","1","0","0","0"
"1626","180","47.66086860430448","-122.30706280689174","0","1","0","11581","2934","0","0","0","0","0","0"
"1627","180","47.660693489567606","-122.3069389375539","0","1","0","9848","5106","0","0","0","0","0","0"
"1628","155","47.65574984518442","-122.31085243576369","0","2","0","631","1294","140","1132","1","52341","0","0"
"1629","114","47.655298859005384","-122.30839184270336","0","4","0","0","0","71","501","1","52380","0","0"
"1630","114","47.65529866695804","-122.30853474061013","0","4","0","0","0","22","1331","1","52380","0","0"
"1631","114","47.654533079578634","-122.30773795260784","0","0","0","0","0","0","0","1","52621","0","0"
"1632","107","42.45005485029919","-76.48347708092888","0","4","0","0","0","11","148","1","52640","0","0"
"1633","181","42.446362547173784","-76.48827266710714","0","4","0","0","0","0","48702","0","0","0","0"
"1634","181","42.446528263553276","-76.48830754574469","0","4","0","0","0","0","58280","0","0","0","0"
"1635","181","42.44669495692731","-76.48817557233832","0","4","0","0","0","0","258","1","0","0","0"
"1636","90","42.44834930057067","-76.48545110404098","0","4","0","0","0","15265","149840","0","52824","0","0"
"1637","181","42.44629394773633","-76.48796709161371","0","0","0","0","0","0","76","1","52861","0","0"
"1638","105","42.45046404233076","-76.48596038592864","0","4","0","0","0","137","4243","0","52862","0","0"
"1639","105","42.450583022948585","-76.48628551703189","0","4","0","0","0","61","840","1","52933","0","0"
"1640","95","42.44423294877301","-76.4779430489128","0","0","0","0","0","0","0","1","52943","0","0"
"1641","95","42.44337817124815","-76.47938310061761","0","0","0","0","0","0","0","1","52943","0","0"
"1642","120","47.65437824289817","-122.30628577651487","0","4","0","37","263","96","24911","0","53014","0","0"
"1643","172","42.44750005061792","-76.48775664721896","0","4","0","0","0","3921","16988","0","53074","0","0"
"1644","165","47.65605256125676","-122.30440648675349","0","1","0","17949","0","0","2060","0","53247","0","0"
"1645","106","42.45091880428718","-76.48504912595313","0","4","0","0","0","29759","76644","0","53358","0","0"
"1646","183","42.44890985608006","-76.48804898022522","0","4","0","0","0","0","305912","0","0","0","0"
"1647","183","42.4489460142857","-76.48817940873289","0","4","0","0","0","0","51041","0","0","0","0"
"1648","183","42.4488012102546","-76.48796572416728","0","4","0","0","0","0","49705","0","0","0","0"
"1649","183","42.44903857019957","-76.48800003848622","0","4","0","0","0","0","95923","0","0","0","0"
"1650","183","42.44894290619272","-76.48787747040645","0","4","0","0","0","0","113758","0","0","0","0"
"1651","182","42.45397598431148","-76.48276652257923","0","4","0","0","0","0","268188","0","0","0","0"
"1652","182","42.45382934399004","-76.48275914145962","0","4","0","0","0","0","192128","0","0","0","0"
"1653","182","42.453936447561716","-76.48237674210525","0","4","0","0","0","0","60090","0","0","0","0"
"1654","182","42.453857397765894","-76.4824917346559","0","4","0","0","0","0","184450","0","0","0","0"
"1655","182","42.4538213724521","-76.4826225916708","0","4","0","0","0","0","105829","0","0","0","0"
"1656","182","42.45380450334708","-76.48232860545649","0","4","0","0","0","0","46275","0","0","0","0"
"1657","182","42.45404516222559","-76.4825389237033","0","4","0","0","0","0","9125","0","0","0","0"
"1658","184","42.44856614989366","-76.48790401561976","0","4","0","0","0","0","233426","0","0","0","0"
"1659","184","42.448418643678124","-76.48789621941572","0","4","0","0","0","0","234609","0","0","0","0"
"1660","184","42.44828314679071","-76.48788812213736","0","4","0","0","0","0","32559","0","0","0","0"
"1661","139","47.66040281170002","-122.31089817390446","0","1","0","2050","0","0","0","0","53617","0","0"
"1664","172","42.44735326137987","-76.4880982195687","0","4","0","0","0","0","315","1","54349","0","0"
"1665","156","47.65204476641807","-122.31242033636987","0","1","0","21792","1327","0","0","0","54373","0","0"
"1666","156","47.652028334198846","-122.31260377619971","0","1","0","1478","0","0","0","1","54385","0","0"
"1667","156","47.65191797602605","-122.3127235094019","0","1","0","639","0","0","0","1","54385","0","0"
"1668","156","47.65177029084162","-122.31288251368697","0","0","0","35","0","0","0","1","54385","0","0"
"1669","185","42.44573881945873","-76.47997901624126","0","4","0","0","0","0","33993","0","0","0","0"
"1670","185","42.44591522494086","-76.47995490422076","0","4","0","0","0","0","21651","0","0","0","0"
"1671","185","42.44602443451466","-76.48009483878174","0","4","0","0","0","0","2399","0","0","0","0"
"1672","185","42.445873688255595","-76.4800966913918","0","4","0","0","0","0","2670","0","0","0","0"
"1673","185","42.445697705810396","-76.48010869629893","0","4","0","0","0","0","5430","0","0","0","0"
"1674","185","42.4455840860261","-76.47990489617857","0","4","0","0","0","0","1226","1","0","0","0"
"1675","185","42.446128734169406","-76.47998390011533","0","4","0","0","0","0","26545","0","0","0","0"
"1676","185","42.446251134639354","-76.48009265059162","0","4","0","0","0","0","2309","0","0","0","0"
"1677","135","42.44703223653143","-76.48487259239486","0","4","0","0","0","354","1264","1","54498","0","0"
"1678","136","42.446456509574055","-76.48531603708045","0","4","0","35","0","121","577","1","54632","0","0"
"1679","111","42.456090386008334","-76.47752937645372","0","2","0","0","551","0","436","1","54715","0","0"
"1680","166","47.65383391256734","-122.30657997029175","0","3","0","0","0","598","0","1","54720","0","0"
"1681","156","47.65190595414913","-122.31254079526752","0","1","0","2643","45","0","0","0","54838","0","0"
"1682","108","42.453038361924186","-76.47715110173745","0","4","0","0","1570","13","5310","0","54997","0","0"
"1683","132","42.44423416309966","-76.48539733401785","0","4","0","0","0","0","4537","0","55303","0","0"
"1684","111","42.45586758261096","-76.47789917292465","0","4","0","0","0","0","4937","0","55450","0","0"
"1685","186","42.45490271518539","-76.47794774895836","0","4","0","0","5686","0","19731","0","0","0","0"
"1686","186","42.454874665115895","-76.47771836616548","0","4","0","0","5465","0","16275","0","0","0","0"
"1687","186","42.45488986385661","-76.47808837683705","0","2","0","0","24264","0","20626","0","0","0","0"
"1688","186","42.45474332769537","-76.47795750570558","0","4","0","0","1815","0","5130","0","0","0","0"
"1689","186","42.454823442318265","-76.47758984473343","0","4","0","0","1957","0","9274","0","0","0","0"
"1690","186","42.45470783365306","-76.47767726468564","0","4","0","0","357","0","2117","0","0","0","0"
"1691","105","42.45059119382331","-76.48609246845062","0","4","0","0","0","0","4376","0","55508","0","0"
"1692","79","42.4489883508555","-76.47980934625231","0","4","0","12","0","0","220","1","55703","0","0"
"1693","172","42.44787916178742","-76.48791098447035","0","0","0","0","0","0","0","1","55785","0","0"
"1694","187","42.449131905816984","-76.47811790685344","0","4","0","0","0","0","70685","0","0","0","0"
"1695","187","42.44913659419411","-76.47826418724172","0","4","0","0","0","0","26297","0","0","0","0"
"1696","187","42.44920829519567","-76.47799418628937","0","4","0","0","0","0","28724","0","0","0","0"
"1697","189","42.45354223657998","-76.47640874634855","0","2","0","0","14799","0","1073","0","0","0","0"
"1698","189","42.45367692688698","-76.47635920630404","0","2","0","0","28833","0","690","0","0","0","0"
"1699","190","47.6518814677092","-122.30481617307603","0","1","0","5895","174","0","0","0","0","0","0"
"1700","190","47.651876567833376","-122.30495627926636","0","1","0","6455","113","0","0","0","0","0","0"
"1701","190","47.652034335972694","-122.30488585947634","0","1","0","437","0","0","0","1","0","0","0"
"1702","109","42.45274542975723","-76.4742895850233","0","4","0","184","0","0","3200","0","56053","0","0"
"1703","191","47.654614362827004","-122.30395098630058","0","1","0","11894","764","0","0","0","0","0","0"
"1704","192","47.651362170118134","-122.30744085653497","0","1","0","10458","553","0","0","0","0","0","0"
"1705","193","42.45452471475684","-76.48134318803112","0","1","0","9925","0","0","0","0","0","0","0"
"1706","193","42.45448221847716","-76.48118094123676","0","1","0","9505","0","0","0","0","0","0","0"
"1707","193","42.4546729531046","-76.48116400754178","0","1","0","3303","0","0","0","0","0","0","0"
"1708","165","47.65601657001322","-122.30453664083299","0","1","0","1167","0","0","53","1","56266","0","0"
"1709","137","42.45425137961825","-76.48047217178494","0","1","0","17966","0","0","6579","0","0","0","0"
"1710","137","42.45431433220914","-76.48064470401783","0","4","0","274","0","0","1110","1","0","0","0"
"1711","89","42.44780448773454","-76.48483770757515","0","3","0","0","0","430","0","1","56296","0","0"
"1712","145","47.65348005686216","-122.3039843506702","0","1","0","21814","2115","0","0","0","56411","0","0"
"1713","165","47.65633466855939","-122.30440776888015","0","4","0","61","0","0","720","1","56557","0","0"
"1714","89","42.448111595151985","-76.4839332486939","0","0","0","0","11","11","0","1","56622","0","0"
"1715","165","47.65621248512349","-122.30457757492047","0","1","0","5389","0","0","0","0","56641","0","0"
"1716","106","42.45076090231408","-76.48500190155784","0","4","0","0","0","322","13127","0","56864","0","0"
"1717","90","42.44862799913242","-76.48561223757889","0","3","0","0","0","208","0","1","57068","0","0"
"1718","145","47.653588484789445","-122.30389377618816","0","2","0","352","520","0","0","1","57150","0","0"
"1719","92","42.45084614525294","-76.48334293453436","0","3","0","0","0","6580","0","0","57152","0","0"
"1720","132","42.44434141454843","-76.48572494761063","0","4","0","0","0","0","1744","1","57161","0","0"
"1721","120","47.654434413939065","-122.30641405828409","0","4","0","30","131","0","1220","1","57339","0","0"
"1722","193","42.45452109116647","-76.48097667724133","0","1","0","1062","0","0","0","1","57522","0","0"
"1723","166","47.6536552031454","-122.30622021287905","0","3","0","0","87","3423","850","0","57779","0","0"
"1724","89","42.447705482326185","-76.48444798322355","0","2","0","0","2612","65","0","0","57857","0","0"
"1725","135","42.44727158716033","-76.4847505902305","0","2","0","0","65137","960","1276","0","57897","0","0"
"1726","111","42.45611455997946","-76.47792815786742","0","2","0","0","8433","0","0","0","57909","0","0"
"1727","186","42.45475608821608","-76.47818939325327","0","4","0","0","5061","0","7701","0","58021","0","0"
"1728","166","47.65361796025096","-122.306073699439","0","3","0","0","55","3242","0","0","58044","0","0"
"1729","161","47.654647923318784","-122.30870698086295","0","3","0","0","834","7577","3889","0","58058","0","0"
"1730","189","42.45343432631426","-76.4764915922716","0","2","0","0","4077","0","180","0","58092","0","0"
"1731","186","42.45491089797578","-76.47822415354803","0","2","0","0","86443","0","44099","0","58113","0","0"
"1732","161","47.65424727516269","-122.30858444769818","0","4","0","0","0","0","1040","1","58293","0","0"
"1733","185","42.44565517967148","-76.4802533195268","0","0","0","0","0","0","16","1","58502","0","0"
"1734","88","42.45405515321845","-76.47640854906916","0","4","0","0","19393","209","30728","0","58657","0","0"
"1735","145","47.65326459060364","-122.30371234291941","0","2","0","52","120","0","0","1","59035","0","0"
"1736","88","42.454085308833626","-76.47679550061306","0","2","0","0","64812","31","3630","0","59119","0","0"
"1737","188","42.453121111550644","-76.47929594393804","0","4","0","8861","0","0","33955","0","0","0","0"
"1738","188","42.4530487560005","-76.47946870015066","0","4","0","14129","0","0","36396","0","0","0","0"
"1739","188","42.45295189188631","-76.47958947352676","0","4","0","13903","0","0","24096","0","0","0","0"
"1740","188","42.453077245997335","-76.47894657523943","0","4","0","637","0","0","2306","0","0","0","0"
"1741","188","42.45316514721935","-76.4791653341796","0","4","0","2147","0","0","20957","0","0","0","0"
"1742","188","42.45300164865292","-76.47910367532305","0","4","0","552","0","0","3037","0","0","0","0"
"1743","194","42.4473025372754","-76.4836465376461","0","4","0","0","0","0","9264","0","0","0","0"
"1744","194","42.447170766461014","-76.48368501406276","0","4","0","0","0","0","9551","0","0","0","0"
"1745","122","42.4473025372754","-76.4836465376461","0","0","0","0","0","0","0","1","0","0","0"
"1746","122","42.447170766461014","-76.48368501406276","0","0","0","0","0","0","0","1","0","0","0"
"1747","189","42.45353966940873","-76.47658712266224","0","2","0","0","10531","0","206","0","59646","0","0"
"1748","88","42.453916860604934","-76.47641178196609","0","2","0","0","1196","0","92","1","59970","0","0"
"1749","196","42.45552496705865","-76.47823875032154","0","2","0","0","9729","0","148","0","0","0","0"
"1750","196","42.455559822223336","-76.478379379091","0","2","0","0","13816","0","691","0","0","0","0"
"1751","196","42.45539906187102","-76.47848051029813","0","2","0","0","650","0","0","1","0","0","0"
"1752","189","42.45365185005099","-76.47650900772153","0","2","0","0","20760","0","137","0","60223","0","0"
"1753","113","47.65623763940235","-122.3095586328683","0","3","0","12","0","159","0","1","60211","0","0"
"1754","160","47.65161943075245","-122.30455431414481","0","1","0","3736","788","0","0","0","60562","0","0"
"1755","188","42.45296906865903","-76.47935748118854","0","4","0","446","0","0","13207","0","60616","0","0"
"1756","189","42.453756761414766","-76.4761373163035","0","2","0","0","31918","0","0","0","60900","0","0"
"1757","88","42.45391073000956","-76.47657691410522","0","2","0","0","4515","0","1172","0","60951","0","0"
"1758","158","47.65291004460093","-122.3112311582836","0","2","0","0","810","0","0","1","61015","0","0"
"1759","192","47.65137720515922","-122.30757899759955","0","1","0","2479","0","0","0","0","61045","0","0"
"1760","156","47.65172465403574","-122.31252352198679","0","1","0","126","0","0","0","1","61089","0","0"
"1761","128","47.65242111085605","-122.31000029318314","0","0","0","0","0","0","0","1","61132","0","0"
"1762","188","42.45320558592835","-76.47903591656166","0","4","0","3125","0","0","14214","0","61192","0","0"
"1763","116","47.65602586528074","-122.31092021600736","0","3","0","76","63","3416","19","0","61496","0","0"
"1764","188","42.45342877170932","-76.47906196443198","0","4","0","0","0","0","206","1","61610","0","0"
"1765","72","42.447681086622296","-76.48511821140585","0","2","0","0","37539","2315","11801","0","61731","0","0"
"1766","156","47.65241976753196","-122.31244515620436","0","1","0","191","0","0","0","1","62094","0","0"
"1767","197","47.65697791012266","-122.30875112652465","0","2","0","0","351","0","0","1","0","0","0"
"1768","197","47.656884655519704","-122.30857375745664","0","2","0","0","100","0","0","1","0","0","0"
"1769","198","47.65634612622025","-122.31181147868453","0","2","0","0","26914","0","0","0","0","0","0"
"1770","115","47.6566492444111","-122.30746577511593","0","3","0","0","0","1758","0","1","62154","0","0"
"1771","115","47.656831815677606","-122.30716563094983","0","3","0","0","0","1582","0","1","62154","0","0"
"1772","163","47.65329979285098","-122.31168933580989","0","0","0","0","82","0","0","1","62255","0","0"
"1773","199","42.45605401808461","-76.47664441043561","0","0","0","0","0","0","0","1","0","0","0"
"1774","199","42.45616909118792","-76.47656846046854","0","0","0","0","0","0","0","1","0","0","0"
"1775","199","42.45604520244434","-76.47679733828593","0","0","0","0","0","0","0","1","0","0","0"
"1776","200","47.655522572125996","-122.31476688580923","0","0","0","0","0","0","0","1","0","0","0"
"1777","200","47.65585507003997","-122.3150071015128","0","0","0","0","0","0","0","1","0","0","0"
"1778","200","47.65554261734475","-122.31451199639524","0","0","0","0","0","0","0","1","0","0","0"
"1779","201","47.65040588238629","-122.3073349406418","0","2","0","0","364","0","0","1","0","0","0"
"1780","201","47.650250640096246","-122.30725891207355","0","2","0","0","305","0","0","1","0","0","0"
"1781","201","47.6505018466831","-122.30670910314674","0","2","0","0","393","0","0","1","0","0","0"
"1782","194","42.44701486130114","-76.48365351532094","0","4","0","0","0","0","4010","0","62565","0","0"
"1783","80","42.44761644732855","-76.48371982956624","0","4","0","0","0","195","5904","0","62818","0","0"
"1784","135","42.447402835047505","-76.48445416432168","0","2","0","0","13161","0","0","0","62840","0","0"
"1785","166","47.65358075927781","-122.30591983119302","0","3","0","0","13","3332","0","0","62985","0","0"
"1786","198","47.65638745513735","-122.31194510465825","0","2","0","0","11910","0","0","0","63173","0","0"
"1787","166","47.65375292928236","-122.3060336845229","0","3","0","0","0","367","0","1","63297","0","0"
"1788","122","47.65542713159354","-122.30545417565187","0","1","0","196","0","0","0","1","63466","0","0"
"1789","186","42.45507356234846","-76.47805679501163","0","0","0","0","0","0","0","1","63503","0","0"
"1790","166","47.653540178352124","-122.30569251085885","0","3","0","0","27","309","0","1","63504","0","0"
"1791","194","42.447365068565844","-76.48352416218245","0","4","0","0","0","0","2296","0","63559","0","0"
"1792","124","47.65069711134485","-122.30341492999885","0","1","0","1357","170","0","0","1","63581","0","0"
"1793","88","42.45402229164222","-76.4766759716636","0","2","0","0","68798","0","21852","0","63600","0","0"
"1794","72","42.44743460420661","-76.48495881824944","0","2","0","0","419","0","41","1","63598","0","0"
"1795","120","47.653953884021135","-122.30634945256924","0","4","0","85","0","211","1744","1","63620","0","0"
"1796","203","47.655250979223204","-122.31400795912803","0","0","0","0","0","0","0","1","0","0","0"
"1797","203","47.655261810682056","-122.31434555492964","0","0","0","0","0","0","0","1","0","0","0"
"1798","204","47.65526432846588","-122.31346252309163","0","0","0","0","0","0","0","1","0","0","0"
"1799","95","42.44335213794817","-76.47828701945386","0","0","0","0","0","0","0","1","63664","0","0"
"1800","189","42.4537292092404","-76.47600489573064","0","2","0","0","1828","0","0","1","63782","0","0"
"1801","124","47.65080755906017","-122.30380245598967","0","1","0","191","0","0","0","1","63906","0","0"
"1802","170","47.65707411827666","-122.30649702359732","0","4","0","0","412","0","7420","0","63926","0","0"
"1803","194","42.44737036159949","-76.48337444893657","0","0","0","0","0","0","0","1","63939","0","0"
"1804","124","47.650847258256974","-122.30354823247454","0","1","0","148","0","0","0","1","63967","0","0"
"1805","88","42.454214624261276","-76.47683529513623","0","2","0","0","5130","0","171","0","64407","0","0"
"1806","152","47.65802794428679","-122.30842726928627","0","0","0","0","0","46","0","1","64792","0","0"
"1807","135","42.44737540523986","-76.48463582929202","0","2","0","0","462","0","0","1","64953","0","0"
"1808","88","42.45421623747166","-76.47666001598807","0","2","0","0","90051","37","1874","0","65024","0","0"
"1809","94","42.45304235014725","-76.4813058416391","0","0","0","0","0","0","0","1","65182","0","0"
"1810","201","47.65031199314152","-122.30706834324485","0","2","0","0","473","0","0","1","65584","0","0"
"1811","201","47.650444853915594","-122.30716873903746","0","2","0","0","432","0","0","1","65585","0","0"
"1812","201","47.650083196907595","-122.30713850072453","0","2","0","0","421","0","0","1","65589","0","0"
"1813","201","47.65040577197896","-122.30686826582902","0","2","0","0","360","0","0","1","65595","0","0"
"1814","201","47.65040804345957","-122.30649259044533","0","0","0","0","35","0","0","1","65611","0","0"
"1815","201","47.64994973604002","-122.30689133619715","0","0","0","0","31","0","0","1","65622","0","0"
"1816","156","47.65166870479172","-122.31239195027933","0","0","0","0","0","0","0","1","65766","0","0"
"1817","142","47.657560859518405","-122.30611338721755","0","2","0","0","2632","0","0","0","65856","0","0"
"1818","186","42.45475731836342","-76.47744001676888","0","4","0","0","0","0","180","1","65904","0","0"
"1819","93","42.45422940460856","-76.47905670553666","0","1","0","2115","0","0","0","0","66193","0","0"
"1820","95","42.44470706547694","-76.47768826793424","0","0","0","0","0","0","0","1","66293","0","0"
"1821","161","47.65464179808386","-122.30849603230234","0","0","0","0","0","0","32","1","66428","0","0"
"1822","72","42.44742236798407","-76.48566563112287","0","4","0","0","0","0","1422","1","66465","0","0"
"1823","152","47.658546811626785","-122.3083228789259","0","3","0","0","0","103","0","1","66957","0","0"
"1824","72","42.44777525658947","-76.48580086874296","0","4","0","0","0","0","3877","0","67155","0","0"
"1825","130","47.65319242554278","-122.30880883125911","0","4","0","91","0","0","13556","0","67176","0","0"
"1826","166","47.65311346576734","-122.30624918250933","0","3","0","0","0","121","0","1","67215","0","0"
"1827","111","42.456257025545945","-76.47787741083106","0","2","0","0","600","0","0","1","67447","0","0"
"1828","120","47.654198610138266","-122.30647920134057","0","3","0","0","0","422","0","1","67700","0","0"
"1829","94","42.45333924229225","-76.48159700356216","0","2","0","0","4201","0","0","0","67877","0","0"
"1830","94","42.45299746784311","-76.4818735332154","0","2","0","0","501","0","0","1","67915","0","0"
"1831","94","42.45328267052466","-76.48225256345273","0","2","0","0","20139","0","0","0","69397","0","0"
"1832","96","42.443389166100154","-76.48146353439884","0","1","0","312","0","0","0","1","71032","0","0"
"1915","214","47.654376688407574","-122.3107075446241","0","2","0","0","29164","27780","14","0","0","0","0"
"1914","214","47.65461658611293","-122.31058478624995","0","2","0","0","46255","20207","2587","0","0","0","0"
"1913","214","47.65448366720278","-122.31061565040912","0","2","0","0","33092","32527","14","0","0","0","0"
"2330","235","47.65476224625678","-122.30883185398679","0","4","0","0","0","547","134072","0","0","0","0"
"2329","235","47.65428472451942","-122.30840700800829","0","4","0","0","0","0","12010","0","0","0","0"
"2328","235","47.6543998207311","-122.30832663521895","0","4","0","0","0","0","8115","0","0","0","0"
"2327","235","47.65465995324158","-122.30872694809256","0","4","0","0","0","0","23327","0","0","0","0"
"2326","235","47.654501268516015","-122.30858977855905","0","4","0","0","0","0","9019","0","0","0","0"
"2325","235","47.65440422979797","-122.30849078376669","0","4","0","0","0","0","11451","0","0","0","0"
"2324","237","42.44421088746499","-76.4862933754921","0","0","0","0","0","0","62","1","0","1","0"
"2323","237","42.444026812721916","-76.48625046014786","0","0","0","0","0","0","0","1","0","1","0"
"2322","237","42.44376356510655","-76.48622900247574","0","0","0","0","0","0","0","1","0","1","0"
"1903","212","47.65875162146813","-122.30562392612691","0","2","0","0","50561","0","11","0","0","0","0"
"1902","212","47.658906181321534","-122.30571516281798","0","2","0","0","19893","0","0","0","0","0","0"
"1901","212","47.65874332602065","-122.30518283954821","0","2","0","0","149038","0","118","0","0","0","0"
"1900","212","47.65876383428016","-122.3053225013582","0","2","0","0","11236","0","75","0","0","0","0"
"1899","212","47.65888609254241","-122.3055704091696","0","2","0","0","8182","0","14","0","0","0","0"
"1898","212","47.65879642696809","-122.30545443951273","0","2","0","0","3547","0","110","0","0","0","0"
"2341","237","42.44410423590063","-76.48575554264222","0","4","0","0","0","0","27589","0","0","0","0"
"2340","237","42.44420261296389","-76.48548058164315","0","4","0","0","0","0","33136","0","0","0","0"
"2339","237","42.44414598290613","-76.4856089882136","0","4","0","0","0","0","152787","0","0","0","0"
"2338","237","42.443787541517814","-76.48551617380059","0","4","0","0","0","0","21031","0","0","0","0"
"2337","237","42.444066063827016","-76.48548601365842","0","4","0","0","0","0","37147","0","0","0","0"
"2336","235","47.654647557399905","-122.30857986022828","0","4","0","0","0","0","901","1","0","0","0"
"2335","235","47.654286724972266","-122.30857136516416","0","0","0","0","0","0","96","1","0","0","0"
"2334","235","47.654330120931675","-122.30815615243863","0","4","0","0","0","0","1138","1","0","0","0"
"2612","221","42.45450680208112","-76.47887136391907","0","2","0","0","8027","0","0","0","83777","0","0"
"1920","214","47.65431481722317","-122.31052737193268","0","3","0","0","129","5084","0","0","0","0","0"
"1919","214","47.65449706813521","-122.3110305831474","0","2","0","0","1343","941","0","1","0","0","0"
"1918","214","47.65437505924569","-122.31084942926381","0","2","0","0","46453","14182","0","0","0","0","0"
"1917","214","47.65477125886964","-122.31076838628444","0","4","0","0","39","78","620","1","0","0","0"
"1916","214","47.654752448065544","-122.31061634653516","0","4","0","0","7059","9994","11941","0","0","0","0"
"2111","209","42.4457160562182","-76.47986270073581","0","1","0","3883","0","0","3620","0","72406","0","0"
"2112","210","47.6574970181313","-122.30958178929218","0","3","0","0","0","2354","0","0","72446","0","0"
"1886","209","42.446259939869094","-76.48008352206163","0","4","0","3098","0","0","3959","0","0","0","0"
"2113","209","42.44569497689335","-76.48031995867571","0","1","0","644","0","0","20","1","72459","0","0"
"1884","209","42.44608525217371","-76.47998213768005","0","1","0","18109","0","0","10330","0","0","0","0"
"1883","209","42.44558648266908","-76.47989094257355","0","4","0","2412","0","0","3533","0","0","0","0"
"1882","209","42.44570523767323","-76.48010820150375","0","1","0","69020","0","0","9250","0","0","0","0"
"1881","209","42.44583388867368","-76.47998213768005","0","1","0","5088","0","0","3188","0","0","0","0"
"1880","209","42.445980352567986","-76.48012161254883","0","1","0","3972","0","0","23","0","0","0","0"
"1879","209","42.44592097535481","-76.4798453450203","0","4","0","784","0","0","1615","1","0","0","0"
"1878","209","42.446186193137926","-76.47998481988907","0","4","0","8478","0","0","22005","0","0","0","0"
"1877","209","42.445963402785395","-76.47994353227853","0","4","0","12062","0","0","48070","0","0","0","0"
"1921","216","47.656118555592194","-122.30440799016425","0","2","0","0","60937","0","43","0","0","0","0"
"1922","215","42.44714942291396","-76.48466220139721","0","2","0","0","119526","0","213","0","0","0","0"
"1923","215","42.44714550502495","-76.4847973420006","0","2","0","0","198339","0","10112","0","0","0","0"
"1924","215","42.44710257131339","-76.4845284819603","0","2","0","0","174803","0","29","0","0","0","0"
"1925","215","42.447117864517004","-76.48434845647488","0","2","0","0","236166","0","23576","0","0","0","0"
"1926","215","42.44732398775012","-76.48462764425912","0","4","0","0","56","0","37721","0","0","0","0"
"1927","215","42.44717580182026","-76.48424416780472","0","2","0","0","125567","0","59147","0","0","0","0"
"1928","215","42.447270803431316","-76.48480743169785","0","4","0","0","561","0","16168","0","0","0","0"
"1929","210","47.657347135946324","-122.31009315536821","0","3","0","850","21939","107810","0","0","0","0","0"
"1930","210","47.65727199200597","-122.31028254378879","0","3","0","40","0","1387","0","1","0","0","0"
"1931","210","47.65748528545156","-122.31002630819164","0","3","0","38","747","15686","0","0","0","0","0"
"1932","210","47.65736193567489","-122.30994770229714","0","3","0","45","8418","39585","0","0","0","0","0"
"1933","210","47.65723740639611","-122.30988501730353","0","3","0","1009","989","3607","0","0","0","0","0"
"2613","237","42.444275846648544","-76.486148491132","0","4","0","0","0","0","16749","0","83802","0","0"
"1935","210","47.657317687141","-122.30967069753177","0","3","0","0","0","648","0","1","0","0","0"
"1936","210","47.6575123432846","-122.3098581088535","0","3","0","0","0","8082","0","0","0","0","0"
"1962","214","47.65462757723303","-122.31120139360428","0","0","0","0","0","59","0","1","0","1","0"
"1938","217","44.938632007888394","-123.03067964504847","0","4","0","0","0","0","23765","0","0","0","0"
"1939","217","44.9386509869497","-123.03082489695335","0","4","0","0","0","0","20483","0","0","0","0"
"1940","217","44.93868774551738","-123.03095852203666","0","4","0","0","0","0","3410","0","0","0","0"
"1941","217","44.938651205590716","-123.0305217385074","0","4","554","0","0","0","55243","0","0","0","0"
"1942","217","44.93853685524223","-123.0314770849608","0","0","0","0","0","0","0","1","0","0","0"
"1943","217","44.93869343147928","-123.03118458912331","0","4","0","0","0","0","1431","1","0","0","0"
"1944","217","44.93852272402348","-123.03037097813188","0","4","554","0","0","0","38529","0","0","0","0"
"1945","217","44.938561860395176","-123.0302362938278","0","4","554","0","0","0","15235","0","0","0","0"
"1946","217","44.93856836470435","-123.03008653287678","0","4","554","0","0","0","79512","0","0","0","0"
"1947","217","44.93850944267773","-123.03133976237358","0","0","0","0","0","0","0","1","0","0","0"
"1948","217","44.93855030680026","-123.03116709808522","0","4","0","0","0","0","760","1","0","0","0"
"1949","218","42.450833046985174","-76.48530919101077","0","4","0","0","0","0","28779","0","0","0","0"
"1950","218","42.45084262801874","-76.48544412134136","0","4","0","0","0","0","363893","0","0","0","0"
"1951","218","42.45083068906838","-76.48517337926283","0","4","0","0","0","0","27341","0","0","0","0"
"1952","218","42.45083372604773","-76.48503681665963","0","4","0","0","0","0","112707","0","0","0","0"
"1953","218","42.450983786512126","-76.48504261266845","0","4","0","0","0","0","143213","0","0","0","0"
"2156","222","47.65954399076327","-122.31046675243172","0","0","0","0","0","0","0","1","0","0","0"
"2066","214","47.65454266082258","-122.31120675802231","0","0","0","0","30","0","0","1","0","1","0"
"1965","214","47.65467259492864","-122.31104582548141","0","0","0","0","0","60","0","1","0","1","0"
"1964","214","47.654670788199496","-122.31093049049377","0","0","0","0","1","77","0","1","0","1","0"
"1963","214","47.654732216955225","-122.31088489294052","0","0","0","0","20","85","25","1","0","1","0"
"2067","214","47.654504719403086","-122.31112897396088","0","2","0","0","582","123","0","1","0","1","7"
"2155","222","47.6594680555709","-122.31115907820373","0","0","0","0","0","0","0","1","0","0","0"
"1968","210","47.657478520397056","-122.31045842170715","0","0","0","0","0","55","0","1","0","1","0"
"1969","210","47.65732676308649","-122.31045842170715","0","3","0","1","0","274","0","1","0","1","7"
"1970","216","47.65598983438715","-122.30431616306305","0","2","0","0","159581","0","1187","0","0","1","415"
"1971","216","47.65631142306589","-122.30441808700562","0","2","0","0","48087","0","238","0","0","1","415"
"1972","216","47.65634755650152","-122.3042356967926","0","2","0","0","10129","0","155","0","0","1","415"
"1973","210","47.657323517069024","-122.31041049075279","0","3","0","0","0","155","0","1","71247","0","0"
"1974","210","47.65732020174229","-122.31041479710913","0","3","0","0","0","161","0","1","71259","0","0"
"1975","210","47.65737250142616","-122.30980834756686","0","3","0","0","0","840","0","1","71259","0","0"
"2152","222","47.659078674718664","-122.31055982077616","0","0","0","0","0","0","0","1","0","0","0"
"2098","214","47.654863839684786","-122.31050123559355","0","4","0","0","0","498","4244","0","72402","0","0"
"2140","222","47.659465777804094","-122.31038063764572","0","0","0","0","0","0","0","1","0","0","0"
"2614","235","47.65461738286278","-122.30903635267362","0","4","0","0","0","4027","27871","0","83826","0","0"
"2069","218","42.451011047517646","-76.48517489433289","0","4","0","0","0","0","134572","0","0","1","481"
"1981","217","44.938408585291164","-123.030486650656","0","4","554","0","0","0","830","1","71452","0","0"
"2141","222","47.659366506215996","-122.31049214370567","0","0","0","0","0","0","0","1","0","0","0"
"2095","214","47.65486386865652","-122.31050123123045","0","4","0","0","0","541","4244","0","72392","0","0"
"2137","216","47.656132120187515","-122.3041150875278","0","2","0","0","12657","0","7852","0","72759","0","0"
"2093","212","47.65860749520969","-122.30528045901336","0","0","0","0","0","0","45","1","72292","0","0"
"2092","212","47.65886494286338","-122.30510729925821","0","2","0","0","42796","0","0","0","72292","0","0"
"2321","237","42.44390013731575","-76.486636698246","0","0","0","0","0","0","0","1","0","1","0"
"1988","216","47.655999841338776","-122.30430600909737","0","2","0","0","170884","0","1692","0","71566","0","0"
"2320","237","42.44359730288484","-76.48663133382797","0","0","0","0","0","0","0","1","0","1","0"
"2091","217","44.938765764378346","-123.03059738503379","0","4","0","0","0","0","20347","0","72360","0","0"
"2319","237","42.44355771657653","-76.48618072271347","0","4","0","0","0","0","1415","1","0","1","474"
"1992","216","47.65599588896965","-122.30415995992038","0","2","0","0","116114","0","14125","0","71573","0","0"
"2082","215","42.44738757604756","-76.48423075675964","0","4","0","0","29738","0","74525","0","0","1","328"
"2081","215","42.4473796592669","-76.4843675494194","0","4","0","0","8525","0","46473","0","0","1","328"
"2531","227","42.44318541396995","-76.48076302162872","0","2","0","0","241","0","0","0","78356","0","0"
"2333","235","47.65410434167376","-122.30849508512736","0","4","0","0","0","0","28387","0","0","0","0"
"2332","235","47.65413509439886","-122.30864752318661","0","4","0","0","0","0","54519","0","0","0","0"
"1998","216","47.65598996861613","-122.30445233966717","0","2","0","0","60301","0","24","0","71578","0","0"
"2331","235","47.654197781879226","-122.30819564937339","0","4","0","0","0","0","2681","0","0","0","0"
"2314","237","42.444105355015","-76.48613592582238","0","4","0","0","0","0","4680","0","0","0","0"
"2606","235","47.65469622519972","-122.3092432710312","0","4","0","0","0","5841","13112","0","83143","0","0"
"2609","240","42.44949383797181","-76.4837964285089","0","1","0","108402","0","0","53171","0","83631","0","0"
"2610","229","47.65745494132014","-122.30570243987135","0","4","0","0","0","0","19332","0","83731","0","0"
"2607","240","42.449208366113965","-76.48412524314874","0","4","0","23","0","0","1038","0","83488","0","0"
"2611","218","42.45095667641584","-76.48551636781326","0","4","0","0","0","0","28269","0","83754","0","0"
"2608","240","42.449359743362486","-76.48407006978643","0","4","0","0","0","0","530","0","83599","0","0"
"2318","238","42.446605459278395","-76.48588836193085","0","2","0","0","37128","0","5296","0","0","1","328"
"2008","210","47.657477098609846","-122.30968866017129","0","3","0","0","0","1994","0","1","71811","0","0"
"2116","210","47.657632092782414","-122.30957727585205","0","3","0","0","0","4586","0","0","72476","0","0"
"2115","210","47.65763500013413","-122.3096413390213","0","3","0","0","0","5797","0","0","72473","0","0"
"2151","222","47.65929764123363","-122.31124090800483","0","0","0","0","0","0","0","1","0","0","0"
"2110","209","42.44570721692139","-76.47997945547104","0","1","0","67102","0","0","30969","0","72406","0","0"
"2109","217","44.93880106817689","-123.03044676333398","0","4","554","0","0","0","55748","0","72426","0","0"
"2108","216","47.65630955449904","-122.30419070452999","0","2","0","0","2103","0","64","0","71981","0","0"
"2139","222","47.65930543049053","-122.3103625576265","0","0","0","0","0","0","0","1","0","0","0"
"2104","216","47.65603339497677","-122.30430118415966","0","2","0","0","145310","0","2652","0","71981","0","0"
"2138","222","47.659464636556365","-122.31061426004517","0","0","0","0","0","0","0","1","0","0","0"
"2106","216","47.65634452042167","-122.30449962952476","0","2","0","0","3888","0","67","0","71981","0","0"
"2068","218","42.45086855355575","-76.485555768013","0","4","0","0","0","0","347691","0","0","1","481"
"2317","238","42.4462769079381","-76.48588836193085","0","2","0","0","54839","0","30263","0","0","1","328"
"2063","216","47.65622827820745","-122.30431081065684","0","2","0","0","39729","0","238","0","71966","0","0"
"2062","221","42.45455430939276","-76.47867640114637","0","2","0","15721","76890","0","0","0","0","0","0"
"2061","221","42.45398391980979","-76.47928942023665","0","0","0","0","48","0","0","1","0","0","0"
"2060","221","42.454291158014364","-76.47917217195294","0","2","0","1215","105566","0","0","0","0","0","0"
"2059","221","42.4541813693668","-76.47932109560931","0","2","0","615","29395","0","0","0","0","0","0"
"2058","221","42.4541818681877","-76.4794644038235","0","2","0","331","4732","0","0","0","0","0","0"
"2057","221","42.45427919346639","-76.47956618626553","0","2","0","11","1252","0","0","1","0","0","0"
"2056","221","42.454356532428605","-76.47974469435685","0","0","0","0","0","0","0","1","0","0","0"
"2055","221","42.4544409413185","-76.47961176263792","0","0","0","0","24","0","0","1","0","0","0"
"2054","221","42.454845615369585","-76.4798254081578","0","0","0","0","0","0","0","1","0","0","0"
"2053","221","42.454982571814405","-76.47953633736118","0","0","0","11","0","0","0","1","0","0","0"
"2052","221","42.45460627739693","-76.47978249012972","0","0","0","0","0","0","0","1","0","0","0"
"2051","221","42.45497885633103","-76.4792307936198","0","0","0","34","11","0","0","1","0","0","0"
"2050","221","42.45466569701786","-76.47963061149036","0","0","0","43","53","0","0","1","0","0","0"
"2049","221","42.4548761252342","-76.47931846610713","0","2","0","103","1397","0","0","1","0","0","0"
"2048","221","42.454796994333485","-76.4794369390986","0","2","0","618","5764","0","0","0","0","0","0"
"2047","221","42.45478849960916","-76.47957258793274","0","1","0","159","11","0","0","1","0","0","0"
"2117","210","47.657638582332524","-122.30979931902279","0","3","0","0","0","7592","0","0","72476","0","0"
"2150","222","47.65932827017118","-122.3106271532577","0","0","0","0","0","0","0","1","0","0","0"
"2149","222","47.659089887122704","-122.31035906490862","0","0","0","0","0","0","0","1","0","0","0"
"2120","210","47.6576677770509","-122.30964457392663","0","3","0","0","0","4813","0","0","72481","0","0"
"2148","222","47.65910879723937","-122.31011487875058","0","0","0","0","0","0","0","1","0","0","0"
"2147","222","47.659206033994884","-122.3102595570919","0","0","0","0","0","0","0","1","0","0","0"
"2146","222","47.659145771937496","-122.31124123496373","0","0","0","0","0","0","0","1","0","0","0"
"2145","222","47.65946802961976","-122.31134807044292","0","0","0","0","0","0","0","1","0","0","0"
"2144","222","47.659535557261776","-122.31013764849843","0","0","0","0","0","0","0","1","0","0","0"
"2126","210","47.65761294384969","-122.3099764954989","0","3","0","0","19","12515","0","0","72493","0","0"
"2143","222","47.659463235075464","-122.31077986635616","0","0","0","0","0","0","0","1","0","0","0"
"2128","210","47.65752605688677","-122.31028965984403","0","3","0","0","12","2472","0","0","72495","0","0"
"2129","210","47.65752578006574","-122.31029030827284","0","3","0","0","12","2450","0","0","72498","0","0"
"2154","222","47.65959122853785","-122.31032727688294","0","0","0","0","0","0","0","1","0","0","0"
"2153","222","47.65946500614798","-122.31093453828716","0","0","0","0","0","0","0","1","0","0","0"
"2142","222","47.65937526973849","-122.31014830603105","0","0","0","0","0","0","0","1","0","0","0"
"2136","210","47.65757969169238","-122.31028407812119","0","3","0","0","11","2532","0","0","0","1","7"
"2135","210","47.65757607843522","-122.3100346326828","0","3","0","0","80","19826","0","0","0","1","7"
"2157","222","47.65963904154114","-122.31070839571055","0","0","0","0","0","0","0","1","0","0","0"
"2158","222","47.65946620668322","-122.31148519589097","0","0","0","0","0","0","0","1","0","0","0"
"2159","222","47.659635715625285","-122.31097154471831","0","0","0","0","0","0","0","1","0","0","0"
"2160","222","47.65943457454995","-122.31162815445498","0","0","0","0","0","0","0","1","0","0","0"
"2161","222","47.65960842301574","-122.31124315231378","0","0","0","0","0","0","0","1","0","0","0"
"2162","222","47.65965233046704","-122.31156840134307","0","0","0","0","0","0","0","1","0","0","0"
"2163","222","47.659334513795024","-122.31001652562955","0","0","0","0","0","0","0","1","0","0","0"
"2164","222","47.65893457714033","-122.310243700709","0","0","0","0","0","0","0","1","0","0","0"
"2165","222","47.659651742686314","-122.31142487880787","0","0","0","0","0","0","0","1","0","0","0"
"2166","222","47.659229845761736","-122.31048399315151","0","0","0","0","0","0","0","1","0","0","0"
"2167","210","47.65777682289865","-122.3098617146608","0","3","0","0","0","5737","0","0","73085","0","0"
"2168","227","42.44360918381771","-76.48158702931372","0","1","0","1784","0","0","146","1","0","0","0"
"2169","227","42.44347505285956","-76.48146978919117","0","1","0","1269","0","0","48","1","0","0","0"
"2170","227","42.44373917600447","-76.48181490234731","0","1","0","317","0","0","46","1","0","0","0"
"2171","227","42.44361873695261","-76.48128844367729","0","0","0","85","0","0","35","1","0","0","0"
"2172","227","42.44358246971942","-76.48112265068306","0","0","0","0","0","0","0","1","0","0","0"
"2173","227","42.443398684095605","-76.48133010666938","0","1","0","277","0","0","12","1","0","0","0"
"2174","227","42.44351117404373","-76.48098978740855","0","0","0","23","0","0","0","1","0","0","0"
"2175","227","42.443482053091245","-76.48121797866207","0","0","0","48","0","0","0","1","0","0","0"
"2176","227","42.44332880047111","-76.48120075363785","0","2","0","78","6825","0","42","0","0","0","0"
"2177","227","42.44378973409453","-76.48161345210538","0","0","0","42","0","0","54","1","0","0","0"
"2178","227","42.44378164357799","-76.48134325960679","0","4","0","0","0","0","529","1","0","0","0"
"2179","227","42.44377779778309","-76.48196539992975","0","0","0","21","0","0","0","1","0","0","0"
"2180","227","42.44323389645749","-76.48094205069444","0","2","0","118","452","0","0","1","0","0","0"
"2181","227","42.443284285447426","-76.48106978090881","0","2","0","181","6994","0","0","0","0","0","0"
"2182","227","42.44368898337649","-76.48096214175544","0","0","0","0","0","0","0","1","0","0","0"
"2183","227","42.443607604786536","-76.4807276503337","0","0","0","0","0","0","0","1","0","0","0"
"2184","227","42.44337614047891","-76.48071697464866","0","1","0","1022","0","0","22","1","0","0","0"
"2185","227","42.44303571815387","-76.48098729305897","0","0","0","0","0","0","0","1","0","0","0"
"2186","210","47.65758621703651","-122.3101369158871","0","3","0","0","38","6780","0","0","73281","0","0"
"2187","216","47.65636216077681","-122.30434688668944","0","2","0","0","34715","0","311","0","73367","0","0"
"2188","212","47.65889090364194","-122.3052618402062","0","2","0","0","187989","0","0","0","73512","0","0"
"2189","214","47.654514596472204","-122.3108839844061","0","2","0","0","1610","0","0","1","73663","0","0"
"2190","228","42.444794116053906","-76.48302220155776","0","2","0","1938","3507","0","710","0","0","0","0"
"2191","228","42.44466446542436","-76.48295919047202","0","1","0","2690","160","0","0","0","0","0","0"
"2192","228","42.44460326689471","-76.4831696229869","0","1","0","3864","195","0","17","0","0","0","0"
"2193","228","42.44490376669539","-76.48293066315993","0","4","0","1137","4927","0","47874","0","0","0","0"
"2194","228","42.44472918991038","-76.48277462361166","0","0","0","11","0","0","0","1","0","0","0"
"2195","228","42.444776122894424","-76.48316770731971","0","1","0","2645","959","0","201","0","0","0","0"
"2196","228","42.44452376064464","-76.48294519166754","0","1","0","3912","685","0","0","0","0","0","0"
"2197","228","42.44425163091074","-76.48259133856664","0","4","0","74","0","0","2752","0","0","0","0"
"2198","228","42.444459295473045","-76.48306855514778","0","1","0","7313","5217","0","0","0","0","0","0"
"2199","228","42.44438516289779","-76.48283743691785","0","4","0","366","441","0","7010","0","0","0","0"
"2200","228","42.44437788670094","-76.48318044729865","0","2","0","11372","12265","0","30","0","0","0","0"
"2201","228","42.44490965025836","-76.48312430219305","0","2","0","3933","14404","0","6688","0","0","0","0"
"2202","228","42.44498880867896","-76.48253223856857","0","0","0","96","0","0","0","1","0","0","0"
"2203","214","47.654406997909504","-122.31113359276009","0","0","0","0","0","0","0","1","74068","0","0"
"2204","229","47.65786499909653","-122.3060830754276","0","2","0","0","69004","28697","10950","0","0","0","0"
"2205","229","47.65781159745604","-122.3062242741188","0","2","0","0","19606","9262","388","0","0","0","0"
"2206","229","47.657676951461795","-122.30607720647026","0","3","0","0","13447","38682","4637","0","0","0","0"
"2207","229","47.65761635472279","-122.30591739520715","0","3","0","0","3717","31225","17365","0","0","0","0"
"2208","229","47.657607722251434","-122.30623334491818","0","3","0","0","1263","1754","110","1","0","0","0"
"2209","230","47.65945411606504","-122.31037959443942","0","2","0","0","5292","52","0","0","0","0","0"
"2210","230","47.6592923417115","-122.31012578704855","0","2","0","0","14545","0","90","0","0","0","0"
"2211","230","47.659435276625175","-122.31007724923505","0","2","0","0","45232","68","12","0","0","0","0"
"2212","230","47.65935447417719","-122.31025660048908","0","2","0","0","26010","0","58","0","0","0","0"
"2213","230","47.659453055293085","-122.31054731513609","0","2","0","0","7079","0","0","0","0","0","0"
"2214","230","47.65945914083321","-122.31112270797972","0","2","0","0","22814","0","2100","0","0","0","0"
"2215","230","47.65913255622671","-122.31101672916493","0","0","0","0","85","0","0","1","0","0","0"
"2216","230","47.65919145898037","-122.31002216047042","0","2","0","0","3472","0","15","0","0","0","0"
"2217","230","47.659074051389915","-122.31012373114145","0","2","0","0","8334","0","0","0","0","0","0"
"2218","230","47.65931604446357","-122.31039358868394","0","2","0","0","707","0","0","1","0","0","0"
"2219","230","47.659286354958724","-122.31101535441202","0","0","0","0","75","0","0","1","0","0","0"
"2220","230","47.659063131094136","-122.3103271155715","0","2","0","0","845","0","0","1","0","0","0"
"2221","230","47.65945518371679","-122.31070394070979","0","2","0","0","4690","0","0","0","0","0","0"
"2222","230","47.65958169565879","-122.31008809390784","0","3","0","0","3382","4789","0","0","0","0","0"
"2223","230","47.65945875797875","-122.31093131353042","0","2","0","0","3666","0","83","0","0","0","0"
"2224","230","47.659534159473196","-122.31022966674172","0","2","0","0","8319","157","0","0","0","0","0"
"2225","230","47.65963094139895","-122.3104737280098","0","2","0","0","406","0","0","1","0","0","0"
"2226","230","47.65945759160552","-122.31126158867538","0","2","0","0","36595","0","1726","0","0","0","0"
"2227","230","47.65962814290548","-122.31074024432888","0","2","0","0","853","0","0","1","0","0","0"
"2228","230","47.659425866962835","-122.31140658144429","0","2","0","0","62527","0","307","0","0","0","0"
"2229","230","47.65960109142533","-122.31101549146402","0","2","0","0","1297","0","71","1","0","0","0"
"2230","230","47.6593223036242","-122.3112742886865","0","2","0","0","6208","0","119","0","0","0","0"
"2231","230","47.65958647790005","-122.31117179188854","0","2","0","0","5885","0","215","0","0","0","0"
"2232","230","47.658916517786224","-122.31000796800566","0","2","0","0","317","0","0","1","0","0","0"
"2233","230","47.659216059252124","-122.31024928536529","0","2","0","0","3840","0","17","0","0","0","0"
"2316","238","42.44670046175442","-76.48611903190613","0","2","0","0","116629","0","2457","0","0","1","328"
"2315","238","42.44684692362267","-76.48568451404572","0","4","0","0","1741","0","17285","0","0","1","481"
"2236","231","47.659700975297426","-122.30694962629569","0","4","0","0","0","0","1034","1","0","0","0"
"2237","231","47.6597025764468","-122.30708851150024","0","0","0","0","0","0","85","1","0","0","0"
"2238","231","47.6595812904207","-122.30688303596557","0","4","0","0","0","0","149","1","0","0","0"
"2239","231","47.65948520619864","-122.30670274167629","0","4","0","0","38","0","1221","1","0","0","0"
"2240","231","47.65941260728311","-122.30657391594264","0","2","0","0","6531","0","1745","0","0","0","0"
"2241","232","47.65666387561102","-122.30743344626183","0","3","0","31","0","5800","447","0","0","0","0"
"2242","232","47.65662033311046","-122.30759791543541","0","3","0","217","0","3150","669","0","0","0","0"
"2243","232","47.65675651586039","-122.30727978954744","0","3","0","0","0","4026","2023","0","0","0","0"
"2244","232","47.6565381992297","-122.3077412974435","0","3","0","40","0","2143","699","0","0","0","0"
"2245","232","47.65653922866156","-122.30792886567407","0","3","0","0","123","2261","39","0","0","0","0"
"2246","232","47.656631489592414","-122.308046279562","0","3","0","0","2817","4330","957","0","0","0","0"
"2247","232","47.6567710806502","-122.30752831070379","0","3","0","0","0","1491","0","1","0","0","0"
"2248","232","47.656531936445454","-122.30814607412663","0","3","0","0","39542","45135","1479","0","0","0","0"
"2249","232","47.65641363788647","-122.30781305136125","0","3","0","0","0","523","18","1","0","0","0"
"2250","232","47.65684963797562","-122.30717844955083","0","4","0","0","97","9313","80563","0","0","0","0"
"2251","232","47.6569805337628","-122.30732701934674","0","3","0","0","0","1142","0","1","0","0","0"
"2252","232","47.6568040187833","-122.30702527430854","0","4","0","0","15","20190","72117","0","0","0","0"
"2253","232","47.656954928870164","-122.30700214590584","0","3","0","0","0","266","103","1","0","0","0"
"2254","232","47.65676441784368","-122.30771042093176","0","3","0","0","0","1572","0","1","0","0","0"
"2255","218","42.450730016804506","-76.48553808699835","0","4","0","0","0","0","78476","0","74644","0","0"
"2256","229","47.657886697237544","-122.30590485297765","0","3","0","0","187","2456","13","0","74758","0","0"
"2257","233","42.45032728978234","-76.48525035018447","0","4","0","0","0","1250","78975","0","0","0","0"
"2258","233","42.45019173345057","-76.485247994014","0","4","0","0","0","1667","20019","0","0","0","0"
"2259","233","42.45006833913724","-76.48532586268541","0","4","0","0","0","15051","56116","0","0","0","0"
"2260","233","42.450437701468594","-76.48532919303204","0","4","0","0","0","80","206042","0","0","0","0"
"2261","233","42.45007784207896","-76.48551906449973","0","4","0","0","0","526","106029","0","0","0","0"
"2262","233","42.44998071964945","-76.48502973724945","0","0","0","0","0","0","0","1","0","0","0"
"2263","233","42.45019680648267","-76.48506873182117","0","0","0","0","0","0","41","1","0","0","0"
"2287","236","42.45268918083667","-76.48165308528976","0","0","0","0","0","0","0","1","0","0","0"
"2286","236","42.453207370450976","-76.48167170802076","0","0","0","0","0","0","0","1","0","0","0"
"2285","236","42.45305847690721","-76.48187188868692","0","2","0","0","38377","0","138","0","0","0","0"
"2284","236","42.452962095681926","-76.48167747041852","0","2","0","0","262","0","0","1","0","0","0"
"2283","236","42.45291495087564","-76.48186549167123","0","2","0","0","45687","0","43","0","0","0","0"
"2282","236","42.45280233707121","-76.48176164052379","0","2","0","0","6396","0","0","0","0","0","0"
"2281","236","42.45278101301968","-76.48189770651214","0","2","0","0","13169","0","0","0","0","0","0"
"2280","232","47.65685618365131","-122.30788356546879","0","3","0","0","0","405","0","1","75254","0","0"
"2279","43","47.653073163516694","-122.30588793754578","0","0","0","0","0","0","0","1","0","1","0"
"2278","43","47.65316711622354","-122.3061454296112","0","0","0","0","0","0","0","1","0","1","0"
"2277","43","47.65323216030621","-122.3063600063324","0","0","0","0","0","0","0","1","0","1","0"
"2276","43","47.65357845849318","-122.30718612670898","0","0","0","0","0","0","0","1","0","1","0"
"2288","236","42.45291718163196","-76.48152739436368","0","0","0","0","0","0","0","1","0","0","0"
"2289","236","42.453285912108875","-76.48210069894822","0","2","0","0","100588","0","7616","0","0","0","0"
"2290","236","42.452985961519616","-76.48138003487088","0","0","0","0","0","0","0","1","0","0","0"
"2291","236","42.45319893015098","-76.48198782131291","0","2","0","0","838","0","0","1","0","0","0"
"2292","236","42.453254018053165","-76.48183609491117","0","0","0","0","0","0","0","1","0","0","0"
"2293","236","42.453122487745276","-76.4813124277454","0","0","0","0","0","0","0","1","0","0","0"
"2294","236","42.45334104843649","-76.48159681982698","0","0","0","0","0","0","0","1","0","0","0"
"2295","236","42.45329665131581","-76.48225557854379","0","2","0","0","111008","0","16353","0","0","0","0"
"2296","222","47.65881872307142","-122.31122553348541","0","0","0","0","0","0","0","1","0","1","0"
"2297","222","47.65884040209473","-122.31148302555084","0","0","0","0","0","0","0","1","0","1","0"
"2298","228","42.445041856161644","-76.48231029510498","0","0","0","0","0","0","0","1","0","1","0"
"2299","228","42.44488351442941","-76.48218154907227","0","0","0","0","0","0","0","1","0","1","0"
"2300","228","42.44470933806169","-76.48216545581818","0","0","0","0","0","0","0","1","0","1","0"
"2301","228","42.444685586701304","-76.48172557353973","0","0","0","0","0","0","0","1","0","1","0"
"2302","228","42.44453516120972","-76.48169875144958","0","0","0","0","0","0","0","1","0","1","0"
"2303","228","42.444293687954854","-76.48203134536743","0","0","0","0","0","0","0","1","0","1","0"
"2304","233","42.45033650724347","-76.4854833483696","0","4","0","0","0","0","145396","0","0","1","481"
"2305","236","42.453087398427726","-76.48208767175674","0","2","0","0","15104","0","2860","0","0","1","328"
"2306","236","42.4529884476023","-76.48231565952301","0","4","0","0","15950","0","133368","0","0","1","328"
"2307","236","42.45314083180843","-76.48230761289597","0","4","0","0","8993","0","36347","0","0","1","328"
"2308","221","42.455032739905924","-76.47880733013153","0","0","0","0","0","0","0","1","0","1","0"
"2309","221","42.454824949446405","-76.47848814725876","0","2","0","736","8549","0","0","0","0","1","516"
"2310","221","42.45475172788211","-76.47894948720932","0","2","0","212","88771","0","0","0","0","1","328"
"2311","227","42.44318164540015","-76.48203670978546","0","0","0","0","0","0","0","1","0","1","0"
"2312","227","42.44318956271134","-76.4815217256546","0","1","0","425","0","0","0","1","0","1","558"
"2313","227","42.443403329735155","-76.48220300674438","0","0","0","0","0","0","0","1","0","1","0"
"2342","237","42.44392794809371","-76.48553881120769","0","4","0","0","0","0","4744","0","0","0","0"
"2343","237","42.44365432196254","-76.48554442290724","0","4","0","0","0","0","112235","0","0","0","0"
"2344","238","42.44662972975582","-76.48539404824575","0","4","0","0","274","0","4711","0","0","0","0"
"2345","238","42.44656214409606","-76.48526655913786","0","4","0","0","11","0","1600","1","0","0","0"
"2346","238","42.44677438408881","-76.48534528218157","0","4","0","0","28","0","67368","0","0","0","0"
"2347","238","42.446495664148664","-76.48543733121197","0","4","0","0","0","0","530","1","0","0","0"
"2348","238","42.44636229610705","-76.48539666355886","0","4","0","0","26","0","21840","0","0","0","0"
"2349","238","42.4464279463998","-76.48524240248005","0","4","0","0","0","0","629","1","0","0","0"
"2350","238","42.44629847167408","-76.48553704105821","0","4","0","0","230","0","40913","0","0","0","0"
"2351","238","42.44627884739297","-76.48521485456453","0","4","0","0","0","0","7825","0","0","0","0"
"2352","238","42.44675105264636","-76.48520624246852","0","4","0","0","0","0","9860","0","0","0","0"
"2353","216","47.65609085801955","-122.3041820526123","0","2","0","0","18596","0","17905","0","0","1","415"
"2354","216","47.65603665759028","-122.30408549308777","0","4","0","0","681","0","2786","0","0","1","415"
"2355","216","47.655953550156106","-122.30405330657959","0","4","0","0","19","0","1343","1","0","1","93"
"2356","216","47.655939096675795","-122.3039647936821","0","0","0","0","0","0","0","1","0","1","0"
"2357","216","47.65632572589632","-122.30409353971481","0","0","0","0","0","0","0","1","0","1","0"
"2358","216","47.65629681913774","-122.30396211147308","0","0","0","0","0","0","0","1","0","1","0"
"2359","216","47.656148671748795","-122.30384141206741","0","0","0","0","0","0","0","1","0","1","0"
"2360","229","47.657926412674506","-122.30597913265228","0","3","0","0","0","21032","888","0","0","1","7"
"2361","229","47.657971578068135","-122.30585306882858","0","3","0","0","0","14310","0","0","0","1","7"
"2362","229","47.657859567820225","-122.30578064918518","0","0","0","0","0","0","12","1","0","1","0"
"2363","229","47.65748198311752","-122.30584233999252","0","3","0","0","0","26897","16513","0","0","1","93"
"2364","229","47.657420557596645","-122.30572432279587","0","4","0","0","0","512","20700","0","0","1","7"
"2365","229","47.65742959076599","-122.30553656816483","0","4","0","0","0","0","574","1","0","1","93"
"2366","229","47.65754702182556","-122.30557143688202","0","4","0","0","0","0","234","1","0","1","93"
"2367","229","47.6576391598566","-122.30570286512375","0","3","0","0","0","132","50","1","0","1","7"
"2368","229","47.65773129772508","-122.30583429336548","0","0","0","0","0","23","69","1","0","1","0"
"2369","212","47.65893464550362","-122.30525761842728","0","2","0","0","107800","0","0","0","0","1","415"
"2370","212","47.658985229765015","-122.30559289455414","0","2","0","0","125908","0","0","0","0","1","415"
"2371","212","47.65895993764046","-122.30546683073044","0","2","0","0","77960","0","16","0","0","1","415"
"2372","212","47.65883347683377","-122.30523347854614","0","2","0","0","22930","0","23","0","0","1","415"
"2373","215","42.447272782630016","-76.4842227101326","0","2","0","0","75164","0","67102","0","0","1","328"
"2374","228","42.44436907848563","-76.48268280196032","0","4","0","226","108","0","2996","0","75634","0","0"
"2375","227","42.44363431990064","-76.48172023822387","0","1","0","1233","0","0","193","1","75709","0","0"
"2376","237","42.4441856669584","-76.48601601758727","0","4","0","0","0","0","179240","0","75739","0","0"
"2377","237","42.44433493763491","-76.4856226592143","0","4","0","0","0","0","4552","0","75739","0","0"
"2378","221","42.45408623461693","-76.47916979378289","0","2","0","0","9372","0","0","0","75762","0","0"
"2379","228","42.44431958788942","-76.48300246358828","0","2","0","1070","5994","0","1399","0","75812","0","0"
"2380","210","47.65716727637536","-122.30976870363432","0","0","0","0","0","95","0","1","75953","0","0"
"2381","237","42.44409506069533","-76.48589164525791","0","4","0","0","0","0","34405","0","76005","0","0"
"2382","221","42.45419029662812","-76.47907604012477","0","2","0","73","6345","0","0","0","76157","0","0"
"2383","238","42.44675953282112","-76.48550007444798","0","4","0","0","1329","0","116424","0","76190","0","0"
"2384","229","47.658058104218426","-122.30602037557976","0","3","0","0","0","4998","0","0","76203","0","0"
"2385","232","47.65675164708997","-122.30689644813538","0","4","0","0","0","14782","27937","0","0","1","93"
"2386","232","47.65660711431596","-122.30701446533203","0","4","0","0","0","131","1393","1","0","1","93"
"2387","232","47.65646258114189","-122.30718612670898","0","0","0","0","0","0","0","1","0","1","0"
"2388","232","47.65635418099875","-122.30730414390564","0","0","0","0","0","0","0","1","0","1","0"
"2389","232","47.65628914080485","-122.30756163597107","0","0","0","0","0","0","0","1","0","1","0"
"2390","232","47.656137380037386","-122.30758309364319","0","0","0","0","0","0","0","1","0","1","0"
"2391","232","47.65620242042033","-122.30782985687256","0","0","0","0","19","0","0","1","0","1","0"
"2392","232","47.65633972762935","-122.30802297592163","0","4","0","0","13","1845","11206","0","0","1","7"
"2431","237","42.44361280753557","-76.4858990907669","0","4","0","0","0","0","74736","0","0","1","474"
"2394","235","47.65469623295327","-122.30925679206848","0","4","0","0","0","4838","15955","0","0","1","93"
"2427","231","47.65956333212908","-122.30632781982422","0","0","0","0","22","0","0","1","0","1","0"
"2396","235","47.65461312338569","-122.30896711349487","0","4","0","0","0","2433","14627","0","0","1","93"
"2419","230","47.65915866114637","-122.31148302555084","0","0","0","0","13","0","0","1","0","1","0"
"2398","235","47.65440354214958","-122.30875253677368","0","0","0","0","0","0","97","1","0","1","0"
"2418","230","47.659321252543165","-122.31148302555084","0","2","0","0","3612","0","0","0","0","1","415"
"2400","235","47.654255389389014","-122.30863988399506","0","4","0","0","0","0","416","1","0","1","93"
"2426","231","47.65967172560972","-122.30649948120117","0","0","0","0","0","0","0","1","0","1","0"
"2402","235","47.654154211652454","-122.30898857116699","0","0","0","0","0","0","23","1","0","1","0"
"2422","230","47.65881541097925","-122.31125771999359","0","0","0","0","0","0","0","1","0","1","0"
"2425","231","47.659765666444244","-122.30666041374207","0","4","0","0","0","0","106","1","0","1","96"
"2405","235","47.65401328519268","-122.30934262275696","0","0","0","0","0","0","0","1","0","1","0"
"2421","230","47.65881902415064","-122.31148838996887","0","0","0","0","0","0","0","1","0","1","0"
"2407","235","47.65394462857448","-122.3095840215683","0","0","0","0","0","0","0","1","0","1","0"
"2424","231","47.65979457128239","-122.30684280395508","0","4","0","0","45","0","8504","0","0","1","93"
"2409","235","47.653825382654695","-122.30932652950287","0","0","0","0","0","0","0","1","0","1","0"
"2420","230","47.65897077712392","-122.31149911880493","0","0","0","0","0","0","0","1","0","1","0"
"2423","230","47.65903220082104","-122.31110215187073","0","0","0","0","0","0","0","1","0","1","0"
"2417","235","47.65396269611434","-122.30876326560974","0","4","0","0","1353","24","261343","0","0","1","90"
"2416","235","47.653926561028385","-122.3091173171997","0","0","0","0","0","0","0","1","0","1","0"
"2415","235","47.654873292025776","-122.30895102024078","0","4","0","0","0","6848","67665","0","0","1","93"
"2428","231","47.65947300405664","-122.30617225170135","0","2","0","0","297","0","54","1","0","1","415"
"2429","231","47.65936461016345","-122.30626881122589","0","4","0","0","20806","0","64736","0","0","1","415"
"2430","231","47.6592887343043","-122.30643510818481","0","2","0","0","32243","0","8256","0","0","1","415"
"2432","237","42.44359697301918","-76.48560404777527","0","4","0","0","0","0","110080","0","0","1","481"
"2433","227","42.44320539733072","-76.4812695980072","0","0","0","73","0","0","35","1","0","1","0"
"2434","228","42.444202970282866","-76.48228347301483","0","0","0","0","0","0","0","1","0","1","0"
"2435","228","42.444115881213506","-76.48256242275238","0","4","0","0","0","0","606","1","0","1","481"
"2605","221","42.454559952749","-76.47900004462682","0","2","0","0","5959","0","0","0","83076","0","0"
"2604","227","42.443664599551546","-76.4823317527771","0","0","0","0","0","0","0","0","0","1","0"
"2603","227","42.44317372808798","-76.48177921772003","0","0","0","0","0","0","0","0","0","1","0"
"2602","228","42.4450421860197","-76.48277699947357","0","0","0","0","0","0","83","0","0","1","0"
"2440","238","42.44679301160662","-76.48566893973262","0","4","0","0","3626","0","33971","0","76225","0","0"
"2441","218","42.45096190031118","-76.48540958762169","0","4","0","0","0","0","144997","0","0","1","481"
"2442","233","42.45044931594828","-76.48548603057861","0","4","0","0","0","0","126720","0","0","1","481"
"2536","233","42.45025338490993","-76.48546725511551","0","4","0","0","0","0","147088","0","0","1","481"
"2444","233","42.4501346385278","-76.48547261953354","0","4","0","0","0","39","143888","0","0","1","481"
"2445","229","47.65801743440151","-122.3058703939042","0","3","0","0","0","11805","0","0","76240","0","0"
"2446","238","42.446839171697995","-76.48583739995956","0","2","0","0","10076","0","59","0","0","1","328"
"2447","238","42.446752086293294","-76.48599028587341","0","2","0","0","69128","0","611","0","0","1","328"
"2448","238","42.44651260080617","-76.4858803153038","0","2","0","0","68113","0","9593","0","0","1","328"
"2449","238","42.44639780578527","-76.48587763309479","0","2","0","0","93768","0","13320","0","0","1","328"
"2450","238","42.44661947873998","-76.48605734109879","0","2","0","0","177543","0","7619","0","0","1","328"
"2451","238","42.44625728055949","-76.48575693368912","0","2","0","0","1985","0","769","1","0","1","328"
"2452","215","42.44731830418284","-76.48460626602173","0","4","0","0","15826","0","34040","0","0","1","328"
"2453","218","42.45095794214683","-76.48552358150482","0","4","0","0","0","0","258094","0","0","1","481"
"2454","218","42.45096981663909","-76.48530498147011","0","4","0","0","0","0","178446","0","0","1","481"
"2455","239","47.65549151086803","-122.30561491811338","0","4","0","0","2347","28386","29004","0","0","0","0"
"2456","239","47.65547974559817","-122.30577884814586","0","3","0","0","106","17752","779","0","0","0","0"
"2457","239","47.655347548260316","-122.30560649441082","0","3","0","0","778","26049","9815","0","0","0","0"
"2458","239","47.65534665169044","-122.30580603093834","0","3","0","0","1167","19120","3333","0","0","0","0"
"2459","239","47.65520040189043","-122.30565047095867","0","4","0","0","5839","13935","38269","0","0","0","0"
"2460","239","47.65518779450661","-122.30590003624367","0","4","0","0","8168","6725","11823","0","0","0","0"
"2461","239","47.65562688819031","-122.30572088772686","0","3","0","0","0","7914","231","0","0","0","0"
"2462","221","42.4544458964072","-76.4793988537424","0","2","0","87","102956","0","0","0","76356","0","0"
"2463","215","42.44732622097127","-76.48425757884979","0","2","0","0","107905","0","100367","0","76431","0","0"
"2464","221","42.45434207828276","-76.47903440079781","0","2","0","287","20212","0","0","0","76577","0","0"
"2465","221","42.45439505798247","-76.47927162125131","0","2","0","189","43756","0","0","0","76588","0","0"
"2466","221","42.454311612985485","-76.47942531584664","0","2","0","11","12787","0","0","0","76691","0","0"
"2467","215","42.447150072192464","-76.48408323526382","0","4","0","0","4671","0","7409","0","76692","0","0"
"2468","237","42.444467865478146","-76.48601174354553","0","4","0","0","0","0","24084","0","0","1","481"
"2633","241","42.444988745730086","-76.48623168468475","0","0","0","0","0","0","0","0","0","1","0"
"2470","233","42.450188138898724","-76.48543713813477","0","4","0","0","0","26","181330","0","76843","0","0"
"2471","218","42.45097934116081","-76.48519445293243","0","4","0","0","0","0","139436","0","76961","0","0"
"2472","221","42.45455227869725","-76.47952207873713","0","2","0","24","54554","0","0","0","77149","0","0"
"2530","215","42.44729257461357","-76.4844761788845","0","4","0","0","0","0","173","0","0","1","481"
"2474","221","42.454882174358154","-76.47911041975021","0","2","0","37","14534","0","0","0","0","1","328"
"2475","221","42.45464802320976","-76.47942227760346","0","2","0","252","22168","0","0","0","77433","0","0"
"2476","218","42.450975323180316","-76.48533132302677","0","4","0","0","0","0","101006","0","77434","0","0"
"2697","244","38.888532659770945","-77.0240369457507","0","2","647","0","2613","0","0","0","0","0","0"
"2696","244","38.88818629857087","-77.02435447800514","0","2","647","0","423","0","0","0","0","0","0"
"2695","244","38.88857472754683","-77.02502826173041","0","2","647","0","1293","0","0","0","0","0","0"
"2694","244","38.888543958653074","-77.02476423350325","0","2","647","0","1878","0","0","0","0","0","0"
"2693","244","38.88855092342834","-77.02418544031649","0","2","647","0","1940","0","0","0","0","0","0"
"2692","244","38.888514030248906","-77.02490449855883","0","2","647","0","2317","0","0","0","0","0","0"
"2691","244","38.88854420827374","-77.02448779238065","0","2","647","0","9926","0","0","0","0","0","0"
"2690","244","38.888575457375644","-77.02435432646111","0","2","647","0","7226","0","0","0","0","0","0"
"2689","244","38.8885439616077","-77.02462560462135","0","2","647","0","5484","0","0","0","0","0","0"
"2486","235","47.654016236694794","-122.30871231724775","0","4","0","0","651","19","248991","0","77455","0","0"
"2487","238","42.4467319476558","-76.48582998962624","0","2","0","0","16816","0","663","0","77495","0","0"
"2488","235","47.65409414076594","-122.30834730483973","0","4","0","0","0","0","2687","0","77555","0","0"
"2489","221","42.45472587251937","-76.4792871368488","0","2","0","466","20171","0","0","0","77665","0","0"
"2490","233","42.45038815951804","-76.48548351474","0","4","0","0","0","0","126710","0","77879","0","0"
"2491","221","42.45480334926755","-76.47917645361407","0","2","0","136","17907","0","0","0","77930","0","0"
"2492","221","42.454599736476915","-76.47917049664491","0","2","0","125","8082","0","0","0","77958","0","0"
"2493","235","47.654778768694825","-122.30862474966722","0","4","0","0","0","0","253","1","77999","0","0"
"2494","239","47.655440678669756","-122.30548547527823","0","3","0","0","846","8083","436","0","78060","0","0"
"2495","221","42.45469683134918","-76.47898333079327","0","2","0","375","98931","0","0","0","78104","0","0"
"2496","239","47.65574382375147","-122.30536758899689","0","0","0","0","0","0","0","1","0","1","0"
"2497","239","47.65569323634967","-122.3051369190216","0","0","0","0","0","0","0","1","0","1","0"
"2498","239","47.65547643264404","-122.30491697788239","0","0","0","0","0","0","0","1","0","1","0"
"2499","239","47.65515483882273","-122.30472385883331","0","0","0","0","0","0","0","1","0","1","0"
"2500","239","47.65493080600145","-122.30510473251343","0","0","0","0","0","0","0","1","0","1","0"
"2501","239","47.654667024189436","-122.30530321598053","0","0","0","0","0","0","0","0","0","1","0"
"2502","239","47.65489467158542","-122.30557143688202","0","4","0","0","124","316","55311","0","0","1","415"
"2638","241","42.44480863182567","-76.48597687482834","0","0","0","0","0","0","0","0","0","1","0"
"2636","241","42.444846238068266","-76.4857167005539","0","4","0","0","0","0","1298","0","0","1","481"
"2635","241","42.444763108449166","-76.48616999387741","0","0","0","0","0","0","0","0","0","1","0"
"2637","241","42.444685916561234","-76.48570328950882","0","4","0","0","0","0","127","0","0","1","481"
"2631","241","42.44502041405536","-76.48582935333252","0","0","0","0","0","0","0","0","0","1","0"
"2508","237","42.444499534066715","-76.48629605770111","0","0","0","0","0","0","0","0","0","1","0"
"2509","221","42.45464882175514","-76.4785498380661","0","2","0","11530","96133","0","0","0","0","1","516"
"2510","221","42.454953581716936","-76.47894144058228","0","0","0","0","0","0","0","0","0","1","0"
"2511","221","42.454652779686214","-76.47878050804138","0","2","0","7815","61034","0","0","0","0","1","516"
"2512","239","47.65500668819372","-122.30477750301361","0","0","0","0","0","0","0","0","0","1","0"
"2513","239","47.65507895684574","-122.30563580989838","0","4","0","0","3952","7542","50695","0","0","1","415"
"2514","239","47.65586306529036","-122.30522274971008","0","0","0","0","0","0","0","0","0","1","0"
"2515","209","42.44612423127548","-76.4801383397277","0","1","0","1728","0","0","0","0","75062","0","0"
"2516","209","42.44584537914784","-76.48013327396619","0","1","0","1646","0","0","0","0","75062","0","0"
"2517","209","42.446271831902976","-76.48035489273568","0","0","0","0","0","0","0","0","75062","0","0"
"2518","237","42.443962866482146","-76.4853806855805","0","4","0","0","0","0","2116","0","78359","0","0"
"2519","237","42.44369615609254","-76.48540726385015","0","4","0","0","0","0","5661","0","78359","0","0"
"2520","215","42.44731236659087","-76.4840966463089","0","4","0","0","0","0","4354","0","77779","0","0"
"2521","238","42.446251794833714","-76.4856688397446","0","4","0","0","1969","0","6663","0","78357","0","0"
"2522","238","42.446699972456905","-76.48599479147067","0","2","0","0","139128","0","2987","0","78357","0","0"
"2523","238","42.44687249330086","-76.485778569459","0","2","0","0","4522","0","47","0","78357","0","0"
"2524","233","42.45003791340237","-76.48518711614572","0","4","0","0","0","0","2220","0","78336","0","0"
"2525","236","42.453082854748764","-76.48173788087503","0","2","0","0","112","0","14","0","78345","0","0"
"2526","236","42.452850934210524","-76.48138307662438","0","0","0","0","0","0","0","0","78345","0","0"
"2527","236","42.45326524732192","-76.48148101392526","0","0","0","0","0","0","0","0","78345","0","0"
"2528","212","47.65902674266849","-122.30561355330526","0","2","0","0","117268","0","0","0","78358","0","0"
"2529","212","47.65900926495005","-122.30544393130275","0","2","0","0","76049","0","0","0","78358","0","0"
"2532","221","42.454882503113716","-76.47967862414157","0","0","0","0","0","0","0","0","78355","0","0"
"2533","221","42.45400866407488","-76.47945024995941","0","0","0","0","0","0","0","0","78355","0","0"
"2534","221","42.454627555773556","-76.47879447675528","0","2","0","7493","58722","0","0","0","78355","0","0"
"2535","221","42.45455040177204","-76.47930527477115","0","0","0","14","11","0","0","0","78355","0","0"
"2537","237","42.44363960721768","-76.48568688719538","0","4","0","0","0","0","114179","0","78446","0","0"
"2538","221","42.45468973080017","-76.47857023805167","0","2","0","11289","102724","0","0","0","78471","0","0"
"2539","238","42.4468435050787","-76.48595409130914","0","2","0","0","4270","0","30","0","78514","0","0"
"2540","238","42.446646580638216","-76.4856794051103","0","2","0","0","4872","0","158","0","78611","0","0"
"2541","221","42.45455305994935","-76.47837367840978","0","0","0","0","78","0","0","0","78702","0","0"
"2542","236","42.453199135565114","-76.48238292381924","0","4","0","0","6059","0","116183","0","78730","0","0"
"2543","231","47.6597582186913","-122.30676629535432","0","4","0","0","92","0","9874","0","78761","0","0"
"2544","231","47.65945299569768","-122.3064418811919","0","2","0","0","39324","0","5738","0","78761","0","0"
"2545","231","47.659337356068335","-122.30636024918375","0","2","0","0","43995","0","15803","0","78811","0","0"
"2546","232","47.656386990080975","-122.30817489134878","0","3","0","0","12879","84678","26207","0","78817","0","0"
"2547","239","47.65501737352988","-122.30560746120888","0","4","0","0","1017","417","66348","0","78822","0","0"
"2548","238","42.44686386539414","-76.48618671696156","0","2","0","0","944","0","0","0","78847","0","0"
"2549","239","47.65512205533007","-122.30576427873476","0","4","0","0","6173","6543","19417","0","78919","0","0"
"2550","236","42.453114735692836","-76.48225993019672","0","4","0","0","1517","0","7692","0","78930","0","0"
"2551","231","47.65986201636502","-122.30696890392949","0","4","0","0","291","0","2928","0","79043","0","0"
"2553","231","47.659320458147775","-122.30621793112236","0","4","0","0","16948","0","174319","0","79360","0","0"
"2554","231","47.659620553862915","-122.30675100251749","0","4","0","0","143","0","3032","0","79494","0","0"
"2555","231","47.65947270069428","-122.30621548315949","0","2","0","0","405","0","51","0","79543","0","0"
"2556","235","47.65479605932141","-122.30899364889574","0","4","0","0","0","31474","119016","0","79590","0","0"
"2557","236","42.453053443952584","-76.48206129113997","0","2","0","0","15536","0","1223","0","79655","0","0"
"2558","221","42.4548095713968","-76.47884093335043","0","2","0","0","10763","0","0","0","79662","0","0"
"2559","236","42.452836810067865","-76.48202591641743","0","2","0","0","2231","0","0","0","79970","0","0"
"2560","239","47.6549875370996","-122.30575260575468","0","4","0","0","0","317","22513","0","80638","0","0"
"2561","212","47.65898782326329","-122.30516364165268","0","2","0","0","67039","0","0","0","80775","0","0"
"2562","235","47.653952195606884","-122.30890749315219","0","4","0","0","607","0","50232","0","80928","0","0"
"2563","239","47.65489954361163","-122.30553026168207","0","4","0","0","20","292","35041","0","80948","0","0"
"2564","239","47.6548499389478","-122.30568421173118","0","4","0","0","11","29","4835","0","81204","0","0"
"2565","236","42.45296889100856","-76.48226002273698","0","4","0","0","18606","0","63202","0","81221","0","0"
"2566","230","47.65964121077161","-122.31133799269188","0","2","0","0","493","0","0","0","81383","0","0"
"2567","239","47.65475417159398","-122.30538304309779","0","4","0","0","0","0","796","0","81502","0","0"
"2568","216","47.656210495189974","-122.30454104239567","0","0","0","0","0","0","0","0","81775","0","0"
"2569","239","47.65493228309343","-122.3058998609211","0","4","0","0","0","5337","32129","0","81973","0","0"
"2570","229","47.657517672953006","-122.30582232827756","0","3","0","0","0","30877","18064","0","81977","0","0"
"2571","229","47.65754089065994","-122.30611098060459","0","3","0","0","0","5366","27","0","82128","0","0"
"2572","238","42.4465569202516","-76.48588854133267","0","2","0","0","51555","0","7850","0","82127","0","0"
"2573","238","42.44653889863246","-76.48614993886015","0","4","0","0","2385","0","2856","0","82203","0","0"
"2574","232","47.65674314070386","-122.30689460441133","0","4","0","0","0","8501","15130","0","82256","0","0"
"2575","235","47.6547333988008","-122.30911333742745","0","4","0","0","0","48766","108848","0","82349","0","0"
"2576","238","42.44642098072413","-76.4858949039134","0","2","0","0","78897","0","10551","0","82526","0","0"
"2577","238","42.44633283608622","-76.4861498854646","0","2","0","0","7162","0","1338","0","82532","0","0"
"2578","238","42.44636328389045","-76.48601711468979","0","2","0","0","5475","0","993","0","82601","0","0"
"2579","238","42.44645346608855","-76.48556638812471","0","2","0","0","151","0","113","0","82642","0","0"
"2580","239","47.65569404400666","-122.30590149362531","0","0","0","0","0","0","0","0","82688","0","0"
"2581","233","42.450202283048206","-76.48557943588175","0","4","0","0","0","0","4392","0","82724","0","0"
"2582","227","42.44341188396279","-76.4808494035368","0","1","0","1784","0","0","19","0","78532","0","0"
"2583","228","42.44419696727651","-76.48273599709782","0","4","0","0","0","0","2740","0","82815","0","0"
"2584","240","42.44905108173539","-76.48370076150512","0","4","0","4045","0","0","8451","0","0","0","0"
"2585","240","42.448903831247925","-76.48368255698668","0","4","0","1361","0","0","4264","0","0","0","0"
"2586","240","42.44903994329127","-76.4839880890635","0","4","0","22504","0","0","49459","0","0","0","0"
"2587","240","42.44920503123727","-76.48369037330322","0","4","0","655","0","0","20729","0","0","0","0"
"2588","240","42.44913519580226","-76.48381871241183","0","4","0","1375","0","0","2415","0","0","0","0"
"2589","240","42.44923525819975","-76.48391287586959","0","4","0","30","0","0","6093","0","0","0","0"
"2590","240","42.44936235565668","-76.48376511809884","0","4","0","36422","0","0","48049","0","0","0","0"
"2591","238","42.44627736801134","-76.48590425079128","0","2","0","0","37202","0","30239","0","82865","0","0"
"2592","240","42.4495979680631","-76.48362994194031","0","1","0","6823","0","0","6637","0","0","1","481"
"2593","240","42.44961775931198","-76.4831793308258","0","4","0","460","0","0","91968","0","0","1","481"
"2594","240","42.449396096967206","-76.48341536521912","0","4","0","34","0","0","856","0","0","1","481"
"2595","240","42.44909130996233","-76.4832329750061","0","0","0","0","0","0","0","0","0","1","0"
"2596","240","42.448901312118","-76.48341536521912","0","0","0","86","0","0","0","0","0","1","0"
"2597","240","42.448735063531444","-76.48338854312897","0","0","0","96","0","0","0","0","0","1","0"
"2598","240","42.448671730620525","-76.4830881357193","0","0","0","0","0","0","0","0","0","1","0"
"2599","240","42.448537147972175","-76.48307740688324","0","0","0","0","0","0","0","0","0","1","0"
"2600","240","42.448545064606556","-76.48341536521912","0","1","0","7870","0","0","892","0","0","1","481"
"2601","240","42.448501523105094","-76.48371040821075","0","1","0","59865","0","0","10756","0","0","1","481"
"2615","240","42.44946144301942","-76.48393852309225","0","1","0","5045","0","0","4322","0","83985","0","0"
"2616","240","42.449513333877555","-76.48361542603904","0","4","0","11280","0","0","17444","0","84052","0","0"
"2617","236","42.45329511751018","-76.4824849021532","0","4","0","0","0","0","45504","0","84104","0","0"
"2618","240","42.449514201728284","-76.48347151665207","0","4","0","5769","0","0","35082","0","84161","0","0"
"2619","237","42.44430728632727","-76.4859555264262","0","4","0","0","0","0","15203","0","84221","0","0"
"2620","240","42.44953430108072","-76.48333478576234","0","4","0","6777","0","0","60576","0","84278","0","0"
"2640","231","47.65935755528378","-122.30607246073843","0","4","0","0","49362","0","208701","0","84517","0","0"
"2639","228","42.44512857920749","-76.48243463201369","0","0","0","0","0","0","0","0","84435","0","0"
"2623","241","42.44484327942413","-76.48551434209496","0","4","0","0","0","0","16370","0","0","0","0"
"2624","241","42.44471565767316","-76.4855648244394","0","4","0","0","0","0","12033","0","0","0","0"
"2625","241","42.4449768245763","-76.48549106652008","0","4","0","0","0","0","2519","0","0","0","0"
"2626","241","42.44493090197406","-76.48562467808519","0","4","0","0","0","0","7334","0","0","0","0"
"2627","241","42.44506797066041","-76.4853795737487","0","0","0","0","0","0","0","0","0","0","0"
"2628","241","42.44506384658068","-76.48560076640081","0","4","0","0","0","0","125","0","0","0","0"
"2629","241","42.44465520200745","-76.48540497560641","0","4","0","0","0","0","594","0","0","0","0"
"2630","240","42.449517779274935","-76.48318695119758","0","4","0","1887","0","0","161953","0","84293","0","0"
"2641","236","42.453099772285945","-76.48247690582059","0","4","0","0","0","0","81123","0","84523","0","0"
"2642","240","42.44937986024413","-76.4831024019621","0","4","0","0","0","0","12916","0","84584","0","0"
"2643","240","42.4493982660604","-76.48335044612607","0","4","0","126","0","0","1187","0","84771","0","0"
"2644","240","42.44893265593151","-76.48388573045418","0","4","0","7824","0","0","10782","0","84800","0","0"
"2645","232","47.65634735539731","-122.30804359437616","0","4","0","0","0","0","14296","0","84959","0","0"
"2646","227","42.44343986350698","-76.48162535737754","0","1","0","146","0","0","0","0","84983","0","0"
"2647","240","42.44963976367834","-76.48307091904628","0","4","0","0","0","0","5420","0","85019","0","0"
"2648","237","42.44429395807722","-76.48576682425222","0","4","0","0","0","0","1838","0","85128","0","0"
"2649","240","42.449510475791364","-76.48301080989346","0","4","0","0","0","0","3342","0","85155","0","0"
"2650","212","47.65903242744803","-122.30529946214509","0","2","0","0","5426","0","0","0","85209","0","0"
"2651","235","47.65468145603454","-122.30937758045732","0","4","0","0","0","0","10694","0","85509","0","0"
"2652","215","42.44735677695515","-76.4844224568399","0","4","0","0","0","0","18610","0","85715","0","0"
"2653","235","47.65448197980007","-122.3089142920204","0","4","0","0","0","0","5658","0","85759","0","0"
"2654","235","47.65479236010812","-122.30966395117335","0","4","0","0","0","0","235","0","85800","0","0"
"2655","240","42.44872069649195","-76.48388738313699","0","4","0","12423","0","0","19428","0","85817","0","0"
"2656","240","42.4486136604704","-76.48379137126601","0","1","0","51972","0","0","35752","0","85952","0","0"
"2657","237","42.443631332469586","-76.48583828313991","0","4","0","0","0","0","86158","0","85957","0","0"
"2658","237","42.443613694227814","-76.48598247373565","0","4","0","0","0","0","67785","0","86073","0","0"
"2659","235","47.65434789532976","-122.30901286251202","0","0","0","0","0","0","16","0","86126","0","0"
"2660","240","42.448742026197344","-76.48373850814721","0","1","0","20668","0","0","10879","0","86236","0","0"
"2661","209","42.44547918604123","-76.47997778074205","0","1","0","1656","0","0","0","0","86285","0","0"
"2662","240","42.448528570756295","-76.48359419665897","0","1","0","57138","0","0","5011","0","86624","0","0"
"2663","240","42.44857447421281","-76.48341148885298","0","1","0","8196","0","0","931","0","86648","0","0"
"2664","240","42.44844822314395","-76.48413357616938","0","4","0","0","0","0","631","0","86773","0","0"
"2665","240","42.448503864302516","-76.48393626083735","0","4","0","0","0","0","776","0","86846","0","0"
"2666","240","42.44857673930175","-76.48327179825209","0","1","0","3267","0","0","120","0","86852","0","0"
"2667","240","42.44846822723877","-76.48374331678647","0","1","0","31228","0","0","1820","0","86852","0","0"
"2668","240","42.44972686623388","-76.48344580458861","0","1","0","2743","0","0","0","0","87125","0","0"
"2669","235","47.65460805087679","-122.30978304899037","0","0","0","0","0","0","63","0","87181","0","0"
"2670","237","42.44439227115393","-76.48607811612777","0","4","0","0","0","0","25771","0","87359","0","0"
"2671","237","42.44360595543604","-76.4861182350922","0","4","0","0","0","0","20021","0","87402","0","0"
"2672","241","42.4448128230046","-76.4853823730753","0","4","0","0","0","0","355","0","87555","0","0"
"2673","31","47.65524409691235","-122.30875119786164","0","0","0","0","0","0","0","0","87636","0","0"
"2674","31","47.65619258099862","-122.30917489585373","0","0","0","0","0","0","0","0","87636","0","0"
"2675","31","47.65529717567668","-122.30847912895345","0","0","0","0","0","0","0","0","87636","0","0"
"2676","31","47.65582760091208","-122.309058552454","0","0","0","0","0","0","0","0","87636","0","0"
"2677","31","47.655964500632564","-122.30904633932116","0","0","0","0","0","0","0","0","87636","0","0"
"2678","31","47.65539393920884","-122.30820156754639","0","0","0","0","0","0","0","0","87636","0","0"
"2679","240","42.448862833881485","-76.48406088354741","0","0","0","11","0","0","0","0","87880","0","0"
"2680","230","47.65963269853336","-122.31087840701367","0","0","0","0","0","0","0","0","88145","0","0"
"2681","237","42.444501657283375","-76.48597895046382","0","4","0","0","0","0","5713","0","88232","0","0"
"2682","240","42.44962864942799","-76.48381702030838","0","1","0","9917","0","0","0","0","88419","0","0"
"2683","235","47.65493106536423","-122.30892794844969","0","0","0","0","0","0","0","0","88543","0","0"
"2684","240","42.44898550990964","-76.48412593265478","0","1","0","3590","0","0","0","0","88806","0","0"
"2688","243","47.65104792327082","-122.34728215834514","0","4","554","85","0","5013","71110","0","0","0","0"
"2747","249","38.890878517053515","-77.01994059605862","0","4","678","0","0","0","0","0","0","0","0"
"2730","246","38.888386956401725","-77.02748091162141","0","3","733","0","0","0","0","0","0","0","0"
"2746","249","38.8908839648674","-77.01972366297512","0","4","678","0","0","0","0","0","0","0","0"
"2745","249","38.89101823186261","-77.01965546603444","0","4","678","0","0","0","0","0","0","0","0"
"2744","249","38.89101679010874","-77.01985421618973","0","4","678","0","0","0","0","0","0","0","0"
"2743","249","38.89101412647005","-77.02004007879819","0","4","678","0","0","0","0","0","0","0","0"
"2742","248","38.88834986595458","-77.01958378699561","0","1","670","344","0","0","0","0","0","0","0"
"2741","248","38.8881920441402","-77.0195875058272","0","1","670","3813","0","0","0","0","0","0","0"
"2740","248","38.88806441224106","-77.01967125541455","0","1","670","2183","0","0","0","0","0","0","0"
"2739","248","38.88827973701821","-77.01970109216293","0","1","670","2116","0","0","0","0","0","0","0"
"2738","248","38.88813649644809","-77.01978583911433","0","1","670","2317","0","0","0","0","0","0","0"
"2737","248","38.888311781651836","-77.01999071030352","0","1","670","1994","0","0","0","0","0","0","0"
"2736","248","38.8882385421901","-77.01987606755436","0","1","670","2850","0","0","0","0","0","0","0"
"2735","248","38.888174357686744","-77.02001635360855","0","1","670","1535","0","0","0","0","0","0","0"
"2734","247","38.88859302375651","-77.02679016805929","0","1","670","0","0","0","0","0","0","0","0"
"2733","247","38.888580889023075","-77.02693058484783","0","1","670","0","0","0","0","0","0","0","0"
"2732","246","38.88838679731688","-77.02702782926887","0","3","733","0","0","0","0","0","0","0","0"
"2731","246","38.88833956860026","-77.02727578145765","0","3","733","0","0","0","0","0","0","0","0"
"2717","245","38.88832995329327","-77.02982492676924","0","2","1090","0","0","0","0","0","0","0","0"
"2718","245","38.88833273895275","-77.03003403544163","0","2","1090","0","0","0","0","0","0","0","0"
"2719","245","38.888337861593584","-77.03018689410605","0","2","1090","0","0","0","0","0","0","0","0"
"2720","245","38.888497329925414","-77.03002379628444","0","2","1090","0","0","0","0","0","0","0","0"
"2721","245","38.88823042221755","-77.0296107886449","0","1","3","0","0","0","0","0","0","0","0"
"2722","245","38.88831597295437","-77.03032702076139","0","2","1090","0","0","0","0","0","0","0","0"
"2723","245","38.88826626875234","-77.03050784068783","0","2","1090","0","0","0","0","0","0","0","0"
"2724","245","38.88826004571006","-77.03069641058816","0","0","0","0","0","0","0","0","0","0","0"
"2725","245","38.88845202531239","-77.03032609218666","0","2","1090","0","0","0","0","0","0","0","0"
"2726","245","38.88851973697803","-77.0298702583532","0","2","1090","0","0","0","0","0","0","0","0"
"2727","245","38.888391312710915","-77.03058287649768","0","0","0","0","0","0","0","0","0","0","0"
"2728","245","38.88825945261275","-77.02947210353909","0","1","3","0","0","0","0","0","0","0","0"
"2729","245","38.88851504410303","-77.03019684013783","0","2","1090","0","0","0","0","0","0","0","0"
"2748","249","38.89079393916051","-77.0198284571197","0","4","678","0","0","0","0","0","0","0","0"
"2749","250","38.890956755822096","-77.0295046291207","0","4","678","0","0","0","0","0","0","0","0"
"2750","250","38.890790502100664","-77.02950470514467","0","4","678","0","0","0","0","0","0","0","0"
"2751","250","38.890957153957714","-77.02969072064157","0","4","678","0","0","0","0","0","0","0","0"
"2752","250","38.8909562642323","-77.02982975814693","0","3","733","0","0","0","0","0","0","0","0"
"2753","250","38.89095952164314","-77.03024617646729","0","3","733","0","0","0","0","0","0","0","0"
"2754","250","38.89096541432012","-77.03010104156115","0","3","733","0","0","0","0","0","0","0","0"
"2755","250","38.89078379948404","-77.03023381365142","0","3","733","0","0","0","0","0","0","0","0"
"2756","250","38.8909504387936","-77.02996641127925","0","3","733","0","0","0","0","0","0","0","0"
"2757","250","38.890935698674305","-77.03042691620537","0","3","733","0","0","0","0","0","0","0","0"
"2758","250","38.89066356373847","-77.02941159297423","0","0","0","0","0","0","0","0","0","0","0"
"2759","250","38.89093192320255","-77.02935422071475","0","4","678","0","0","0","0","0","0","0","0"
"2760","251","38.88841608146531","-77.01695566288166","0","4","678","213","0","0","0","0","0","0","0"
"2761","251","38.888428475067656","-77.01674865767936","0","4","678","161","0","0","0","0","0","0","0"
"2762","251","38.88841433581118","-77.01709359575607","0","4","678","4126","0","0","0","0","0","0","0"
"2763","251","38.88843962443029","-77.01660776064878","0","4","678","107","0","0","0","0","0","0","0"
"2764","251","38.88844926539002","-77.01644264336645","0","4","678","0","0","0","0","0","0","0","0"
"2765","251","38.88844521745928","-77.01622365894568","0","3","733","0","0","0","0","0","0","0","0"
"2766","251","38.88826860120103","-77.01608616452683","0","3","733","0","0","0","0","0","0","0","0"
"2767","252","38.89089762577123","-77.02572467208628","0","0","0","0","0","0","0","0","0","0","0"
"2768","252","38.890902525049825","-77.02554353094197","0","0","0","0","0","0","0","0","0","0","0"
"2769","252","38.89077599459597","-77.02559612661872","0","0","0","0","0","0","0","0","0","0","0"
"2770","253","38.88931664960307","-77.03460359844031","0","0","0","0","0","0","0","0","0","0","0"
"2771","253","38.8891868104139","-77.03417460752557","0","0","0","0","0","0","0","0","0","0","0"
"2772","254","38.888854927061956","-77.02623224299543","0","2","647","2115","2337","0","0","0","0","0","0"
"2773","254","38.888897202025156","-77.02605200104826","0","3","733","3396","4429","0","0","0","0","0","0"
"2774","254","38.88885134342207","-77.02644131105778","0","3","733","0","17","0","0","0","0","0","0"
"2775","254","38.88884480903555","-77.02580168359123","0","3","733","1818","220","0","0","0","0","0","0"
"2776","217","44.93864440473621","-123.02997274419305","0","4","554","0","0","0","13300","0","89168","0","0"
"2777","217","44.93852545296342","-123.02958001326105","0","4","554","0","0","0","199","0","89169","0","0"
"2778","217","44.93849721901731","-123.02991393592167","0","4","554","0","0","0","122533","0","89169","0","0"
"2779","217","44.93861184387196","-123.02980870312304","0","4","554","0","0","0","38","0","89171","0","0"
"2780","217","44.938468336207166","-123.02975823788442","0","4","554","0","0","0","787","0","89201","0","0"
"2781","217","44.93863654539887","-123.03165128809044","0","0","0","0","0","0","11","0","89377","0","0"
"2782","255","38.88830590446656","-77.02281698836924","0","0","0","0","0","0","0","0","0","0","0"
"2783","255","38.88846085736968","-77.02317120843259","0","3","733","0","0","0","0","0","0","0","0"
"2784","255","38.88844322000843","-77.02289711412382","0","3","733","0","0","0","0","0","0","0","0"
"2785","255","38.8883276513214","-77.02266576199732","0","3","733","0","0","0","0","0","0","0","0"
"2786","243","47.65111143592369","-122.34740552314284","0","4","554","0","0","0","15669","0","89505","0","0"
"2787","243","47.6511075971507","-122.34713418459395","0","4","554","0","0","0","4925","0","89554","0","0"
"2788","243","47.650905932251575","-122.34740457333447","0","4","554","0","0","0","84","0","89701","0","0"
"2789","243","47.65118077882131","-122.34725427139027","0","4","554","0","0","0","16251","0","89724","0","0"
"2790","243","47.65089817505134","-122.34711876359627","0","4","554","0","0","0","59","0","89876","0","0"
"2791","256","47.64837157296195","-122.35009207356592","0","0","0","0","0","0","0","0","0","0","0"
"2792","256","47.6484974322675","-122.35014529878119","0","0","0","0","0","0","0","0","0","0","0"
"2793","256","47.64833666450671","-122.34995908170757","0","0","0","0","0","0","0","0","0","0","0"
"2794","257","47.651373328846105","-122.35097508419382","0","2","1090","0","0","0","0","0","0","0","0"
"2795","257","47.651276169970906","-122.35059423208398","0","0","0","0","0","0","0","0","0","0","0"
"2796","257","47.6512863601404","-122.35076172974372","0","2","1090","0","0","0","0","0","0","0","0"
"2797","257","47.6515190397664","-122.35092110381598","0","0","0","0","0","0","0","0","0","0","0"
"2798","257","47.651257888555484","-122.35104632404982","0","0","0","0","0","0","0","0","0","0","0"
"2799","261","-12.046047063603757","-77.02991084734825","0","0","0","0","0","0","0","0","0","0","0"
"2800","261","-12.046187580890303","-77.030016799129","0","0","0","0","0","0","0","0","0","0","0"
"2801","261","-12.046332874206112","-77.0301227634819","0","0","0","0","0","0","0","0","0","0","0"
"2802","261","-12.04646011693196","-77.03020139534357","0","0","0","0","0","0","0","0","0","0","0"
"2803","261","-12.04584266402487","-77.03003059909642","0","0","0","0","0","0","0","0","0","0","0"
"2804","261","-12.045933596955472","-77.02981147320126","0","0","0","0","0","0","0","0","0","0","0"
"2805","261","-12.046596287158225","-77.03031780140952","0","0","0","0","0","0","0","0","0","0","0"
"2806","261","-12.046488909110087","-77.03051599828972","0","0","0","0","0","0","0","0","0","0","0"
"2807","261","-12.045821476701116","-77.02972995621718","0","0","0","0","0","0","0","0","0","0","0"
"2808","261","-12.045769852942286","-77.02957227990721","0","0","0","0","0","0","0","0","0","0","0"
"2809","261","-12.04566775476277","-77.02969395179352","0","0","0","0","0","0","0","0","0","0","0"
"2810","261","-12.046180872131185","-77.02986928801022","0","0","0","0","0","0","0","0","0","0","0"
"2811","261","-12.045525754447278","-77.02969619386508","0","0","0","0","0","0","0","0","0","0","0"
"2812","261","-12.045518408830032","-77.0295523779798","0","0","0","0","0","0","0","0","0","0","0"
"2813","261","-12.045420012436207","-77.02944090502415","0","0","0","0","0","0","0","0","0","0","0"
"2814","261","-12.045316342258715","-77.02935148895287","0","0","0","0","0","0","0","0","0","0","0"
"2815","261","-12.045204537977481","-77.02925975224254","0","0","0","0","0","0","0","0","0","0","0"
"2816","261","-12.045071242350597","-77.02930740470899","0","0","0","0","0","0","0","0","0","0","0"
"2817","261","-12.045098353915705","-77.02916717985134","0","0","0","0","0","0","0","0","0","0","0"
"2818","261","-12.044975111365202","-77.02905994608504","0","0","0","0","0","0","0","0","0","0","0"
"2819","261","-12.044845314874296","-77.0291151533661","0","0","0","0","0","0","0","0","0","0","0"
"2820","261","-12.044886186622506","-77.02894740082331","0","0","0","0","0","0","0","0","0","0","0"
"2821","261","-12.044956223655037","-77.02881711344064","0","0","0","0","0","0","0","0","0","0","0"
"2822","261","-12.044954811281928","-77.02921440482737","0","0","0","0","0","0","0","0","0","0","0"
"2823","261","-12.044744618437662","-77.02922549111898","0","0","0","0","0","0","0","0","0","0","0"
"2824","261","-12.044661559186066","-77.0293928291918","0","0","0","0","0","0","0","0","0","0","0"
"2825","261","-12.044679975263156","-77.02894745438324","0","0","0","0","0","0","0","0","0","0","0"
"2826","261","-12.044574684450836","-77.02924005825034","0","0","0","0","0","0","0","0","0","0","0"
"2827","261","-12.044752971132318","-77.02881220116717","0","0","0","0","0","0","0","0","0","0","0"
"2828","261","-12.045555448916172","-77.02983450368052","0","2","596","0","0","0","0","0","0","0","0"
"2829","262","36.619065824576005","-121.93760230172425","0","3","10","11","0","0","0","0","0","0","0"
"2830","262","36.61895181116293","-121.93768529110092","0","3","10","211","0","0","0","0","0","0","0"
"2831","262","36.618775089774225","-121.93771498904665","0","0","0","0","0","0","0","0","0","0","0"
"2832","263","36.619800205662635","-121.937622197088","0","0","0","0","0","0","0","0","0","0","0"
"2833","263","36.61976923779339","-121.93781480418292","0","0","0","0","0","0","0","0","0","0","0"
"2834","263","36.61968295855125","-121.93771018333376","0","0","0","0","0","0","0","0","0","0","0"
"2835","264","36.6200029213629","-121.9370776888179","0","0","0","0","0","0","0","0","0","0","0"
"2836","264","36.619908733979635","-121.93718199662227","0","0","0","0","0","0","0","0","0","0","0"
"2837","265","36.61974738984091","-121.93723851326365","0","0","0","0","0","0","0","0","0","0","0"
"2838","265","36.61969475822171","-121.93710941848374","0","0","0","0","0","0","0","0","0","0","0"
"2839","244","38.88870879090877","-77.02493179377666","0","2","1090","0","57","0","0","0","90062","0","0"
"2840","244","38.888194216397245","-77.02406874582832","0","1","3","0","88","0","0","0","90108","0","0"
"2841","248","38.8880643466528","-77.01953602290128","0","1","670","1678","0","0","0","0","90133","0","0"
"2842","248","38.88807205880159","-77.01991950629082","0","1","670","247","0","0","0","0","90223","0","0"
"2843","255","38.888604544192034","-77.02341799450278","0","4","678","0","0","0","0","0","0","0","0"
"2844","255","38.888553721693576","-77.0230703884559","0","4","678","0","0","0","0","0","0","0","0"
"2845","255","38.88858480588171","-77.02285986960261","0","4","678","0","0","0","0","0","0","0","0"
"2846","254","38.88886803515826","-77.02668580781392","0","3","734","0","0","0","0","0","90182","0","0"
"2847","254","38.88873290527874","-77.02631559548439","0","3","734","0","0","0","0","0","90182","0","0"
"2848","254","38.88899213368345","-77.02628272239224","0","3","733","0","0","0","0","0","90182","0","0"
"2849","254","38.88893347953597","-77.02591653048371","0","3","733","0","0","0","0","0","90182","0","0"
"2850","254","38.88885684209425","-77.0256514116716","0","3","733","0","0","0","0","0","90182","0","0"
"2851","254","38.88894299543097","-77.0265622745263","0","3","733","0","0","0","0","0","90182","0","0"
"2852","254","38.88911615444426","-77.02599586770242","0","3","733","0","0","0","0","0","90182","0","0"
"2853","244","38.888666916777254","-77.02454977066142","0","2","1090","0","0","0","0","0","90127","0","0"
"2854","244","38.888678918740375","-77.0242487289079","0","2","1090","0","0","0","0","0","90127","0","0"
"2855","244","38.888255130269684","-77.02423472640791","0","1","3","0","0","0","0","0","90127","0","0"
"2856","244","38.88867003473558","-77.02401951061644","0","1","3","0","0","0","0","0","90127","0","0"
"2857","251","38.88829642384824","-77.0159395936702","0","3","733","0","0","0","0","0","90157","0","0"
"2858","251","38.88840791745835","-77.01608896434465","0","3","733","0","0","0","0","0","90157","0","0"
"2859","251","38.888579227426455","-77.01696931106277","0","0","0","0","0","0","0","0","90157","0","0"
"2860","251","38.88858107856475","-77.01624215196681","0","4","678","0","0","0","0","0","90157","0","0"
"2861","247","38.88859138187354","-77.02707604464308","0","1","670","0","0","0","0","0","90766","0","0"
"2862","247","38.88845762385287","-77.0271804340773","0","3","733","0","0","0","0","0","90780","0","0"
"2863","247","38.88845405988724","-77.02673619120435","0","1","670","0","0","0","0","0","90825","0","0"
"2864","246","38.88811204967414","-77.02734321716177","0","1","3","0","0","0","0","1","91353","0","0"
"2865","246","38.88806535520829","-77.02770214542466","0","1","3","0","0","0","0","1","91354","0","0"
"2866","246","38.88801585697646","-77.02756616679632","0","1","3","0","0","0","0","1","91354","0","0"
"2867","245","38.88845916459292","-77.02972745226064","0","2","1090","0","0","0","0","1","91352","0","0"
"2868","246","38.887943277392274","-77.02744626559922","0","1","3","0","0","0","0","1","91355","0","0"
"2869","246","38.8878804214153","-77.02759955037824","0","1","3","0","0","0","0","1","91361","0","0"
"2870","246","38.88801861881567","-77.02784511374018","0","1","3","0","0","0","0","1","91365","0","0"
"2871","244","38.8882513439289","-77.02394571417145","0","1","3","0","0","0","0","1","91391","0","0"
"2872","246","38.88832361067954","-77.02764587233402","0","3","733","0","0","0","0","1","91375","0","0"
"2873","244","38.88825802366789","-77.02448921864551","0","2","1090","0","0","0","0","1","91397","0","0"
"2874","254","38.888912538762995","-77.026816830225","0","3","734","0","0","0","0","1","91623","0","0"
"2875","254","38.88872472383619","-77.02664299317745","0","3","734","0","0","0","0","1","91625","0","0"
"2876","255","38.88843861984789","-77.0227552329905","0","3","733","0","0","0","0","1","91739","0","0"
"2877","246","38.88846179389355","-77.02736795659878","0","3","733","0","0","0","0","1","91778","0","0"
"2878","246","38.888313892840536","-77.02714144869621","0","3","733","0","0","0","0","1","91818","0","0"
"2879","246","38.88829723823944","-77.02779138943552","0","3","733","0","0","0","0","1","91819","0","0"
"2880","246","38.888261761341525","-77.02741955458526","0","3","733","0","0","0","0","1","91849","0","0"
"2881","267","38.89080736562423","-77.02593977138994","0","3","775","0","0","0","0","1","0","0","0"
"2882","267","38.89084851412482","-77.02576765942237","0","3","775","0","0","0","0","1","0","0","0"
"2883","267","38.8908458628653","-77.02617799957702","0","1","678","0","0","0","0","1","0","0","0"
"2884","267","38.89074064698651","-77.02607260558618","0","3","733","0","0","0","0","1","0","0","0"
"2885","267","38.89070943914921","-77.02578926683935","0","3","733","0","0","0","0","1","0","0","0"
"2886","267","38.89068183619624","-77.0262813410512","0","1","670","0","0","0","0","1","0","0","0"
"2887","267","38.890832778171095","-77.0263296583754","0","0","0","0","0","0","0","1","0","0","0"
"2888","267","38.89071845275069","-77.02560345991039","0","1","670","0","0","0","0","1","0","0","0"
"2889","267","38.891024776782494","-77.02610676842738","0","3","678","0","0","0","0","1","0","0","0"
"2890","267","38.89101410209233","-77.0259672159073","0","3","775","0","0","0","0","1","0","0","0"
"2891","269","-14.215240895426945","-76.16291430897662","0","0","0","0","0","0","0","1","0","0","0"
"2892","269","-14.215394856246355","-76.16354180562642","0","2","596","0","0","0","0","1","0","0","0"
"2893","269","-14.21512847187675","-76.16371690510815","0","2","596","0","0","0","0","1","0","0","0"
"2894","269","-14.215021565233776","-76.16388924820072","0","2","596","0","0","0","0","1","0","0","0"
"2895","269","-14.214910568998826","-76.16397456142928","0","2","596","0","0","0","0","1","0","0","0"
"2896","269","-14.215771281922201","-76.16303340577807","0","0","0","0","0","0","0","1","0","0","0"
"2897","269","-14.215807861656678","-76.16333101083931","0","2","596","0","0","0","0","1","0","0","0"
"2898","269","-14.216063550417921","-76.16311734725451","0","0","0","0","0","0","0","1","0","0","0"
"2899","269","-14.216053500730851","-76.16294938455763","0","0","0","0","0","0","0","1","0","0","0"
"2900","269","-14.216124737370798","-76.1632478451865","0","0","0","0","0","0","0","1","0","0","0"
"2901","269","-14.21610967708035","-76.16346021463845","0","0","0","0","0","0","0","1","0","0","0"
"2902","269","-14.216063491049807","-76.16361629407919","0","0","0","0","0","0","0","1","0","0","0"
"2903","269","-14.216066934866294","-76.16394698951984","0","0","0","0","0","0","0","1","0","0","0"
"2904","269","-14.216086012594227","-76.16408874325958","0","0","0","0","0","0","0","1","0","0","0"
"2905","269","-14.216350200349773","-76.16367955188821","0","0","0","0","0","0","0","1","0","0","0"
"2906","269","-14.216231947791734","-76.16406451203157","0","0","0","0","0","0","0","1","0","0","0"
"2907","269","-14.216056047928907","-76.16425898811387","0","0","0","0","0","0","0","1","0","0","0"
"2908","269","-14.216099826454673","-76.16380070785081","0","0","0","0","0","0","0","1","0","0","0"
"2909","269","-14.215757159501058","-76.16425344461072","0","2","596","0","0","0","0","1","0","0","0"
"2910","269","-14.21478070351121","-76.16408309501422","0","2","596","0","0","0","0","1","0","0","0"
"2911","269","-14.216390428197492","-76.16394636773617","0","0","0","0","0","0","0","1","0","0","0"
"2912","269","-14.216541316240354","-76.16377044367668","0","0","0","0","0","0","0","1","0","0","0"
"2913","269","-14.216580189008214","-76.16353598695726","0","0","0","0","0","0","0","1","0","0","0"
"2914","269","-14.216646371632647","-76.16335806139243","0","0","0","0","0","0","0","1","0","0","0"
"2915","269","-14.21653034441149","-76.16315694613388","0","0","0","0","0","0","0","1","0","0","0"
"2916","269","-14.216535877931838","-76.16406948078078","0","0","0","0","0","0","0","1","0","0","0"
"2917","269","-14.215280218533204","-76.16431012541862","0","2","596","0","0","0","0","1","0","0","0"
"2918","269","-14.214864166626965","-76.16376326501968","0","2","596","0","0","0","0","1","0","0","0"
"2919","269","-14.215784228407115","-76.16346768677934","0","2","596","0","0","0","0","1","92331","0","0"
"2920","269","-14.215926695056979","-76.16348394925717","0","2","596","0","0","0","0","1","92351","0","0"
"2921","269","-14.215649245538335","-76.16334911356513","0","2","596","0","0","0","0","1","92364","0","0"
"2922","269","-14.21570761503079","-76.16358845640009","0","2","596","0","0","0","0","1","92369","0","0"
"2923","269","-14.215786155183594","-76.16382878320948","0","2","596","0","0","0","0","1","92391","0","0"
"2924","269","-14.215580750317276","-76.16367208079753","0","2","596","0","0","0","0","1","92399","0","0"
"2925","269","-14.215638517663589","-76.16387215652409","0","2","596","0","0","0","0","1","92406","0","0"
"2926","269","-14.215374593236232","-76.1638494460397","0","2","596","0","0","0","0","1","92418","0","0"
"2927","269","-14.215699005383078","-76.16400120091185","0","2","596","0","0","0","0","1","92418","0","0"
"2928","269","-14.215779875073931","-76.16441144804081","0","2","596","0","0","0","0","1","92429","0","0"
"2929","269","-14.215626545108213","-76.164366622966","0","2","596","0","0","0","0","1","92437","0","0"
"2930","269","-14.215622589975284","-76.1645901970486","0","2","596","0","0","0","0","1","92440","0","0"
"2931","269","-14.215550425255","-76.16485620573769","0","2","596","0","0","0","0","1","92460","0","0"
"2932","269","-14.215699323342294","-76.16490279451844","0","2","596","0","0","0","0","1","92460","0","0"
"2933","269","-14.215631722775434","-76.16420039861852","0","0","0","0","0","0","0","1","92464","0","0"
"2934","269","-14.21576556820487","-76.16454578810652","0","2","596","0","0","0","0","1","92464","0","0"
"2935","269","-14.215661271036323","-76.1651561158462","0","2","596","0","0","0","0","1","92472","0","0"
"2936","269","-14.215548497725226","-76.16470507268158","0","2","596","0","0","0","0","1","92485","0","0"
"2937","269","-14.215415616808412","-76.16422643833079","0","0","0","0","0","0","0","1","92515","0","0"
"2938","269","-14.21525016427252","-76.16416650222033","0","2","596","0","0","0","0","1","92515","0","0"
"2939","269","-14.215161952524168","-76.16387042275436","0","0","0","0","0","0","0","1","92520","0","0"
"2940","269","-14.215295379877363","-76.16367589360934","0","2","596","0","0","0","0","1","92526","0","0"
"2941","269","-14.215413104613386","-76.16470463136578","0","0","0","0","0","0","0","1","92526","0","0"
"2942","269","-14.21521973343209","-76.16355264430604","0","2","596","0","0","0","0","1","92538","0","0"
"2943","269","-14.215130466183778","-76.16334540086541","0","2","596","0","0","0","0","1","92579","0","0"
"2944","269","-14.215060887609447","-76.16322209788504","0","2","596","0","0","0","0","1","92580","0","0"
"2945","269","-14.214973782371532","-76.16422528057919","0","2","596","0","0","0","0","1","92665","0","0"
"2946","269","-14.21508593217429","-76.16450060590876","0","2","596","0","0","0","0","1","92677","0","0"
"2947","269","-14.214991293198478","-76.16462361895852","0","2","596","0","0","0","0","1","92681","0","0"
"2948","269","-14.215027085847","-76.16496087508017","0","2","596","0","0","0","0","1","92701","0","0"
"2949","269","-14.21509989888831","-76.16525028384251","0","2","596","0","0","0","0","1","92726","0","0"
"2950","269","-14.215133369096915","-76.16540274977213","0","2","596","0","0","0","0","1","92743","0","0"
"2951","269","-14.21500974073152","-76.16513117381675","0","2","596","0","0","0","0","1","92764","0","0"
"2952","269","-14.214718852878573","-76.16492030808044","0","2","596","0","0","0","0","1","92783","0","0"
"2953","269","-14.214757903726756","-76.16476443245783","0","2","596","0","0","0","0","1","92792","0","0"
"2954","254","38.88894302436458","-77.02553999815511","0","3","733","0","0","0","0","1","92908","0","0"
"2955","254","38.88879191850182","-77.02532736480457","0","3","733","0","0","0","0","1","93014","0","0"
"2956","254","38.88915774448963","-77.02573430958451","0","2","1090","0","0","0","0","1","93048","0","0"
"2957","250","38.89062289128183","-77.02976508177436","0","3","733","0","0","0","0","1","93108","0","0"
"2958","254","38.88901121789808","-77.02612830184647","0","2","1090","0","0","0","0","1","93127","0","0"
"2959","254","38.88866713323799","-77.02559235889429","0","3","733","0","0","0","0","1","93127","0","0"
"2960","254","38.888921463395434","-77.02540366039322","0","2","1090","0","0","0","0","1","93127","0","0"
"2961","254","38.88874681574133","-77.0268061702588","0","2","1090","0","0","0","0","1","93127","0","0"
"2962","254","38.8888567153385","-77.02510420120987","0","3","733","0","0","0","0","1","93127","0","0"
"2963","254","38.889089643171715","-77.02666367861852","0","2","1090","0","0","0","0","1","93127","0","0"
"2964","1","47.65343555381811","-122.3054355582489","0","0","0","0","0","0","0","1","54397","0","0"
"2965","1","47.65376646905976","-122.30534908226515","0","0","0","0","0","0","0","1","54397","0","0"
"2966","1","47.65363357957836","-122.30528618909723","0","0","0","0","0","0","0","1","54397","0","0"
"2967","248","38.888029854650725","-77.02007104679213","0","0","0","0","0","0","0","1","93105","0","0"
"2968","248","38.888407568797646","-77.01988721190341","0","0","0","0","0","0","0","1","93105","0","0"
"2969","256","47.64841364672286","-122.35027006445712","0","0","0","0","0","0","0","1","0","0","0"
"2970","257","47.651423863671596","-122.35081631133882","0","2","1090","0","0","0","0","1","0","0","0"
"2971","246","38.8884796295287","-77.02772466554174","0","3","733","0","0","0","0","1","93160","0","0"
"2972","254","38.88890817756458","-77.02525135487276","0","3","733","0","0","0","0","1","93192","0","0"
"2973","270","44.93837165099559","-123.02959824825592","0","4","554","0","0","0","0","1","0","0","0"
"2974","270","44.938266818564585","-123.02951102492496","0","4","554","0","0","0","0","1","0","0","0"
"2975","270","44.938542542399595","-123.02939099759645","0","0","0","0","0","0","0","1","0","0","0"
"2976","271","41.374974382280094","2.149341338972044","0","0","0","0","0","0","0","1","0","0","0"
"2977","271","41.3750487291141","2.14913249353626","0","0","0","0","0","0","0","1","0","0","0"
"2978","271","41.37494096086146","2.149017683495821","0","0","0","0","0","0","0","1","0","0","0"
"2979","271","41.375108011795255","2.149321402947074","0","0","0","0","0","0","0","1","0","0","0"
"2980","271","41.37418509402554","2.148980333411687","0","0","0","0","0","0","0","1","0","0","0"
"2981","271","41.37520931530056","2.149138971784392","0","0","0","0","0","0","0","1","0","0","0"
"2982","271","41.37514172085205","2.149001129606618","0","0","0","0","0","0","0","1","0","0","0"
"2983","271","41.374657553416924","2.150002818709125","0","0","0","0","0","0","0","1","0","0","0"
"2984","272","41.391033778420876","2.18056736444687","0","0","0","0","0","0","0","1","0","0","0"
"2985","272","41.39107559835942","2.180699243844832","0","0","0","0","0","0","0","1","0","0","0"
"2986","272","41.39104433286422","2.180351900802308","0","0","0","0","0","0","0","1","0","0","0"
"2987","272","41.391090307515505","2.1808341415888","0","0","0","0","0","0","0","1","0","0","0"
"2988","273","41.38081005118654","2.1826473175436","0","0","0","0","0","0","0","1","0","0","0"
"2989","273","41.381002049244195","2.182469647501044","0","0","0","0","0","0","0","1","0","0","0"
"2990","273","41.38094293969423","2.182596779777827","0","0","0","0","0","0","0","1","0","0","0"
"2991","273","41.38097190681022","2.182959727437489","0","0","0","0","0","0","0","1","0","0","0"
"2992","274","41.37682757665013","2.190748275934733","0","0","0","0","0","0","0","1","0","0","0"
"2993","274","41.37649840413521","2.191081620252818","0","0","0","0","0","0","0","1","0","0","0"
"2994","274","41.37640813247886","2.191267902295064","0","0","0","0","0","0","0","1","0","0","0"
"2995","275","52.23715143635655","-0.894657303339631","0","2","1090","0","0","0","0","1","0","0","0"
"2996","275","52.23714563266268","-0.894820383597245","0","2","1090","0","0","0","0","1","0","0","0"
"2997","275","52.2370501994934","-0.894533975436382","0","2","1090","0","0","0","0","1","0","0","0"
"2998","275","52.23715784278831","-0.894451982382564","0","2","1090","0","0","0","0","1","0","0","0"
"2999","275","52.23713547114996","-0.895146900923596","0","2","1090","0","0","0","0","1","0","0","0"
"3000","275","52.2371407527098","-0.894967558417005","0","2","1090","0","0","0","0","1","0","0","0"
"3001","275","52.23713076480704","-0.895351601183668","0","0","0","0","0","0","0","1","0","0","0"
"3002","275","52.23700062181496","-0.894873872002086","0","2","1090","0","0","0","0","1","0","0","0"
"3003","275","52.23699177271864","-0.894669160392103","0","2","1090","0","0","0","0","1","0","0","0"
"3004","277","35.250905324635724","139.15372190473752","0","0","0","0","0","0","0","1","0","0","0"
"3005","277","35.25105812308951","139.1537147642435","0","0","0","0","0","0","0","1","0","0","0"
"3006","277","35.25098564133286","139.15383260336384","0","0","0","0","0","0","0","1","0","0","0"
"3007","277","35.251120774587406","139.15384211007762","0","0","0","0","0","0","0","1","0","0","0"
"3008","278","35.62707117338105","139.77265185069794","0","1","6","0","0","0","0","1","0","0","0"
"3009","278","35.627226289407126","139.7725002079074","0","1","6","0","0","0","0","1","0","0","0"
"3010","278","35.62733083770773","139.7724079802193","0","1","6","0","0","0","0","1","0","0","0"
"3011","278","35.62701891126829","139.77227593799387","0","1","6","0","0","0","0","1","0","0","0"
"3012","279","35.7341519610626","139.73649481614243","0","1","6","0","0","0","0","1","0","0","0"
"3013","279","35.73417026701404","139.7366521166394","0","1","6","0","0","0","0","1","0","0","0"
"3014","280","35.45382482242552","139.63236831229636","0","0","0","0","0","0","0","1","0","0","0"
"3015","281","35.678615204424965","139.71762353201146","0","1","6","0","0","0","0","1","0","0","0"
"3016","281","35.678651124525786","139.7177861422084","0","1","6","0","0","0","0","1","0","0","0"
"3017","281","35.678802331684786","139.71799742169412","0","0","0","0","0","0","0","1","0","0","0"
"3018","281","35.67864645229429","139.71793304455707","0","0","0","0","0","0","0","1","0","0","0"
"3019","281","35.67878414793682","139.71813363734435","0","0","0","0","0","0","0","1","0","0","0"
"3020","281","35.67866719428651","139.71748706018644","0","0","0","0","0","0","0","1","0","0","0"
"3021","282","35.45845262340712","139.63642551710976","0","0","0","0","0","0","0","1","0","0","0"
"3022","282","35.45852971063607","139.63686367781122","0","0","0","0","0","0","0","1","0","0","0"
"3023","282","35.45861315567724","139.6367476867206","0","0","0","0","0","0","0","1","0","0","0"
"3024","282","35.45832859159294","139.63663752403085","0","0","0","0","0","0","0","1","0","0","0"
"3025","283","35.71079255016475","139.76202611878546","0","1","6","0","0","0","0","1","0","0","0"
"3026","283","35.710936652610584","139.76204240075865","0","1","6","0","0","0","0","1","0","0","0"
"3027","284","35.71338511545124","139.7619563654721","0","1","6","0","0","0","0","1","0","0","0"
"3028","284","35.71332202180932","139.762083399976","0","1","6","0","0","0","0","1","0","0","0"
"3029","285","35.71062623678763","139.76030699024557","0","1","6","0","0","0","0","1","0","0","0"
"3030","286","35.72824070220892","139.75433873565447","0","1","6","0","0","0","0","1","0","0","0"
"3031","286","35.72826562531402","139.75447668437468","0","1","6","0","0","0","0","1","0","0","0"
"3032","287","35.67587774263364","139.69955029491018","0","1","6","0","0","0","0","1","0","0","0"
"3033","287","35.6758757122168","139.6993306107808","0","1","6","0","0","0","0","1","0","0","0"
"3034","287","35.67570894772961","139.69953803278372","0","1","6","0","0","0","0","1","0","0","0"
"3035","288","35.6666274065285","139.77199606375748","0","1","6","0","0","0","0","1","0","0","0"
"3036","288","35.666537225199654","139.772216654147","0","1","6","0","0","0","0","1","0","0","0"
"3037","288","35.66668420940438","139.7721598897258","0","1","6","0","0","0","0","1","0","0","0"
"3038","288","35.66671433632517","139.77235293606236","0","1","6","0","0","0","0","1","0","0","0"
"3039","288","35.66646942654875","139.77198331148634","0","1","6","0","0","0","0","1","0","0","0"
"3040","288","35.6668309232361","139.77191681878062","0","1","6","0","0","0","0","1","0","0","0"
"3041","288","35.66682891044084","139.77209075480238","0","1","6","0","0","0","0","1","0","0","0"
"3042","289","35.67293040948671","139.70193390244089","0","1","6","0","0","0","0","1","0","0","0"
"3043","290","35.71563195954285","139.77181199808004","0","1","6","0","0","0","0","1","0","0","0"
"3044","291","35.215753407280474","139.0369385242206","0","1","6","0","0","0","0","1","0","0","0"
"3045","292","35.21982350165662","139.04304212881354","0","1","6","0","0","0","0","1","0","0","0"
"3046","293","35.20461501427663","139.02542235254464","0","1","6","0","0","0","0","1","0","0","0"
"3047","293","35.2048125116356","139.02538626986748","0","1","6","0","0","0","0","1","0","0","0"
"3048","293","35.20489898310031","139.0251912367755","0","1","6","0","0","0","0","1","0","0","0"
"3049","293","35.20467851441534","139.02525700512925","0","1","6","0","0","0","0","1","0","0","0"
"3050","293","35.2047184755465","139.0255161664508","0","1","6","0","0","0","0","1","0","0","0"
"3051","254","38.88881720154871","-77.02549010544807","0","2","1090","0","0","0","0","1","93786","0","0"
"3052","293","35.20463556424938","139.0251282245484","0","1","6","0","0","0","0","1","94004","0","0"
"3053","278","35.626824913773426","139.77221018230324","0","1","6","0","0","0","0","1","94046","0","0"
"3054","244","38.888395208839725","-77.02425877386389","0","0","0","0","0","0","0","1","94427","0","0"
"3055","249","38.89091093539152","-77.01955353678434","0","0","0","0","0","0","0","1","94648","0","0"
"3056","294","47.66704818294931","-122.40025685373611","0","1","3","0","0","0","0","1","0","0","0"
"3060","298","35.69690290584127","139.79332116234377","0","0","0","0","0","0","0","1","0","0","0"
"3058","295","47.66706786107913","-122.40011118750627","0","0","0","0","0","0","0","1","0","0","0"
"3059","296","47.66712677517621","-122.40045592188835","0","0","0","0","0","0","0","1","0","0","0"
"3061","298","35.696880841034435","139.7927639089649","0","0","0","0","0","0","0","1","0","0","0"
"3062","281","35.678421960715006","139.7179394393979","0","1","6","0","0","0","0","1","95470","0","0"
"3063","283","35.71087043374967","139.76186594828238","0","1","6","0","0","0","0","1","95479","0","0"
"3064","281","35.67837779264108","139.71776147462162","0","1","6","0","0","0","0","1","95611","0","0"
"3065","287","35.675689691911856","139.69923402970878","0","1","6","0","0","0","0","1","95673","0","0"
"3066","299","47.6548530160886","-122.30927336026107","0","0","0","0","0","0","0","1","0","0","0"
"3067","299","47.65438938833381","-122.30879348492638","0","0","0","0","0","0","0","1","0","0","0"
"3068","299","47.65459919638854","-122.30956964237191","0","0","0","0","0","0","0","1","0","0","0"
"3069","299","47.65397162718842","-122.30857257899002","0","0","0","0","0","0","0","1","0","0","0"
"3070","299","47.653974963693564","-122.30908979184369","0","0","0","0","0","0","0","1","0","0","0"
"3071","299","47.65391049160794","-122.3092242964206","0","0","0","0","0","0","0","1","0","0","0"
"3072","299","47.65408403472092","-122.30900690340249","0","0","0","0","0","0","0","1","0","0","0"
"3073","299","47.65482983716673","-122.30996365875438","0","0","0","0","0","0","0","1","0","0","0"
"3074","299","47.65481998113518","-122.30893104653244","0","0","0","0","0","0","0","1","0","0","0"
"3075","299","47.654735561634276","-122.3091204120169","0","0","0","0","0","0","0","1","0","0","0"
"3076","299","47.654682465366264","-122.30899515410198","0","0","0","0","0","0","0","1","0","0","0"
"3077","299","47.65471193692648","-122.30926127411202","0","0","0","0","0","0","0","1","0","0","0"
"3078","299","47.65455926515808","-122.3089030841334","0","0","0","0","0","0","0","1","0","0","0"
"3079","299","47.654819023680965","-122.30954601738156","0","0","0","0","0","0","0","1","0","0","0"
"3080","299","47.654856783511434","-122.30968929737462","0","0","0","0","0","0","0","1","0","0","0"
"3081","299","47.65477435994416","-122.30876258654907","0","0","0","0","0","0","0","1","0","0","0"
"3082","299","47.65465986630661","-122.30983807592278","0","0","0","0","0","0","0","1","0","0","0"
"3083","299","47.65440923478503","-122.30895498201376","0","0","0","0","0","0","0","1","0","0","0"
"3084","299","47.654505676203","-122.30978673725687","0","0","0","0","0","0","0","1","0","0","0"
"3085","299","47.65459312455517","-122.30914758984912","0","0","0","0","0","0","0","1","0","0","0"
"3086","299","47.654624372803006","-122.30867455280529","0","0","0","0","0","0","0","1","0","0","0"
"3087","299","47.65474961859567","-122.30857960119937","0","0","0","0","0","0","0","1","0","0","0"
"3088","299","47.65451757967529","-122.30859154038524","0","0","0","0","0","0","0","1","0","0","0"
"3089","299","47.654377351137505","-122.30850141189798","0","0","0","0","0","0","0","1","0","0","0"
"3090","299","47.65426192237805","-122.30842315277563","0","0","0","0","0","0","0","1","0","0","0"
"3091","299","47.65439954294052","-122.3083634429529","0","0","0","0","0","0","0","1","0","0","0"
"3092","299","47.65425972000119","-122.30821447315662","0","0","0","0","0","0","0","1","0","0","0"
"3093","299","47.65410422427313","-122.3087116498917","0","0","0","0","0","0","0","1","0","0","0"
"3094","299","47.6541068266175","-122.30852494364798","0","0","0","0","0","0","0","1","0","0","0"
"3095","299","47.65397320056685","-122.30880368639816","0","0","0","0","0","0","0","1","0","0","0"
"3096","299","47.6540973850995","-122.30838978263392","0","0","0","0","0","0","0","1","0","0","0"
"3097","299","47.65433992548504","-122.30865672248602","0","0","0","0","0","0","0","1","0","0","0"
"3098","287","35.67547739104838","139.69946669563745","0","1","6","0","0","0","0","1","95743","0","0"
"3099","292","35.21970840070794","139.04315962004915","0","1","6","0","0","0","0","1","95779","0","0"
"3100","292","35.219759973628506","139.04286227665156","0","0","0","0","0","0","0","1","95797","0","0"
"3235","309","42.45457660025439","-76.47871400633936","0","1","516","0","0","0","0","1","0","0","0"
"3229","300","47.65722552628349","-122.30943065696795","0","0","0","0","0","0","0","1","0","0","0"
"3228","300","47.65736530735615","-122.30941559520481","0","3","7","0","0","0","0","1","0","0","0"
"3227","300","47.65757352687448","-122.31031624605565","0","3","7","0","0","0","0","1","0","0","0"
"3226","300","47.65742939767888","-122.31035317180839","0","3","7","0","0","0","0","1","0","0","0"
"3225","300","47.657256260082875","-122.31050572518323","0","3","7","0","0","0","0","1","0","0","0"
"3224","300","47.65748324263322","-122.31048709414955","0","3","7","0","0","0","0","1","0","0","0"
"3223","300","47.65753301692986","-122.3101675510144","0","3","7","0","0","0","0","1","0","0","0"
"3222","300","47.65766835678589","-122.3100846955866","0","3","7","0","0","0","0","1","0","0","0"
"3221","300","47.65757646408952","-122.30979928850289","0","3","7","0","0","0","0","1","0","0","0"
"3220","300","47.657010192761035","-122.3097163025991","0","3","7","0","0","0","0","1","0","0","0"
"3219","300","47.65707941433757","-122.3103396958135","0","3","7","0","0","0","0","1","0","0","0"
"3218","300","47.657497667546366","-122.30944819562791","0","0","0","0","0","0","0","1","0","0","0"
"3217","300","47.657670059645376","-122.30961266185565","0","3","7","0","0","0","0","1","0","0","0"
"3216","300","47.65751432248614","-122.30958308797118","0","3","7","0","0","0","0","1","0","0","0"
"3215","300","47.65743341238071","-122.30979773330432","0","3","7","0","0","0","0","1","0","0","0"
"3214","300","47.657130233357464","-122.30993155725673","0","3","7","0","0","0","0","1","0","0","0"
"3213","300","47.657323811883586","-122.30970848680967","0","3","7","0","0","0","0","1","0","0","0"
"3212","300","47.65718408544874","-122.30975808055507","0","3","7","0","0","0","0","1","0","0","0"
"3211","300","47.65727696615338","-122.31033043568107","0","3","7","0","0","0","0","1","0","0","0"
"3210","300","47.65731746427377","-122.3099118210855","0","3","7","0","0","0","0","1","0","0","0"
"3209","300","47.657494439868906","-122.30996722520696","0","3","7","0","0","0","0","1","0","0","0"
"3208","300","47.65723337810594","-122.31002219359047","0","3","7","0","0","0","0","1","0","0","0"
"3207","300","47.65735790124344","-122.31007828372249","0","3","7","0","0","0","0","1","0","0","0"
"3125","301","47.65880333470855","-122.30533696512197","0","0","0","0","0","0","0","1","0","0","0"
"3126","301","47.658903879604274","-122.30542901651985","0","0","0","0","0","0","0","1","0","0","0"
"3127","301","47.65875625899316","-122.30519916309406","0","0","0","0","0","0","0","1","0","0","0"
"3128","301","47.658795921833345","-122.30477464224569","0","0","0","0","0","0","0","1","0","0","0"
"3129","301","47.65877050458521","-122.30497399233265","0","0","0","0","0","0","0","1","0","0","0"
"3130","301","47.6588859077778","-122.3050764651152","0","0","0","0","0","0","0","1","0","0","0"
"3131","301","47.65903313823661","-122.30533236259151","0","0","0","0","0","0","0","1","0","0","0"
"3132","301","47.658985733806375","-122.30518235571846","0","0","0","0","0","0","0","1","0","0","0"
"3133","301","47.65899527762387","-122.30554881719105","0","0","0","0","0","0","0","1","0","0","0"
"3134","301","47.65867442516326","-122.3050715834249","0","0","0","0","0","0","0","1","0","0","0"
"3135","301","47.65874987527078","-122.30547889402163","0","0","0","0","0","0","0","1","0","0","0"
"3136","302","47.501406218488555","8.730060437322873","0","2","1090","0","0","0","0","1","0","0","0"
"3137","302","47.50145516797323","8.730362258217824","0","2","1090","0","0","0","0","1","0","0","0"
"3138","302","47.50146309851542","8.730224103526604","0","2","1090","0","0","0","0","1","0","0","0"
"3139","302","47.50147698897918","8.730499542843681","0","2","1090","0","0","0","0","1","0","0","0"
"3140","302","47.50130843931709","8.730465781837484","0","2","1090","0","0","0","0","1","0","0","0"
"3141","303","47.50036514882246","8.728930475185651","0","2","1090","0","0","0","0","1","0","0","0"
"3142","303","47.500392589061825","8.729178095681204","0","2","1090","0","0","0","0","1","0","0","0"
"3143","303","47.50026846759471","8.729116632462674","0","2","1090","0","0","0","0","1","0","0","0"
"3144","303","47.50041283873304","8.729332104076224","0","2","1090","0","0","0","0","1","0","0","0"
"3145","303","47.5003419999752","8.728748988909524","0","2","1090","0","0","0","0","1","0","0","0"
"3146","303","47.50033948258715","8.728599759739751","0","2","1090","0","0","0","0","1","0","0","0"
"3147","303","47.50024004663003","8.729303210374924","0","2","1090","0","0","0","0","1","0","0","0"
"3148","303","47.500320798680086","8.72946293599986","0","2","1090","0","0","0","0","1","0","0","0"
"3149","303","47.50040530020872","8.729573075231713","0","2","1090","0","0","0","0","1","0","0","0"
"3150","303","47.50049510348413","8.729452920672449","0","2","1090","0","0","0","0","1","96268","0","0"
"3151","302","47.501782077841476","8.730449611451602","0","2","1090","0","0","0","0","1","96584","0","0"
"3152","302","47.501653818295125","8.730494655946675","0","2","1090","0","0","0","0","1","96616","0","0"
"3153","302","47.50188869332531","8.730579679820027","0","2","1090","0","0","0","0","1","96634","0","0"
"3154","302","47.50189858288761","8.730354630622537","0","2","1090","0","0","0","0","1","96681","0","0"
"3155","302","47.50203821262217","8.730594913751265","0","2","1090","0","0","0","0","1","96701","0","0"
"3156","302","47.50191757395841","8.730215599535844","0","2","1090","0","0","0","0","1","96767","0","0"
"3157","303","47.50020063405239","8.728412239312304","0","2","1090","0","0","0","0","1","97035","0","0"
"3158","303","47.50020409813993","8.728587907889626","0","2","1090","0","0","0","0","1","97035","0","0"
"3159","303","47.50050235604025","8.728575340994718","0","2","1090","0","0","0","0","1","97051","0","0"
"3160","303","47.500575420861416","8.72956224254171","0","2","1090","0","0","0","0","1","97129","0","0"
"3161","303","47.500631974262205","8.729408477171212","0","2","1090","0","0","0","0","1","97131","0","0"
"3162","302","47.5013251345049","8.729950294475122","0","2","1090","0","0","0","0","1","97243","0","0"
"3163","302","47.50132081271913","8.730248064577276","0","2","1090","0","0","0","0","1","97363","0","0"
"3164","302","47.50135771826281","8.729817160409258","0","2","1090","0","0","0","0","1","97418","0","0"
"3165","302","47.50147864833171","8.729905209839073","0","2","1090","0","0","0","0","1","97438","0","0"
"3166","303","47.50033776163928","8.728452477685478","0","2","1090","0","0","0","0","1","97528","0","0"
"3167","302","47.501628804329734","8.729894778514446","0","2","1090","0","0","0","0","1","97541","0","0"
"3168","302","47.50178186385842","8.729891685884644","0","2","1090","0","0","0","0","1","97565","0","0"
"3169","302","47.50189121374043","8.729807735149128","0","2","1090","0","0","0","0","1","97567","0","0"
"3170","303","47.50059701618471","8.729259709794903","0","2","1090","0","0","0","0","1","97776","0","0"
"3171","302","47.501763938058396","8.73007408189682","0","2","1090","0","0","0","0","1","97800","0","0"
"3172","302","47.50191181704105","8.730079320724517","0","2","1090","0","0","0","0","1","98319","0","0"
"3173","304","47.502927146104156","8.731052272812068","0","2","1090","0","0","0","0","1","0","0","0"
"3174","304","47.503116605408415","8.731172249641654","0","2","1090","0","0","0","0","1","0","0","0"
"3175","305","47.500708836070196","8.731299189106934","0","2","1090","0","0","0","0","1","0","0","0"
"3176","305","47.500715822887344","8.731543607029066","0","2","1090","0","0","0","0","1","0","0","0"
"3177","305","47.50085090366981","8.731232599897597","0","2","1090","0","0","0","0","1","0","0","0"
"3178","305","47.50086922987984","8.731693790035619","0","2","1090","0","0","0","0","1","0","0","0"
"3179","305","47.500809734150224","8.731404568426917","0","2","1090","0","0","0","0","1","0","0","0"
"3180","305","47.50070865345196","8.731156367183617","0","2","1090","0","0","0","0","1","0","0","0"
"3181","305","47.50072750528077","8.731743454038229","0","2","1090","0","0","0","0","1","0","0","0"
"3182","305","47.500595683897956","8.73143844858405","0","2","1090","0","0","0","0","1","0","0","0"
"3183","305","47.500867733607706","8.731557584579003","0","2","1090","0","0","0","0","1","0","0","0"
"3184","302","47.501381824565854","8.730744344334399","0","2","1090","0","0","0","0","1","98640","0","0"
"3185","302","47.50151885243788","8.730676843110029","0","2","1090","0","0","0","0","1","98641","0","0"
"3186","304","47.50313320399152","8.730897358310829","0","0","0","0","0","0","0","1","98701","0","0"
"3187","305","47.50053015336737","8.731589676500935","0","2","1090","0","0","0","0","1","98737","0","0"
"3188","304","47.50298477376824","8.731212082615649","0","2","1090","0","0","0","0","1","98742","0","0"
"3189","306","47.50296146532646","8.731103452090291","0","2","1090","0","0","0","0","1","0","0","0"
"3190","306","47.50307328426409","8.73082687890077","0","2","1090","0","0","0","0","1","0","0","0"
"3191","306","47.50292860492859","8.731246309788686","0","2","1090","0","0","0","0","1","0","0","0"
"3192","306","47.50311144312188","8.731100619287146","0","2","1090","0","0","0","0","1","0","0","0"
"3193","306","47.5029394982892","8.730950159136304","0","2","1090","0","0","0","0","1","99164","0","0"
"3194","302","47.50165290984108","8.73065442115833","0","2","1090","0","0","0","0","1","99372","0","0"
"3195","302","47.50187389532851","8.730717405186276","0","2","1090","0","0","0","0","1","99372","0","0"
"3196","302","47.501984287584364","8.730835278084204","0","2","1090","0","0","0","0","1","99372","0","0"
"3197","302","47.501788723208215","8.73083690096497","0","2","1090","0","0","0","0","1","99372","0","0"
"3198","305","47.500528034660945","8.73125803541391","0","2","1090","0","0","0","0","1","99503","0","0"
"3199","303","47.50058865575104","8.729091813971799","0","2","1090","0","0","0","0","1","100085","0","0"
"3200","306","47.50282605448354","8.731128880644743","0","2","1090","0","0","0","0","1","100115","0","0"
"3201","307","44.938707566796715","-123.03015923335016","0","4","554","0","0","0","0","1","0","0","0"
"3234","309","42.454663202652135","-76.47882763187498","0","1","516","0","0","0","0","1","0","0","0"
"3233","309","42.454665800882424","-76.47904489553545","0","1","516","0","0","0","0","1","0","0","0"
"3232","309","42.45480117759547","-76.47906814223407","0","1","516","0","0","0","0","1","0","0","0"
"3231","309","42.45480487524782","-76.47877301316821","0","0","0","0","0","0","0","1","0","0","0"
"3230","309","42.45477627120666","-76.4789199473512","0","0","0","0","0","0","0","1","0","0","0"
"3236","309","42.45454034549176","-76.47898915562834","0","1","516","0","0","0","0","1","0","0","0"
"3237","309","42.454476158453836","-76.47881875967968","0","1","516","0","0","0","0","1","0","0","0"
"3238","309","42.454792507874245","-76.47925178625101","0","0","0","0","0","0","0","1","0","0","0"
"3239","309","42.45454517105301","-76.47832173097989","0","0","0","0","0","0","0","1","0","0","0"
"3240","309","42.45456202923479","-76.47857172509431","0","1","516","0","0","0","0","1","0","0","0"
"3241","309","42.45470285065363","-76.47851744292792","0","1","516","0","0","0","0","1","0","0","0"
"3242","309","42.454702138436424","-76.47936423171642","0","1","516","0","0","0","0","1","0","0","0"
"3243","309","42.45456420537034","-76.47917910430037","0","0","0","0","0","0","0","1","0","0","0"
"3244","309","42.45462087580239","-76.47947483546598","0","1","516","0","0","0","0","1","0","0","0"
"3245","309","42.45451351421532","-76.47937367162191","0","0","0","0","0","0","0","1","0","0","0"
"3246","309","42.45432758413941","-76.47942281321218","0","0","0","0","0","0","0","1","0","0","0"
"3247","309","42.45439266243799","-76.4792189929367","0","0","0","0","0","0","0","1","0","0","0"
"3248","309","42.454250115411334","-76.47930674945621","0","0","0","0","0","0","0","1","0","0","0"
"3249","309","42.45433616238642","-76.47897906215364","0","1","516","0","0","0","0","1","0","0","0"
"3250","309","42.45426270601266","-76.47909602062244","0","1","516","0","0","0","0","1","0","0","0"
"3251","309","42.45408797140984","-76.47929819294407","0","1","516","0","0","0","0","1","0","0","0"
"3252","309","42.454107491912225","-76.4790776572069","0","0","0","0","0","0","0","1","0","0","0"
"3253","309","42.454368904919036","-76.4795931344827","0","0","0","0","0","0","0","1","0","0","0"
"3254","309","42.454167707170924","-76.47942399003624","0","0","0","0","0","0","0","1","0","0","0"
"3255","309","42.454189142742","-76.47959966893494","0","0","0","0","0","0","0","1","0","0","0"
"3256","309","42.45450909736024","-76.47966377251291","0","0","0","0","0","0","0","1","0","0","0"
"3257","309","42.45464947324223","-76.47961240585065","0","0","0","0","0","0","0","1","0","0","0"
"3258","309","42.454777287583504","-76.47954872632323","0","0","0","0","0","0","0","1","0","0","0"
"3259","309","42.45476707399581","-76.47973989396267","0","0","0","0","0","0","0","1","0","0","0"
"3260","309","42.45488523794935","-76.47943661700657","0","0","0","0","0","0","0","1","0","0","0"
"3261","309","42.45493836425199","-76.47931187963859","0","0","0","0","0","0","0","1","0","0","0"
"3262","309","42.454890725016476","-76.47964373211606","0","0","0","0","0","0","0","1","0","0","0"
"3263","309","42.45501698660126","-76.47973220500968","0","0","0","0","0","0","0","1","0","0","0"
"3264","309","42.453969298975565","-76.47906413961674","0","0","0","0","0","0","0","1","0","0","0"
"3265","309","42.45506140186593","-76.47924524231694","0","0","0","0","0","0","0","1","0","0","0"
"3266","309","42.45459081125682","-76.47986882834962","0","0","0","0","0","0","0","1","0","0","0"
"3267","309","42.454282792606385","-76.47989455579619","0","0","0","0","0","0","0","1","0","0","0"
"3268","310","42.44734418071312","-76.48432205014178","0","0","0","0","0","0","0","1","0","0","0"
"3269","310","42.44740106652234","-76.48445429260873","0","0","0","0","0","0","0","1","0","0","0"
"3270","310","42.44724064503339","-76.48423472225299","0","0","0","0","0","0","0","1","0","0","0"
"3271","310","42.4471546562955","-76.48412922311233","0","0","0","0","0","0","0","1","0","0","0"
"3272","310","42.44712864633014","-76.48437078973907","0","0","0","0","0","0","0","1","0","0","0"
"3273","310","42.447118619527025","-76.48455701263192","0","0","0","0","0","0","0","1","0","0","0"
"3274","310","42.447144457935394","-76.48475819911776","0","0","0","0","0","0","0","1","0","0","0"
"3275","310","42.44735423037186","-76.48463675506937","0","0","0","0","0","0","0","1","0","0","0"
"3276","310","42.447279948794815","-76.48476123207989","0","0","0","0","0","0","0","1","0","0","0"
"3277","311","42.44959003290929","-76.48317013303581","0","0","0","0","0","0","0","1","0","0","0"
"3278","311","42.44944921857924","-76.48314874733427","0","0","0","0","0","0","0","1","0","0","0"
"3279","311","42.44960721008042","-76.48330910926231","0","0","0","0","0","0","0","1","0","0","0"
"3280","311","42.449455920515206","-76.48333857160533","0","0","0","0","0","0","0","1","0","0","0"
"3281","311","42.44906635528437","-76.48328773736547","0","0","0","0","0","0","0","1","0","0","0"
"3282","311","42.44958934193849","-76.48344412726819","0","0","0","0","0","0","0","1","0","0","0"
"3283","311","42.44958169530682","-76.48359022533337","0","0","0","0","0","0","0","1","0","0","0"
"3284","311","42.44961314152905","-76.48303391370807","0","0","0","0","0","0","0","1","0","0","0"
"3285","311","42.448700796395066","-76.48327381526845","0","0","0","0","0","0","0","1","0","0","0"
"3286","311","42.44952131169888","-76.48374012956036","0","0","0","0","0","0","0","1","0","0","0"
"3287","311","42.44916523015136","-76.48339641149994","0","0","0","0","0","0","0","1","0","0","0"
"3288","311","42.448810908006365","-76.48344425837642","0","0","0","0","0","0","0","1","0","0","0"
"3289","311","42.449017825315465","-76.48345281944682","0","0","0","0","0","0","0","1","0","0","0"
"3290","311","42.449050736318895","-76.48377725289427","0","1","516","0","0","0","0","1","0","0","0"
"3291","311","42.44971952481953","-76.48377916715832","0","0","0","0","0","0","0","1","0","0","0"
"3292","311","42.44933732694197","-76.48376791835645","0","1","516","0","0","0","0","1","0","0","0"
"3293","311","42.449526643962585","-76.4838944368003","0","0","0","0","0","0","0","1","0","0","0"
"3294","311","42.449408722312526","-76.48403047088291","0","0","0","0","0","0","0","1","0","0","0"
"3295","311","42.44923301646671","-76.48367500727966","0","1","516","0","0","0","0","1","0","0","0"
"3296","311","42.44927640404481","-76.48389475808955","0","1","516","0","0","0","0","1","0","0","0"
"3297","311","42.44913820067119","-76.48395182988718","0","1","516","0","0","0","0","1","0","0","0"
"3298","311","42.44895135053325","-76.4836810052222","0","1","516","0","0","0","0","1","0","0","0"
"3299","311","42.44895658542417","-76.48392935542222","0","1","516","0","0","0","0","1","0","0","0"
"3300","311","42.44848949062231","-76.4837873694598","0","0","0","0","0","0","0","1","0","0","0"
"3301","311","42.44868336837385","-76.48394342567565","0","0","0","0","0","0","0","1","0","0","0"
"3302","311","42.44931469084593","-76.48347044694953","0","0","0","0","0","0","0","1","0","0","0"
"3303","311","42.44902990875883","-76.48411862944629","0","0","0","0","0","0","0","1","0","0","0"
"3304","311","42.44881333174001","-76.48389615924432","0","0","0","0","0","0","0","1","0","0","0"
"3305","311","42.44870713681007","-76.4837388315598","0","0","0","0","0","0","0","1","0","0","0"
"3306","311","42.44843765232166","-76.48365969995054","0","0","0","0","0","0","0","1","0","0","0"
"3307","311","42.44851707913625","-76.48318187458965","0","1","516","0","0","0","0","1","0","0","0"
"3308","311","42.44853053379675","-76.48345640401224","0","0","0","0","0","0","0","1","0","0","0"
"3309","311","42.44851800875092","-76.48331849297517","0","0","0","0","0","0","0","1","0","0","0"
"3310","311","42.44843142500354","-76.48395097332453","0","0","0","0","0","0","0","1","0","0","0"
"3311","311","42.44838347789446","-76.48350820401309","0","0","0","0","0","0","0","1","0","0","0"
"3312","311","42.44864802453414","-76.48314891895144","0","0","0","0","0","0","0","1","0","0","0"
"3313","312","42.45084794026899","-76.48529349775902","0","0","0","0","0","0","0","1","0","0","0"
"3314","312","42.45101177103455","-76.48522938402834","0","0","0","0","0","0","0","1","0","0","0"
"3315","312","42.45082316718692","-76.48542937431606","0","0","0","0","0","0","0","1","0","0","0"
"3316","312","42.450852419893444","-76.48515799047375","0","0","0","0","0","0","0","1","0","0","0"
"3317","312","42.45070939377013","-76.48518064601313","0","0","0","0","0","0","0","1","0","0","0"
"3318","312","42.45096099974644","-76.48504435355632","0","0","0","0","0","0","0","1","0","0","0"
"3319","312","42.45096520465122","-76.48547766566794","0","0","0","0","0","0","0","1","0","0","0"
"3320","312","42.45071040889582","-76.48550437105294","0","0","0","0","0","0","0","1","0","0","0"
"3321","312","42.45077651662887","-76.48504293210814","0","0","0","0","0","0","0","1","0","0","0"
"3322","312","42.45102764656987","-76.48491341564015","0","0","0","0","0","0","0","1","0","0","0"
"3323","313","42.45001075262647","-76.4854612541136","0","0","0","0","0","0","0","1","0","0","0"
"3324","313","42.45000767295488","-76.48531103408583","0","0","0","0","0","0","0","1","0","0","0"
"3325","313","42.45014896644315","-76.4854672615984","0","0","0","0","0","0","0","1","0","0","0"
"3326","313","42.45031516485579","-76.48546632435362","0","0","0","0","0","0","0","1","0","0","0"
"3327","313","42.4503187937892","-76.48528135322107","0","0","0","0","0","0","0","1","0","0","0"
"3328","313","42.45015026586328","-76.48527366104888","0","0","0","0","0","0","0","1","0","0","0"
"3329","313","42.450450354460536","-76.48547134414531","0","0","0","0","0","0","0","1","0","0","0"
"3330","313","42.4504552721046","-76.48528403775262","0","0","0","0","0","0","0","1","0","0","0"
"3331","314","42.44674364574147","-76.48597277748497","0","0","0","0","0","0","0","1","0","0","0"
"3332","314","42.446766755200606","-76.48575557566595","0","0","0","0","0","0","0","1","0","0","0"
"3333","314","42.44687807802488","-76.48592626064462","0","0","0","0","0","0","0","1","0","0","0"
"3334","314","42.44683989550525","-76.4856301511156","0","0","0","0","0","0","0","1","0","0","0"
"3335","314","42.44652442003554","-76.48594904276295","0","0","0","0","0","0","0","1","0","0","0"
"3336","314","42.446632797022126","-76.48605462169198","0","0","0","0","0","0","0","1","0","0","0"
"3337","314","42.44680764987549","-76.48609209089324","0","0","0","0","0","0","0","1","0","0","0"
"3338","314","42.446803460729186","-76.4854873571388","0","0","0","0","0","0","0","1","0","0","0"
"3339","314","42.44637583118342","-76.48592526755118","0","0","0","0","0","0","0","1","0","0","0"
"3340","314","42.44660396430348","-76.48575448718259","0","0","0","0","0","0","0","1","0","0","0"
"3341","314","42.446503489250766","-76.48562109626566","0","0","0","0","0","0","0","1","0","0","0"
"3342","314","42.44636344566221","-76.48574160949931","0","0","0","0","0","0","0","1","0","0","0"
"3343","314","42.446339982036676","-76.4854900053612","0","0","0","0","0","0","0","1","0","0","0"
"3344","314","42.44636230889597","-76.48614565978214","0","0","0","0","0","0","0","1","0","0","0"
"3345","314","42.446528266503385","-76.48617628815846","0","0","0","0","0","0","0","1","0","0","0"
"3346","314","42.44666765387945","-76.48548182402195","0","0","0","0","0","0","0","1","0","0","0"
"3347","314","42.44671343324759","-76.48534913470385","0","0","0","0","0","0","0","1","0","0","0"
"3348","314","42.4464962116833","-76.48547253177453","0","0","0","0","0","0","0","1","0","0","0"
"3349","314","42.44630033254058","-76.4856190805479","0","0","0","0","0","0","0","1","0","0","0"
"3350","314","42.4463324471532","-76.48534812386089","0","0","0","0","0","0","0","1","0","0","0"
"3351","302","47.502010172771406","8.729976607211473","0","2","1090","0","0","0","0","1","100851","0","0"
"3352","302","47.50178917714385","8.730260498068702","0","2","1090","0","0","0","0","1","102105","0","0"
"3353","306","47.50310863069806","8.731235981563835","0","2","1090","0","0","0","0","1","102259","0","0"
"3354","306","47.503125119635015","8.730960038460672","0","2","1090","0","0","0","0","1","102355","0","0"
"3355","305","47.50081130206827","8.731054288587073","0","2","1090","0","0","0","0","1","103160","0","0"
"3356","305","47.500971762106516","8.731148557676416","0","2","1090","0","0","0","0","1","103196","0","0"
"3357","302","47.50210088731481","8.730725630872774","0","2","1090","0","0","0","0","1","103301","0","0"
"3358","302","47.50214519754778","8.729968668325684","0","0","0","0","0","0","0","1","103301","0","0"
"3359","315","47.55372382098226","-122.55322857725916","0","0","0","0","0","0","0","1","0","0","0"
"3360","315","47.55364376830505","-122.553119630939","0","0","0","0","0","0","0","1","0","0","0"
"3361","316","44.93786984648199","-122.9725450245045","0","0","0","0","0","0","0","1","0","0","0"
"3362","305","47.50056193479691","8.73173346936861","0","2","1090","0","0","0","0","1","103828","0","0"
"3363","302","47.50218972870018","8.730609720652206","0","2","1090","0","0","0","0","1","103839","0","0"
"3364","317","25.176039690137955","121.43471190280586","0","4","1212","0","0","0","0","1","0","0","0"
"3365","318","34.06920405603135","-118.44326771729355","0","0","0","0","0","0","0","1","0","0","0"
"3366","305","47.5010155194129","8.731683969631247","0","2","1090","0","0","0","0","1","104446","0","0"
"3367","305","47.50103625030696","8.731833817876755","0","2","1090","0","0","0","0","1","104576","0","0"
"3368","305","47.50115114943212","8.731682521198174","0","2","1090","0","0","0","0","1","104619","0","0"
"3369","322","43.07606092372349","-89.39834870036408","0","2","2031","0","0","0","0","1","0","0","0"
"3370","322","43.07609926326146","-89.39853377158302","0","2","2031","0","0","0","0","1","0","0","0"
"3371","323","51.45164735030213","-2.601401646249367","0","0","0","0","0","0","0","1","0","0","0"
"3372","323","51.45161062748622","-2.601263123902291","0","0","0","0","0","0","0","1","0","0","0"
"3373","323","51.451261506022576","-2.601066387425758","0","0","0","0","0","0","0","1","0","0","0"
"3374","323","51.45175587227953","-2.601540543166766","0","0","0","0","0","0","0","1","0","0","0"
"3375","323","51.45177613145677","-2.601317354209073","0","0","0","0","0","0","0","1","0","0","0"
"3376","323","51.451796316067714","-2.6011830772852784","0","0","0","0","0","0","0","1","0","0","0"
"3377","323","51.45175877237039","-2.6006546811805786","0","0","0","0","0","0","0","1","0","0","0"
"3378","323","51.451808961747346","-2.60100782916262","0","0","0","0","0","0","0","1","0","0","0"
"3379","323","51.451722524041266","-2.600793591594088","0","0","0","0","0","0","0","1","0","0","0"
"3380","323","51.45186596765311","-2.600835310102597","0","0","0","0","0","0","0","1","0","0","0"
"3381","323","51.45197961469686","-2.599883702762264","0","0","0","0","0","0","0","1","0","0","0"
"3382","323","51.45190937919232","-2.6015447071446673","0","0","0","0","0","0","0","1","0","0","0"
"3383","323","51.451891770690374","-2.600596968499016","0","0","0","0","0","0","0","1","0","0","0"
"3384","323","51.45190112559108","-2.601368825730412","0","0","0","0","0","0","0","1","0","0","0"
"3385","324","51.45164735030213","-2.601401646249367","0","0","0","0","0","0","0","1","0","0","0"
"3386","324","51.45161062748622","-2.601263123902291","0","0","0","0","0","0","0","1","0","0","0"
"3387","324","51.451261506022576","-2.601066387425758","0","0","0","0","0","0","0","1","0","0","0"
"3388","324","51.45175587227953","-2.601540543166766","0","0","0","0","0","0","0","1","0","0","0"
"3389","324","51.45177613145677","-2.601317354209073","0","0","0","0","0","0","0","1","0","0","0"
"3390","324","51.451796316067714","-2.6011830772852784","0","0","0","0","0","0","0","1","0","0","0"
"3391","324","51.45175877237039","-2.6006546811805786","0","0","0","0","0","0","0","1","0","0","0"
"3392","324","51.451808961747346","-2.60100782916262","0","0","0","0","0","0","0","1","0","0","0"
"3393","324","51.451722524041266","-2.600793591594088","0","0","0","0","0","0","0","1","0","0","0"
"3394","324","51.45186596765311","-2.600835310102597","0","0","0","0","0","0","0","1","0","0","0"
"3395","324","51.45197961469686","-2.599883702762264","0","0","0","0","0","0","0","1","0","0","0"
"3396","324","51.45190937919232","-2.6015447071446673","0","0","0","0","0","0","0","1","0","0","0"
"3397","324","51.451891770690374","-2.600596968499016","0","0","0","0","0","0","0","1","0","0","0"
"3398","324","51.45190112559108","-2.601368825730412","0","0","0","0","0","0","0","1","0","0","0"
"3399","325","51.45164735030213","-2.601401646249367","0","0","0","0","0","0","0","1","0","0","0"
"3400","325","51.45161062748622","-2.601263123902291","0","0","0","0","0","0","0","1","0","0","0"
"3401","325","51.451261506022576","-2.601066387425758","0","0","0","0","0","0","0","1","0","0","0"
"3402","325","51.45175587227953","-2.601540543166766","0","0","0","0","0","0","0","1","0","0","0"
"3403","325","51.45177613145677","-2.601317354209073","0","0","0","0","0","0","0","1","0","0","0"
"3404","325","51.451796316067714","-2.6011830772852784","0","0","0","0","0","0","0","1","0","0","0"
"3405","325","51.45175877237039","-2.6006546811805786","0","0","0","0","0","0","0","1","0","0","0"
"3406","325","51.451808961747346","-2.60100782916262","0","0","0","0","0","0","0","1","0","0","0"
"3407","325","51.451722524041266","-2.600793591594088","0","0","0","0","0","0","0","1","0","0","0"
"3408","325","51.45186596765311","-2.600835310102597","0","0","0","0","0","0","0","1","0","0","0"
"3409","325","51.45197961469686","-2.599883702762264","0","0","0","0","0","0","0","1","0","0","0"
"3410","325","51.45190937919232","-2.6015447071446673","0","0","0","0","0","0","0","1","0","0","0"
"3411","325","51.451891770690374","-2.600596968499016","0","0","0","0","0","0","0","1","0","0","0"
"3412","325","51.45190112559108","-2.601368825730412","0","0","0","0","0","0","0","1","0","0","0"
"3413","326","25.17601015314019","121.43491448430122","0","0","0","0","0","0","0","1","0","0","0"
"3414","327","43.075858277911415","-89.40082936963084","0","2","2031","0","0","0","0","1","0","0","0"
"3415","327","43.076032989812","-89.40082783561158","0","2","2031","0","0","0","0","1","0","0","0"
"3416","327","43.07569544942445","-89.40085673313483","0","2","2031","0","0","0","0","1","0","0","0"
"3417","327","43.07556971648844","-89.40079526836216","0","2","2031","0","0","0","0","1","0","0","0"
"3418","328","47.608809301413075","-122.34049228107168","0","0","0","0","0","0","0","1","0","0","0"
"3419","328","47.608882644914445","-122.34031864928436","0","0","0","0","0","0","0","1","0","0","0"
"3420","328","47.60881183196036","-122.34063617834224","0","0","0","0","0","0","0","1","0","0","0"
"3421","329","43.07160951643128","-89.40454907078866","0","0","0","0","0","0","0","1","0","0","0"
"3422","330","43.07221792553907","-89.40214833576552","0","2","1961","0","0","0","0","1","0","0","0"
"3423","330","43.07224701029086","-89.40231932998961","0","2","1961","0","0","0","0","1","0","0","0"
"3424","330","43.07234180826521","-89.40171196272802","0","2","1961","0","0","0","0","1","0","0","0"
"3425","330","43.07232313400119","-89.40192105322063","0","2","1961","0","0","0","0","1","0","0","0"
"3426","330","43.07242123918858","-89.40207676116921","0","2","1961","0","0","0","0","1","0","0","0"
"3427","330","43.07220187761729","-89.4015831088676","0","2","1961","0","0","0","0","1","0","0","0"
"3428","330","43.07219472110419","-89.40187843563557","0","2","1961","0","0","0","0","1","0","0","0"
"3429","330","43.07219980559786","-89.40173604336204","0","2","1961","0","0","0","0","1","0","0","0"
"3430","330","43.07269979956276","-89.402091026096","0","2","1961","0","0","0","0","1","104796","0","0"
"3431","330","43.07272116802984","-89.40176503852157","0","2","1961","0","0","0","0","1","104796","0","0"
"3432","322","43.07606522343864","-89.39819325821385","0","2","2031","0","0","0","0","1","104915","0","0"
"3433","331","43.07476401512967","-89.39922472741608","0","0","0","0","0","0","0","1","0","0","0"
"3434","332","43.073976460585314","-89.40601700452177","0","1","1975","0","0","0","0","1","0","0","0"
"3435","332","43.073760988967805","-89.4059337178532","0","1","1975","0","0","0","0","1","0","0","0"
"3436","332","43.07410890061578","-89.4059463271322","0","1","1975","0","0","0","0","1","0","0","0"
"3437","333","43.07361127697344","-89.40593755815641","0","1","1975","0","0","0","0","1","0","0","0"
"3438","333","43.07360803291537","-89.40575537340153","0","1","1975","0","0","0","0","1","0","0","0"
"3439","337","43.075475590205954","-89.40655223839693","0","0","0","0","0","0","0","1","0","0","0"
"3440","338","43.07367624775591","-89.40290230159133","0","0","0","0","0","0","0","1","0","0","0"
"3441","340","43.07231863703115","-89.406021764784","0","0","0","0","0","0","0","1","0","0","0"
"3442","340","43.072437219964435","-89.40593470584056","0","0","0","0","0","0","0","1","0","0","0"
"3443","340","43.07227393820893","-89.40588727651503","0","0","0","0","0","0","0","1","0","0","0"
"3444","341","43.07452630753965","-89.4059305655024","0","2","2065","0","0","0","0","1","0","0","0"
"3445","341","43.07485249776526","-89.40594274623675","0","2","2065","0","0","0","0","1","0","0","0"
"3446","341","43.07469339714891","-89.40593621273148","0","2","2065","0","0","0","0","1","0","0","0"
"3447","341","43.074483969874876","-89.40615241818578","0","2","2065","0","0","0","0","1","0","0","0"
"3448","341","43.074992554838005","-89.40590961158134","0","2","2065","0","0","0","0","1","0","0","0"
"3449","341","43.07461937060534","-89.40613942650837","0","2","2065","0","0","0","0","1","0","0","0"
"3450","341","43.07440836092407","-89.40603431224464","0","2","2065","0","0","0","0","1","0","0","0"
"3451","341","43.07432579533528","-89.40592668184084","0","2","2065","0","0","0","0","1","0","0","0"
"3452","341","43.074231253565614","-89.40603205151885","0","2","2065","0","0","0","0","1","0","0","0"
"3453","341","43.07477962037111","-89.40615679155576","0","2","2065","0","0","0","0","1","0","0","0"
"3454","341","43.074900907589445","-89.40609086457226","0","2","2065","0","0","0","0","1","0","0","0"
"3455","341","43.07505230780296","-89.40607957590335","0","2","2065","0","0","0","0","1","105257","0","0"
"3456","341","43.07491646995729","-89.40574105991732","0","2","2065","0","0","0","0","1","105258","0","0"
"3457","342","43.07603038314191","-89.40508489139872","0","4","2082","0","0","0","0","1","0","0","0"
"3458","344","43.075493553934294","-89.4103502133403","0","0","0","0","0","0","0","1","0","0","0"
"3459","344","43.075462057549586","-89.41021057799617","0","0","0","0","0","0","0","1","0","0","0"
"3460","345","43.07569408003998","-89.4040574242618","0","0","0","0","0","0","0","1","0","0","0"
"3461","345","43.075786366363886","-89.40385071826789","0","0","0","0","0","0","0","1","0","0","0"
"3462","347","43.06780147467034","-89.39898848632554","0","0","0","0","0","0","0","1","0","0","0"
"3463","348","43.068331795740335","-89.41297641563094","0","0","0","0","0","0","0","1","0","0","0"
"3464","348","43.068502246342355","-89.41300833002187","0","0","0","0","0","0","0","1","0","0","0"
"3465","348","43.068658254852295","-89.41300899439251","0","0","0","0","0","0","0","1","0","0","0"
"3466","348","43.06831935566581","-89.41276095291887","0","0","0","0","0","0","0","1","0","0","0"
"3467","348","43.06831627692476","-89.41250298310247","0","0","0","0","0","0","0","1","0","0","0"
"3468","348","43.068316242958026","-89.41235582194763","0","0","0","0","0","0","0","1","0","0","0"
"3469","349","43.07532617818334","-89.40371120319736","0","0","0","0","0","0","0","1","0","0","0"
"3470","349","43.07544493918254","-89.40382218271506","0","0","0","0","0","0","0","1","0","0","0"
"3471","349","43.075278603377164","-89.40383855846272","0","0","0","0","0","0","0","1","0","0","0"
"3472","349","43.075491330512996","-89.40359643895859","0","0","0","0","0","0","0","1","0","0","0"
"3473","351","47.653397779563015","-122.3069502507135","0","0","0","0","0","0","0","1","0","0","0"
"3474","351","47.65336580849956","-122.30679516012388","0","0","0","0","0","0","0","1","0","0","0"
"3475","351","47.6534829986037","-122.30705632816628","0","0","0","0","0","0","0","1","0","0","0"
"3476","351","47.65329892339702","-122.30623874738664","0","0","0","0","0","0","0","1","0","0","0"
"3477","351","47.653428566335236","-122.30606177916324","0","0","0","0","0","0","0","1","0","0","0"
"3478","351","47.65327483901006","-122.30700734279667","0","0","0","0","0","0","0","1","0","0","0"
"3479","351","47.653480607249506","-122.30725164419263","0","0","0","0","0","0","0","1","0","0","0"
"3480","351","47.653470668741676","-122.30620525481942","0","0","0","0","0","0","0","1","0","0","0"
"3481","351","47.653252638935626","-122.30664593082501","0","0","0","0","0","0","0","1","0","0","0"
"3482","351","47.65349000979381","-122.30635453196214","0","0","0","0","0","0","0","1","0","0","0"
"3483","353","37.861120835572656","-84.65834555833183","0","1","2490","0","0","0","0","1","0","0","0"
"3484","353","37.861426350422285","-84.65842024991888","0","1","2490","0","0","0","0","1","0","0","0"
"3485","353","37.86127922809894","-84.65852002397632","0","1","2490","0","0","0","0","1","0","0","0"
"3486","353","37.86130890801556","-84.658833317935","0","1","2490","0","0","0","0","1","0","0","0"
