"image_id","player_id","lat","lng","name"
"145766","647","38.88875572755459","-77.02495542717213","Arts and Industries Building"
"145767","647","38.888751562820694","-77.02494493826765","Arts and Industries Building"
"145768","647","38.88868537673265","-77.02495940369496","Arts and Industries Building"
"145769","647","38.888663314408724","-77.02494980369727","Arts and Industries Building"
"145770","647","38.88863817168871","-77.02489587451134","Arts and Industries Building"
"145771","647","38.88862447686042","-77.02485480440339","Arts and Industries Building"
"145772","647","38.88862244429331","-77.0247605229927","Arts and Industries Building"
"145773","647","38.888634086326455","-77.02464316734059","Arts and Industries Building"
"145774","647","38.8886346326585","-77.02464321896878","Arts and Industries Building"
"145775","647","38.888673632591264","-77.02449203009944","Arts and Industries Building"
"145776","647","38.88867406727923","-77.024491067461","Arts and Industries Building"
"145777","647","38.88867323048833","-77.02449066159534","Arts and Industries Building"
"145778","647","38.88867362581522","-77.02449314434307","Arts and Industries Building"
"145779","647","38.888664680666196","-77.02442821744269","Arts and Industries Building"
"145780","647","38.88866320581252","-77.0244270187746","Arts and Industries Building"
"145781","647","38.88865135907889","-77.02439124523265","Arts and Industries Building"
"145782","647","38.88864553804405","-77.02433979782022","Arts and Industries Building"
"145783","647","38.88863176684903","-77.02427685672806","Arts and Industries Building"
"145786","647","38.88866956443825","-77.02427603014955","Arts and Industries Building"
"145787","647","38.88866418148126","-77.0242626631627","Arts and Industries Building"
"145788","647","38.88868161172545","-77.02376328226983","Arts and Industries Building"
"145800","647","38.88865400849311","-77.0246634353445","Arts and Industries Building"
"145801","647","38.88870537542867","-77.0246772267124","Arts and Industries Building"
"145802","647","38.88872171287344","-77.02453127969902","Arts and Industries Building"
"145803","647","38.88872206570044","-77.02453122240652","Arts and Industries Building"
"145804","647","38.88873397302393","-77.02445141562056","Arts and Industries Building"
"145805","647","38.88873131704925","-77.02445121189514","Arts and Industries Building"
"145806","647","38.88872046469996","-77.02446047234027","Arts and Industries Building"
"145807","647","38.88872295378573","-77.02444604338368","Arts and Industries Building"
"145808","647","38.888745345204974","-77.0242913248261","Arts and Industries Building"
"145810","647","38.888741549513604","-77.02414806676593","Arts and Industries Building"
"145811","647","38.88868291406105","-77.02389458394852","Arts and Industries Building"
"145812","647","38.88867705174271","-77.02392459625068","Arts and Industries Building"
"145813","647","38.8886827775694","-77.02394154129304","Arts and Industries Building"
"145814","647","38.8886778795663","-77.02394387892015","Arts and Industries Building"
"145815","647","38.888639797387775","-77.02391479648198","Arts and Industries Building"
"145830","647","38.8886656905822","-77.02439750582612","Arts and Industries Building"
"147160","691","38.888672158759256","-77.02453842677127","Arts and Industries Building"
"147161","691","38.88867229878702","-77.02453852094874","Arts and Industries Building"
"147282","678","38.88879449842933","-77.02432607034503","Arts and Industries Building"
"147283","678","38.88882249989497","-77.02460761896788","Arts and Industries Building"
"147284","678","38.88879191276047","-77.02444978843904","Arts and Industries Building"
"147285","678","38.88881027451245","-77.02452168595342","Arts and Industries Building"
"147286","678","38.88879065596813","-77.02445030421434","Arts and Industries Building"
"147320","678","38.888782637408745","-77.02424857902858","Arts and Industries Building"
"147327","678","38.888768393296715","-77.02420934061826","Arts and Industries Building"
"147340","678","38.88880871968982","-77.024522603203","Arts and Industries Building"
"147364","678","38.88878151505015","-77.02424989500335","Arts and Industries Building"
"148049","3","38.888862721358315","-77.02485578183708","Arts and Industries Building"
"148050","3","38.88891453267142","-77.02504396340615","Arts and Industries Building"
"148051","3","38.888885718115404","-77.0248994715592","Arts and Industries Building"
"148052","3","38.88884648381827","-77.02469468102728","Arts and Industries Building"
"148053","3","38.88881584831293","-77.02453283908228","Arts and Industries Building"
"148054","3","38.88876805353457","-77.0242980517953","Arts and Industries Building"
"148057","3","38.889006261960425","-77.02330599584522","Arts and Industries Building"
"148058","3","38.888888081637724","-77.02380831541579","Arts and Industries Building"
"148059","3","38.8889779058991","-77.02345746231218","Arts and Industries Building"
"148060","3","38.888964889864134","-77.02347318466259","Arts and Industries Building"
"148061","3","38.88890266062351","-77.02346035015293","Arts and Industries Building"
"148062","3","38.888860445519086","-77.02340313556613","Arts and Industries Building"
"148063","3","38.88885353037742","-77.02338987203291","Arts and Industries Building"
"148064","3","38.888825127923276","-77.02327567140915","Arts and Industries Building"
"148066","3","38.88882128916378","-77.0232327410443","Arts and Industries Building"
"148067","3","38.88881976159654","-77.02308030358267","Arts and Industries Building"
"148068","3","38.88881287109178","-77.02308421409907","Arts and Industries Building"
"148069","3","38.88881146749961","-77.02308359034424","Arts and Industries Building"
"148070","3","38.888813353457635","-77.02307977286989","Arts and Industries Building"
"148111","3","38.88877058893112","-77.02471380247593","Arts and Industries Building"
"148115","3","38.893367515964336","-77.04516926241429","Arts and Industries Building"
"148116","3","38.88901706473961","-77.02557724445639","Arts and Industries Building"
"148287","704","38.888824038415294","-77.0244803138962","Arts and Industries Building"
"148290","704","38.888815319734256","-77.0244005304127","Arts and Industries Building"
"148294","704","38.888782424109884","-77.02446065405437","Arts and Industries Building"
"148295","704","38.888805780420896","-77.02426095244445","Arts and Industries Building"
"151471","1090","38.888834409189634","-77.0244919224699","Arts and Industries Building"
"151472","1090","38.88875832719377","-77.02487621438685","Arts and Industries Building"
"151473","1090","38.888842105953174","-77.02480228171608","Arts and Industries Building"
"151474","1090","38.88875697270073","-77.02486922869747","Arts and Industries Building"
"151475","1090","38.888751286540874","-77.02447673756515","Arts and Industries Building"
"151478","1090","38.88873582116963","-77.0239950257392","Arts and Industries Building"
"151479","1090","38.88873006212382","-77.02451775502058","Arts and Industries Building"
"151480","1090","38.88882692661942","-77.024361781161","Arts and Industries Building"
"151482","1090","38.889163555602245","-77.0252388649081","Arts and Industries Building"
"151483","1090","38.888786112209786","-77.02438227569624","Arts and Industries Building"
"151485","1090","38.88876539845167","-77.0247950309747","Arts and Industries Building"
"151486","1090","38.888710295129435","-77.02452520643226","Arts and Industries Building"
"151507","1090","38.88866251080622","-77.02470290825305","Arts and Industries Building"
"151528","1090","38.88867214213358","-77.02469342015044","Arts and Industries Building"
"151531","1090","38.88895997986568","-77.02487431754732","Arts and Industries Building"
"151532","1090","38.88885512360994","-77.02499130263615","Arts and Industries Building"
"151533","1090","38.889172193023526","-77.02484871964582","Arts and Industries Building"
"151534","1090","38.88907376968171","-77.02481126896762","Arts and Industries Building"
"151535","1090","38.8887518058472","-77.02508927898073","Arts and Industries Building"
"151484","1090","38.888810215676486","-77.0250132734087","Arts and Industries Building"
"151481","1090","38.88910192635364","-77.02521663176377","Arts and Industries Building"
"152628","1090","0","0","Arts and Industries Building"
"152631","1090","0","0","Arts and Industries Building"
"152632","1090","0","0","Arts and Industries Building"
"152634","1090","0","0","Arts and Industries Building"
"152635","1090","0","0","Arts and Industries Building"
"152637","1090","0","0","Arts and Industries Building"
"152638","1090","0","0","Arts and Industries Building"
"152639","1090","0","0","Arts and Industries Building"
"152640","1090","0","0","Arts and Industries Building"
"152641","1090","0","0","Arts and Industries Building"
"152642","1090","0","0","Arts and Industries Building"
"152648","1090","0","0","Arts and Industries Building"
"152651","1090","0","0","Arts and Industries Building"
"152652","1090","0","0","Arts and Industries Building"
"152653","1090","0","0","Arts and Industries Building"
"152656","1090","0","0","Arts and Industries Building"
"152657","1090","0","0","Arts and Industries Building"
"152659","1090","0","0","Arts and Industries Building"
"152661","1090","0","0","Arts and Industries Building"
"152662","1090","0","0","Arts and Industries Building"
"152663","1090","0","0","Arts and Industries Building"
"152664","1090","0","0","Arts and Industries Building"
"152665","1090","0","0","Arts and Industries Building"
"152666","1090","0","0","Arts and Industries Building"
"152667","1090","0","0","Arts and Industries Building"
"152671","1090","0","0","Arts and Industries Building"
"152672","1090","0","0","Arts and Industries Building"
"152673","1090","0","0","Arts and Industries Building"
"152674","1090","0","0","Arts and Industries Building"
"152675","1090","0","0","Arts and Industries Building"
"152677","1090","0","0","Arts and Industries Building"
"152679","1090","0","0","Arts and Industries Building"
"152681","1090","0","0","Arts and Industries Building"
"152682","1090","0","0","Arts and Industries Building"
"152683","1090","0","0","Arts and Industries Building"
"152685","1090","0","0","Arts and Industries Building"
"152686","1090","0","0","Arts and Industries Building"
"152687","1090","0","0","Arts and Industries Building"
"152688","1090","0","0","Arts and Industries Building"
"152689","1090","0","0","Arts and Industries Building"
"152690","1090","0","0","Arts and Industries Building"
"152691","1090","0","0","Arts and Industries Building"
"152693","1090","0","0","Arts and Industries Building"
"152694","1090","0","0","Arts and Industries Building"
"152700","1090","0","0","Arts and Industries Building"
"152701","1090","0","0","Arts and Industries Building"
"152702","1090","0","0","Arts and Industries Building"
"152705","1090","0","0","Arts and Industries Building"
"152706","1090","0","0","Arts and Industries Building"
"152707","1090","0","0","Arts and Industries Building"
"152709","1090","0","0","Arts and Industries Building"
"152710","1090","0","0","Arts and Industries Building"
"152712","1090","0","0","Arts and Industries Building"
"152714","1090","0","0","Arts and Industries Building"
"152715","1090","0","0","Arts and Industries Building"
"152719","1090","0","0","Arts and Industries Building"
"152720","1090","0","0","Arts and Industries Building"
"152721","1090","0","0","Arts and Industries Building"
"152722","1090","0","0","Arts and Industries Building"
"152724","1090","0","0","Arts and Industries Building"
"152725","1090","0","0","Arts and Industries Building"
"152726","1090","0","0","Arts and Industries Building"
"152727","1090","0","0","Arts and Industries Building"
"152729","1090","0","0","Arts and Industries Building"
"152730","1090","0","0","Arts and Industries Building"
"152731","1090","0","0","Arts and Industries Building"
"152732","1090","0","0","Arts and Industries Building"
"152733","1090","0","0","Arts and Industries Building"
"152734","1090","0","0","Arts and Industries Building"
"152736","1090","0","0","Arts and Industries Building"
"152737","1090","0","0","Arts and Industries Building"
"152738","1090","0","0","Arts and Industries Building"
"152740","1090","0","0","Arts and Industries Building"
"152741","1090","0","0","Arts and Industries Building"
"152742","1090","0","0","Arts and Industries Building"
"152743","1090","0","0","Arts and Industries Building"
"152744","1090","0","0","Arts and Industries Building"
"152745","1090","0","0","Arts and Industries Building"
"152747","1090","0","0","Arts and Industries Building"
"152748","1090","0","0","Arts and Industries Building"
"152749","1090","0","0","Arts and Industries Building"
"152750","1090","0","0","Arts and Industries Building"
"152752","1090","0","0","Arts and Industries Building"
"152753","1090","0","0","Arts and Industries Building"
"152756","1090","0","0","Arts and Industries Building"
"152757","1090","0","0","Arts and Industries Building"
"152758","1090","0","0","Arts and Industries Building"
"152759","1090","0","0","Arts and Industries Building"
"152760","1090","0","0","Arts and Industries Building"
"152761","1090","0","0","Arts and Industries Building"
"152763","1090","0","0","Arts and Industries Building"
"152764","1090","0","0","Arts and Industries Building"
"152765","1090","0","0","Arts and Industries Building"
"152768","1090","0","0","Arts and Industries Building"
"152769","1090","0","0","Arts and Industries Building"
"152770","1090","0","0","Arts and Industries Building"
"152771","1090","0","0","Arts and Industries Building"
"152773","1090","0","0","Arts and Industries Building"
"152774","1090","0","0","Arts and Industries Building"
"152775","1090","0","0","Arts and Industries Building"
"152776","1090","0","0","Arts and Industries Building"
"152777","1090","0","0","Arts and Industries Building"
"152778","1090","0","0","Arts and Industries Building"
"152779","1090","0","0","Arts and Industries Building"
"152780","1090","0","0","Arts and Industries Building"
"152781","1090","0","0","Arts and Industries Building"
"152782","1090","0","0","Arts and Industries Building"
"152783","1090","0","0","Arts and Industries Building"
"152784","1090","0","0","Arts and Industries Building"
"152845","1090","0","0","Arts and Industries Building"
"152846","1090","0","0","Arts and Industries Building"
"152847","1090","0","0","Arts and Industries Building"
"152848","1090","0","0","Arts and Industries Building"
"152849","1090","38.928866015235826","-77.0389302085079","Arts and Industries Building"
"152850","1090","38.8888406054512","-77.02484022489425","Arts and Industries Building"
"152851","1090","38.8888708104509","-77.02457638644644","Arts and Industries Building"
"152852","1090","38.88868700447638","-77.02454824899154","Arts and Industries Building"
"152853","1090","38.88882490315374","-77.02447830545427","Arts and Industries Building"
"152854","1090","38.88887344842506","-77.02490297935468","Arts and Industries Building"
"152856","1090","38.88866580886576","-77.02474941361001","Arts and Industries Building"
"152858","1090","38.88866603641237","-77.02450037822815","Arts and Industries Building"
"152859","1090","38.88877054094431","-77.02483997431125","Arts and Industries Building"
"152861","1090","38.88888224963003","-77.02485344108938","Arts and Industries Building"
"152862","1090","38.8888130490381","-77.02448530978955","Arts and Industries Building"
"152864","1090","38.88882858984978","-77.02422566717782","Arts and Industries Building"
"152865","1090","38.888748737851955","-77.024727309423","Arts and Industries Building"
"152866","1090","38.88873792484208","-77.0246838953772","Arts and Industries Building"
"152867","1090","38.88885507127376","-77.02446244739029","Arts and Industries Building"
"152868","1090","38.88905175483454","-77.0253415707989","Arts and Industries Building"
"152869","1090","38.889049057704206","-77.02533604316461","Arts and Industries Building"
"152870","1090","38.88904905504253","-77.02533629122942","Arts and Industries Building"
"152723","1090","38.888811472867395","-77.02444939902387","Arts and Industries Building"
"152871","1090","38.88874997576917","-77.02486131582859","Arts and Industries Building"
"152873","1090","38.88844511103437","-77.0249554461435","Arts and Industries Building"
"152875","1090","38.88881083409516","-77.0244506065594","Arts and Industries Building"
"152877","1090","38.88902234249684","-77.024975666547","Arts and Industries Building"
"152878","1090","38.889019993167075","-77.02497420712142","Arts and Industries Building"
"152879","1090","38.88889426586351","-77.02519737421045","Arts and Industries Building"
"152880","1090","38.88870603426977","-77.0245155964959","Arts and Industries Building"
"152882","1090","38.8888256554404","-77.0250455981104","Arts and Industries Building"
"152883","1090","38.888746332081304","-77.02437196476203","Arts and Industries Building"
"152884","1090","38.88878144613343","-77.0250758937106","Arts and Industries Building"
"152885","1090","38.88879076795162","-77.02507597289677","Arts and Industries Building"
"152886","1090","38.888812466939136","-77.02423454485375","Arts and Industries Building"
"152630","1090","38.8887495328396","-77.02482710501995","Arts and Industries Building"
"152668","1090","38.888760340651714","-77.02511290310261","Arts and Industries Building"
"152860","1090","38.88858936243203","-77.02426321449286","Arts and Industries Building"
"152888","1090","38.88865426663407","-77.02453567367208","Arts and Industries Building"
"152890","1090","38.88872157247553","-77.02448194808551","Arts and Industries Building"
"152891","1090","38.888953611400595","-77.02493525073639","Arts and Industries Building"
"152892","1090","38.88893572907783","-77.02489333407922","Arts and Industries Building"
"152894","1090","38.8888529595852","-77.02471597586047","Arts and Industries Building"
"152895","1090","38.88863366467176","-77.02438484175731","Arts and Industries Building"
"152901","1090","38.888712249086126","-77.0244603793421","Arts and Industries Building"
"152902","1090","38.88868701634007","-77.02451240949623","Arts and Industries Building"
"152903","1090","38.88869561033836","-77.02437176218474","Arts and Industries Building"
"152905","1090","38.888873017966","-77.0244561606818","Arts and Industries Building"
"152906","1090","38.888830848368116","-77.0244818210173","Arts and Industries Building"
"152907","1090","38.88865521648863","-77.0242062885832","Arts and Industries Building"
"152908","1090","38.88872887759932","-77.0244826577712","Arts and Industries Building"
"152909","1090","38.88873017889271","-77.02448310175362","Arts and Industries Building"
"152910","1090","38.889092735069255","-77.02537333707073","Arts and Industries Building"
"152913","1090","38.88883723589677","-77.02443704690997","Arts and Industries Building"
"152914","1090","38.88876255541325","-77.02484974262829","Arts and Industries Building"
"152915","1090","38.888593927976174","-77.02402434076765","Arts and Industries Building"
"152916","1090","38.888710456721135","-77.02447314504934","Arts and Industries Building"
"152917","1090","38.88877992758457","-77.0248264880279","Arts and Industries Building"
"152919","1090","38.88888272949484","-77.02453822710659","Arts and Industries Building"
"152921","1090","38.88882660516878","-77.0245717570704","Arts and Industries Building"
"152922","1090","38.888651093082395","-77.02451915373145","Arts and Industries Building"
"152923","1090","38.88865165384143","-77.02451953389507","Arts and Industries Building"
"152924","1090","38.88875103120281","-77.02465708059681","Arts and Industries Building"
"152925","1090","38.88867287252613","-77.02434842954158","Arts and Industries Building"
"152926","1090","38.888797465139106","-77.02444496884836","Arts and Industries Building"
"152928","1090","38.888799762804254","-77.02447896877906","Arts and Industries Building"
"152929","1090","38.88871504528628","-77.02459362862092","Arts and Industries Building"
"152932","1090","38.88882937318263","-77.02444192783717","Arts and Industries Building"
"152935","1090","38.888784556179644","-77.02448793323265","Arts and Industries Building"
"152936","1090","38.88870411206944","-77.02453720308142","Arts and Industries Building"
"152937","1090","38.8887179032645","-77.02447264738429","Arts and Industries Building"
"152939","1090","38.88868837437323","-77.02444943778433","Arts and Industries Building"
"151469","1090","38.888748408858554","-77.02501596518151","Arts and Industries Building"
"151470","1090","38.88866505931481","-77.02436147800505","Arts and Industries Building"
"152660","1090","38.88882411683512","-77.02447772298939","Arts and Industries Building"
"152698","1090","38.88861517022945","-77.02429273259304","Arts and Industries Building"
"152940","1090","38.88871624117069","-77.0244888406372","Arts and Industries Building"
"152941","1090","38.888701185588005","-77.02447815594984","Arts and Industries Building"
"152942","1090","38.888812020090036","-77.02444928186473","Arts and Industries Building"
"152944","1090","38.88887319942237","-77.02490269615846","Arts and Industries Building"
"151488","1090","38.8886955895243","-77.02447853151646","Arts and Industries Building"
"152889","1090","38.888628290842696","-77.02446983454472","Arts and Industries Building"
"153298","1090","38.888702236177025","-77.02420503958687","Arts and Industries Building"
"153299","1090","38.88879008410102","-77.0246116024788","Arts and Industries Building"
"153300","1090","38.88876610868787","-77.02449092820446","Arts and Industries Building"
"153301","1090","38.88873744894846","-77.02435817132046","Arts and Industries Building"
"153302","1090","38.88871226513415","-77.02421949827026","Arts and Industries Building"
"153304","1090","38.8887628114668","-77.02449097812325","Arts and Industries Building"
"153305","1090","38.88878642843735","-77.02460798566682","Arts and Industries Building"
"153306","1090","38.8888278669503","-77.02483619816584","Arts and Industries Building"
"153307","1090","38.8888082773099","-77.02472638380456","Arts and Industries Building"
"153309","1090","38.8888368338717","-77.02484385032983","Arts and Industries Building"
"153310","1090","38.88879194029698","-77.02460916133923","Arts and Industries Building"
"153311","1090","38.888767532296306","-77.02448860251555","Arts and Industries Building"
"153312","1090","38.888740656293635","-77.02435502844068","Arts and Industries Building"
"153313","1090","38.88871475476207","-77.02421342928471","Arts and Industries Building"
"153314","1090","38.8887142795593","-77.02421846951174","Arts and Industries Building"
"153315","1090","38.888791882448345","-77.0246098090152","Arts and Industries Building"
"153319","1090","38.88883943824481","-77.02424146066592","Arts and Industries Building"
"153317","1090","38.88876434339321","-77.0247761930401","Arts and Industries Building"
"153316","1090","38.888756002291764","-77.02502548362476","Arts and Industries Building"
"153318","1090","38.8888548533899","-77.0244658138969","Arts and Industries Building"
"153320","1090","38.88870496952011","-77.02450066602438","Arts and Industries Building"
"153321","1090","38.88913186086101","-77.02554181223525","Arts and Industries Building"
"153323","1090","38.88868124549704","-77.02448254019568","Arts and Industries Building"
"153324","1090","38.888755205667564","-77.02473383106742","Arts and Industries Building"
"153325","1090","38.88887346854202","-77.024836753578","Arts and Industries Building"
"153326","1090","38.888810154153774","-77.02501876174874","Arts and Industries Building"
"153328","1090","38.88882291005092","-77.02425861589543","Arts and Industries Building"
"153329","1090","38.88875385368493","-77.02500469300251","Arts and Industries Building"
"153330","1090","38.88887679056888","-77.02493931536948","Arts and Industries Building"
"153331","1090","38.888855421923054","-77.02475766689281","Arts and Industries Building"
"153332","1090","38.88880275053444","-77.02446803529234","Arts and Industries Building"
"153333","1090","38.88876871636615","-77.02499297682387","Arts and Industries Building"
"152649","1090","38.8889032555185","-77.02373988718846","Arts and Industries Building"
"153695","1090","38.888624924271156","-77.02478821576078","Arts and Industries Building"
"153688","1090","38.888712032127074","-77.02422073702593","Arts and Industries Building"
"153687","1090","38.88884652082467","-77.02457064215047","Arts and Industries Building"
"153686","1090","38.88887840316355","-77.0250707858198","Arts and Industries Building"
"153685","1090","38.88887807776684","-77.02507035612216","Arts and Industries Building"
"153684","1090","38.88886527776442","-77.02505733871074","Arts and Industries Building"
"153683","1090","38.88879242479792","-77.02460958871846","Arts and Industries Building"
"153682","1090","38.888862821818755","-77.0250538859581","Arts and Industries Building"
"148001","3","38.88871065686348","-77.02956572586913","Department of Agriculture"
"148004","3","38.88872375185734","-77.02996676984654","Department of Agriculture"
"148005","3","38.888717488204705","-77.02956100775089","Department of Agriculture"
"148006","3","38.88871225578694","-77.02985326466109","Department of Agriculture"
"148007","3","38.888717840022906","-77.0299733402572","Department of Agriculture"
"148008","3","38.888717900758884","-77.02997510354722","Department of Agriculture"
"148009","3","38.88882442907697","-77.03000282676427","Department of Agriculture"
"148010","3","38.88881911854752","-77.0300044520027","Department of Agriculture"
"148011","3","38.88895135173877","-77.03004925284027","Department of Agriculture"
"148012","3","38.88890966957675","-77.03003954412286","Department of Agriculture"
"148013","3","38.88914806271922","-77.03016076323334","Department of Agriculture"
"148014","3","38.88909855935694","-77.03012703020929","Department of Agriculture"
"157871","1090","38.888551958071496","-77.03068614365729","Department of Agriculture"
"157872","1090","38.89008778618866","-77.03012466253276","Department of Agriculture"
"157873","1090","38.8885580916008","-77.03073019020314","Department of Agriculture"
"157875","1090","38.88872162826675","-77.0309302968958","Department of Agriculture"
"157876","1090","38.88880351596243","-77.02992569127386","Department of Agriculture"
"157878","1090","38.88850855134274","-77.0296867041502","Department of Agriculture"
"157879","1090","38.88852734161106","-77.02942243064373","Department of Agriculture"
"157881","1090","38.88854193428772","-77.02962877413819","Department of Agriculture"
"157882","1090","38.88854583733297","-77.02979158524863","Department of Agriculture"
"157883","1090","38.8885396793407","-77.02963412347492","Department of Agriculture"
"157885","1090","38.88868873277666","-77.02990343605296","Department of Agriculture"
"157886","1090","38.888681838896154","-77.02999470023404","Department of Agriculture"
"157887","1090","38.888763083393656","-77.03000481023537","Department of Agriculture"
"157888","1090","38.888555058639014","-77.03018590179033","Department of Agriculture"
"157889","1090","38.88931987385308","-77.03008629441422","Department of Agriculture"
"157890","1090","38.88853210495178","-77.02988364236766","Department of Agriculture"
"157891","1090","38.88854437389403","-77.03051887306839","Department of Agriculture"
"157892","1090","38.88923290762231","-77.03008462178657","Department of Agriculture"
"157893","1090","38.888539437229056","-77.02968717237849","Department of Agriculture"
"157894","1090","38.88857874990124","-77.02980240557443","Department of Agriculture"
"157895","1090","38.8885506213343","-77.03068097257805","Department of Agriculture"
"157897","1090","38.88870947654236","-77.03003857150334","Department of Agriculture"
"157898","1090","38.88916326880666","-77.03007795407734","Department of Agriculture"
"157899","1090","38.88870849353354","-77.02961421179383","Department of Agriculture"
"157902","1090","38.88855289725555","-77.02975671402707","Department of Agriculture"
"157904","1090","38.888706342119036","-77.03049087093133","Department of Agriculture"
"157906","1090","38.88900598882157","-77.03008639425423","Department of Agriculture"
"157907","1090","38.88871631001184","-77.03009327626349","Department of Agriculture"
"157908","1090","38.8886692115225","-77.03003821533734","Department of Agriculture"
"157910","1090","38.88850956979204","-77.03031909020905","Department of Agriculture"
"157911","1090","38.88868841352208","-77.02990876320656","Department of Agriculture"
"157912","1090","38.88943699588573","-77.0297918757725","Department of Agriculture"
"157913","1090","38.889439365037816","-77.03009553898744","Department of Agriculture"
"157914","1090","38.88937961607902","-77.0300896700355","Department of Agriculture"
"157915","1090","38.888726289953745","-77.0300110626677","Department of Agriculture"
"157917","1090","38.88954347150571","-77.03016360843664","Department of Agriculture"
"157918","1090","38.88868601854873","-77.029879309701","Department of Agriculture"
"157919","1090","38.888659176259445","-77.02948421769494","Department of Agriculture"
"157920","1090","38.888538790412035","-77.02957278923678","Department of Agriculture"
"157921","1090","38.88980349994392","-77.0301316902268","Department of Agriculture"
"157922","1090","38.88872017025414","-77.03005334990385","Department of Agriculture"
"157924","1090","38.88868928599768","-77.02998640583542","Department of Agriculture"
"157926","1090","38.88856618423242","-77.03021080724798","Department of Agriculture"
"157929","1090","38.888735379415614","-77.03007290476063","Department of Agriculture"
"157930","1090","38.88870173083211","-77.03005672291752","Department of Agriculture"
"157931","1090","38.888659891723265","-77.02970952929745","Department of Agriculture"
"157932","1090","38.88894622877469","-77.0300602744814","Department of Agriculture"
"157933","1090","38.88870397643851","-77.03006229370544","Department of Agriculture"
"157936","1090","38.888554598839775","-77.03042237172723","Department of Agriculture"
"157937","1090","38.88888680565118","-77.03006117278055","Department of Agriculture"
"157938","1090","38.88870846496595","-77.03014667427686","Department of Agriculture"
"157939","1090","38.888561538206794","-77.03010200840805","Department of Agriculture"
"157940","1090","38.88855924489144","-77.03045836558405","Department of Agriculture"
"157941","1090","38.88867647166081","-77.0305010985739","Department of Agriculture"
"157942","1090","38.88854603990602","-77.0303948071984","Department of Agriculture"
"157943","1090","38.888555889475015","-77.03018639056316","Department of Agriculture"
"157945","1090","38.888727560658715","-77.03008968933905","Department of Agriculture"
"157946","1090","38.88868738063047","-77.02955175847502","Department of Agriculture"
"157947","1090","38.8885244525768","-77.02987653619135","Department of Agriculture"
"157951","1090","38.88853597530081","-77.02979012863777","Department of Agriculture"
"157953","1090","38.88854643425798","-77.03039912561414","Department of Agriculture"
"157955","1090","38.888538714645065","-77.02957336072096","Department of Agriculture"
"157956","1090","38.889464828698394","-77.03019135322644","Department of Agriculture"
"157957","1090","38.888659105930074","-77.0294863683388","Department of Agriculture"
"157958","1090","38.889074339562434","-77.03005537136548","Department of Agriculture"
"157959","1090","38.88871980942541","-77.03005418481686","Department of Agriculture"
"157960","1090","38.88869647322106","-77.02999011952446","Department of Agriculture"
"157961","1090","38.88857150827662","-77.03008720609435","Department of Agriculture"
"157963","1090","38.88856743348438","-77.0302134499051","Department of Agriculture"
"157964","1090","38.888734094717215","-77.03007540637975","Department of Agriculture"
"157968","1090","38.88869764843569","-77.03005744074393","Department of Agriculture"
"157969","1090","38.88866044488447","-77.02971059575192","Department of Agriculture"
"157970","1090","38.88895457772339","-77.0300604788425","Department of Agriculture"
"157971","1090","38.888704644922846","-77.03006306687425","Department of Agriculture"
"157976","1090","38.88888773354024","-77.03006263706263","Department of Agriculture"
"157977","1090","38.88855459079321","-77.03042247582849","Department of Agriculture"
"157978","1090","38.88870811345342","-77.03014709280129","Department of Agriculture"
"157979","1090","38.8885612149319","-77.03010219956104","Department of Agriculture"
"157980","1090","38.88856062936603","-77.03046053347849","Department of Agriculture"
"157981","1090","38.8886762174512","-77.03049937762125","Department of Agriculture"
"157982","1090","38.88854676146096","-77.03039505443331","Department of Agriculture"
"157983","1090","38.88855560905237","-77.03018597899671","Department of Agriculture"
"157985","1090","38.88872680104522","-77.03009028125625","Department of Agriculture"
"157986","1090","38.888689881668085","-77.02954954177007","Department of Agriculture"
"157987","1090","38.88852873974904","-77.02987030288492","Department of Agriculture"
"157992","1090","38.88853588679999","-77.02979003246499","Department of Agriculture"
"157994","1090","38.88854637436593","-77.03039881952205","Department of Agriculture"
"157996","1090","38.888577971381174","-77.02980511185031","Department of Agriculture"
"157997","1090","38.88859785156278","-77.03034134276646","Department of Agriculture"
"157999","1090","38.88904694781015","-77.03004216257413","Department of Agriculture"
"158000","1090","38.88881046367029","-77.0300974297537","Department of Agriculture"
"158002","1090","38.889729115926656","-77.03018248325127","Department of Agriculture"
"158003","1090","38.88871758424413","-77.03010837949172","Department of Agriculture"
"158004","1090","38.888710332892884","-77.03037932743374","Department of Agriculture"
"158005","1090","38.88905753977207","-77.03009509246249","Department of Agriculture"
"158006","1090","38.88867654630362","-77.03026935824072","Department of Agriculture"
"158007","1090","38.8887173908305","-77.03009693913049","Department of Agriculture"
"158008","1090","38.88854418633501","-77.03009022087946","Department of Agriculture"
"158009","1090","38.88995382553051","-77.03023686059784","Department of Agriculture"
"158010","1090","38.889290491618844","-77.03007309066979","Department of Agriculture"
"158011","1090","38.88855294689523","-77.03034877233446","Department of Agriculture"
"158012","1090","38.88873052384564","-77.02988144095046","Department of Agriculture"
"158013","1090","38.88869658200052","-77.02953630817025","Department of Agriculture"
"148017","3","48.66837993671723","-76.77610058943768","Freer Gallery"
"148020","3","38.88859180253721","-77.02722984733244","Freer Gallery"
"148023","3","38.88855583653008","-77.02718976070366","Freer Gallery"
"148024","3","38.88850344436747","-77.02721544553263","Freer Gallery"
"148025","3","38.88857185196523","-77.02718350239876","Freer Gallery"
"148026","3","38.888527681361516","-77.0272068898859","Freer Gallery"
"148027","3","38.88861751815039","-77.02716707938889","Freer Gallery"
"148028","3","38.88847586237869","-77.02722864408861","Freer Gallery"
"148029","3","38.88869198369039","-77.02717355490812","Freer Gallery"
"148030","3","38.88864135330339","-77.02715972812265","Freer Gallery"
"148031","3","38.888597821490634","-77.02717582618149","Freer Gallery"
"148032","3","38.888688756390465","-77.02717782896586","Freer Gallery"
"148035","3","38.88868324579574","-77.0273029772604","Freer Gallery"
"148038","3","38.88868920659423","-77.02729908501925","Freer Gallery"
"148039","3","38.888672906840945","-77.02730546585333","Freer Gallery"
"148040","3","38.88913532204791","-77.02703778318339","Freer Gallery"
"148041","3","38.88878926533623","-77.02723936281701","Freer Gallery"
"148042","3","38.8888656976852","-77.02719226377434","Freer Gallery"
"148043","3","38.88912544939831","-77.02706127128823","Freer Gallery"
"148044","3","38.88883806320172","-77.02721201562531","Freer Gallery"
"148045","3","38.88914407462903","-77.02702684076492","Freer Gallery"
"148046","3","38.889126587645634","-77.02705817755401","Freer Gallery"
"148047","3","38.88912121229751","-77.02704434184095","Freer Gallery"
"148037","3","38.88858445305055","-77.02745856647702","Freer Gallery"
"148673","733","38.88860604931481","-77.02747761541664","Freer Gallery"
"148873","733","38.88857909575766","-77.02751862625398","Freer Gallery"
"148874","733","38.88857302741227","-77.0275838480934","Freer Gallery"
"148875","733","38.888556322124124","-77.02765760019426","Freer Gallery"
"148877","733","38.88857068505172","-77.02758101076375","Freer Gallery"
"148878","733","38.888570006218075","-77.0275806776071","Freer Gallery"
"148879","733","38.88858891542785","-77.02745657791988","Freer Gallery"
"148880","733","38.888574655903945","-77.02751837053523","Freer Gallery"
"148881","733","38.888578415083586","-77.02751875719039","Freer Gallery"
"148882","733","38.88857416781181","-77.0275187140008","Freer Gallery"
"148883","733","38.888574567717356","-77.02751991303579","Freer Gallery"
"148884","734","38.8885568692319","-77.02765058959969","Freer Gallery"
"148885","733","38.88858686738294","-77.02745603389602","Freer Gallery"
"148886","733","38.88858881201401","-77.02745712345128","Freer Gallery"
"148887","733","38.88858360615253","-77.0274569052893","Freer Gallery"
"148893","734","38.888541546806884","-77.02753059094911","Freer Gallery"
"148888","733","38.88858282266739","-77.02745949253007","Freer Gallery"
"148889","733","38.88858275659704","-77.02746042676868","Freer Gallery"
"148890","733","38.88861390232905","-77.02735240584424","Freer Gallery"
"148891","733","38.88861358305813","-77.02735193018933","Freer Gallery"
"148892","733","38.88861442041972","-77.02735239894172","Freer Gallery"
"148894","733","38.88861353248438","-77.02735347976673","Freer Gallery"
"148898","734","38.88853291907495","-77.02753044998857","Freer Gallery"
"148895","733","38.88860980450913","-77.02735487995116","Freer Gallery"
"148897","734","38.8885455073369","-77.02750783207937","Freer Gallery"
"148896","733","38.888617172537025","-77.0273469300172","Freer Gallery"
"148899","734","38.88853301233799","-77.02753363110553","Freer Gallery"
"148900","734","38.88853194964508","-77.02753403935573","Freer Gallery"
"148904","733","38.88862420365456","-77.02725112889264","Freer Gallery"
"148901","734","38.888478153077116","-77.02751546905671","Freer Gallery"
"148902","734","38.88845654193258","-77.02751468564875","Freer Gallery"
"148913","733","38.888629936246105","-77.02725113346322","Freer Gallery"
"148903","734","38.88845661849667","-77.02751362769908","Freer Gallery"
"148914","733","38.88863061379437","-77.0272512932949","Freer Gallery"
"148905","734","38.888454487819565","-77.02751411922351","Freer Gallery"
"148907","734","38.888454369440495","-77.02751087478296","Freer Gallery"
"148908","734","38.88845289435454","-77.02744889766755","Freer Gallery"
"148919","733","38.888630747117084","-77.02724982978582","Freer Gallery"
"148906","734","38.888446542552856","-77.02739599792271","Freer Gallery"
"148909","734","38.88843941750885","-77.02739620186962","Freer Gallery"
"148924","733","38.88862881199575","-77.02725633801317","Freer Gallery"
"148910","734","38.88844364246413","-77.02739905208614","Freer Gallery"
"148923","733","38.888631623036716","-77.02725472830905","Freer Gallery"
"148911","734","38.88843920871183","-77.02739958526298","Freer Gallery"
"148925","733","38.88864069422288","-77.02715828011884","Freer Gallery"
"148912","734","38.88844180085659","-77.027399512785","Freer Gallery"
"148927","733","38.88863138551936","-77.0272546174452","Freer Gallery"
"148915","734","38.88844626331504","-77.0273976577359","Freer Gallery"
"148928","733","38.88863411564986","-77.02725110809453","Freer Gallery"
"148916","734","38.8884460885261","-77.0273228809116","Freer Gallery"
"148930","733","38.888644090492804","-77.02715471184437","Freer Gallery"
"148917","734","38.88844118988212","-77.02732412475822","Freer Gallery"
"148931","733","38.88864099039884","-77.02716007969137","Freer Gallery"
"148918","734","38.888444226277066","-77.02732379231533","Freer Gallery"
"148932","733","38.88864643906282","-77.02714951297773","Freer Gallery"
"148920","734","38.888438372097625","-77.02724996138346","Freer Gallery"
"148933","733","38.88862959233641","-77.02693790266449","Freer Gallery"
"148921","734","38.888443057072905","-77.02725143016511","Freer Gallery"
"148934","733","38.88864494603526","-77.02715448886339","Freer Gallery"
"148922","734","38.8884446070241","-77.027252644151","Freer Gallery"
"148935","733","38.888563732591074","-77.026904345869","Freer Gallery"
"148926","734","38.888439988436055","-77.02725703155566","Freer Gallery"
"148936","733","38.8885627490472","-77.0269055088403","Freer Gallery"
"148929","734","38.88844743825333","-77.02725117250357","Freer Gallery"
"148937","733","38.88863284419504","-77.02692768131904","Freer Gallery"
"148938","733","38.88856311431773","-77.02690440006573","Freer Gallery"
"148941","734","38.888432424453825","-77.02718354553286","Freer Gallery"
"148939","733","38.888530567444995","-77.02693899695855","Freer Gallery"
"148942","734","38.88843098459656","-77.0271845424712","Freer Gallery"
"148940","733","38.88856457075371","-77.02690448944246","Freer Gallery"
"148943","734","38.88842899110077","-77.02718547336742","Freer Gallery"
"148944","734","38.8885379119342","-77.02708994503372","Freer Gallery"
"148945","733","38.88839996417963","-77.02719024725637","Freer Gallery"
"148946","733","38.88843305839641","-77.0271901612879","Freer Gallery"
"148950","734","38.88855682527656","-77.02708318616853","Freer Gallery"
"148951","734","38.88854537779011","-77.02709068310155","Freer Gallery"
"148947","733","38.88843554556243","-77.02718832784721","Freer Gallery"
"148956","734","38.88853694183091","-77.02709072074853","Freer Gallery"
"148970","734","38.88866346146784","-77.027181521643","Freer Gallery"
"148948","733","38.88843405880094","-77.02718905995359","Freer Gallery"
"148971","734","38.88864779014569","-77.02718452347146","Freer Gallery"
"148949","733","38.888433459305816","-77.02719139123212","Freer Gallery"
"148972","734","38.88866950091411","-77.02719259360649","Freer Gallery"
"148952","733","38.88842817006959","-77.02730952978267","Freer Gallery"
"148974","734","38.888649281122156","-77.02718575034396","Freer Gallery"
"148953","733","38.888421983930456","-77.02726233979268","Freer Gallery"
"148975","734","38.888666639281716","-77.02719629526075","Freer Gallery"
"148954","733","38.88841315825321","-77.02723029002648","Freer Gallery"
"148978","734","38.888443864771176","-77.02728552478855","Freer Gallery"
"148979","734","38.888443709015796","-77.02728561831076","Freer Gallery"
"148955","733","38.88842046572226","-77.02726355737407","Freer Gallery"
"148980","734","38.888442965002504","-77.02728359426922","Freer Gallery"
"148957","733","38.88842452379548","-77.02731228140439","Freer Gallery"
"148981","734","38.888442763048346","-77.02728421607145","Freer Gallery"
"148958","733","38.8884252028599","-77.02737001148157","Freer Gallery"
"148959","733","38.88842593843465","-77.02737037785886","Freer Gallery"
"148960","733","38.88842446046434","-77.02737171274995","Freer Gallery"
"148961","733","38.88842471416668","-77.02737171869597","Freer Gallery"
"148962","733","38.888425096777816","-77.02737225197828","Freer Gallery"
"148963","733","38.88842940390195","-77.02744994778344","Freer Gallery"
"148964","733","38.88843109552757","-77.02745055522044","Freer Gallery"
"148965","733","38.888431681914795","-77.02744651586916","Freer Gallery"
"148966","733","38.888430967066995","-77.02744889682546","Freer Gallery"
"148967","733","38.8884324534205","-77.02744476125889","Freer Gallery"
"148968","733","38.8884326380656","-77.02744622630142","Freer Gallery"
"148969","733","38.88841854869427","-77.02751420191389","Freer Gallery"
"148973","733","38.88841678835571","-77.02751665781594","Freer Gallery"
"148976","733","38.888417820756004","-77.02751558713678","Freer Gallery"
"148977","733","38.88841905635941","-77.02751894575495","Freer Gallery"
"149046","734","38.88842888086144","-77.02741174731646","Freer Gallery"
"149047","734","38.888426118507034","-77.02741052414363","Freer Gallery"
"149048","734","38.888429569897575","-77.02741181514672","Freer Gallery"
"149049","734","38.88842735350483","-77.02741213590882","Freer Gallery"
"149333","736","0","0","Freer Gallery"
"149334","736","0","0","Freer Gallery"
"149342","736","0","0","Freer Gallery"
"149343","736","0","0","Freer Gallery"
"149344","736","0","0","Freer Gallery"
"149346","736","0","0","Freer Gallery"
"150304","733","38.88855002918972","-77.0269908651571","Freer Gallery"
"150305","733","38.88854631737969","-77.02692695988533","Freer Gallery"
"150307","733","38.888551725903035","-77.0269903954703","Freer Gallery"
"150309","733","38.88854985302692","-77.02699120896911","Freer Gallery"
"150311","733","38.88856092222909","-77.0269562824093","Freer Gallery"
"150312","733","38.88855451381297","-77.02705924926157","Freer Gallery"
"150314","733","38.888555319051825","-77.02705926882318","Freer Gallery"
"150316","733","38.88855310347199","-77.02705901525691","Freer Gallery"
"150317","733","38.88855493024787","-77.02705952374247","Freer Gallery"
"150321","733","38.88855193170461","-77.02711237509773","Freer Gallery"
"150322","733","38.88855359267801","-77.02711314210565","Freer Gallery"
"150323","733","38.88855346916586","-77.02711347142306","Freer Gallery"
"150324","733","38.888588360990354","-77.02713542356538","Freer Gallery"
"150325","733","38.88858905923865","-77.02713417603616","Freer Gallery"
"150326","733","38.88859039765978","-77.02713490132408","Freer Gallery"
"150327","733","38.88861705649173","-77.02717630424848","Freer Gallery"
"150328","733","38.88861958445173","-77.02717762783628","Freer Gallery"
"150329","733","38.888619779253986","-77.02717798672688","Freer Gallery"
"150330","733","38.88862724189335","-77.02722153063407","Freer Gallery"
"150331","733","38.8886275159505","-77.02722289645722","Freer Gallery"
"150334","733","38.88862839339317","-77.0272236539034","Freer Gallery"
"150335","733","38.888626777945994","-77.0272812625769","Freer Gallery"
"150336","733","38.88862352214429","-77.02727729667698","Freer Gallery"
"150337","733","38.888624760035356","-77.02727929026892","Freer Gallery"
"150341","733","38.88853956634262","-77.02725832316999","Freer Gallery"
"150344","733","38.88855234062746","-77.02726337057283","Freer Gallery"
"150345","733","38.88856424766172","-77.02728256421513","Freer Gallery"
"150346","733","38.88857396077284","-77.02730425416861","Freer Gallery"
"150347","733","38.88857365062195","-77.02730351610069","Freer Gallery"
"150348","733","38.8885714113011","-77.0273237035277","Freer Gallery"
"150350","733","38.88857640439908","-77.02735333734707","Freer Gallery"
"150351","733","38.88857690757356","-77.02735331527228","Freer Gallery"
"150352","733","38.88857084801016","-77.02732389444837","Freer Gallery"
"150353","733","38.88857651482631","-77.02735193233684","Freer Gallery"
"150354","733","38.888575759702455","-77.02738498149081","Freer Gallery"
"150355","733","38.88857579058441","-77.02738428414911","Freer Gallery"
"150356","733","38.88858005107548","-77.02743184584884","Freer Gallery"
"150357","733","38.888576058487445","-77.02738523650366","Freer Gallery"
"150358","733","38.88857629976053","-77.02738527684495","Freer Gallery"
"150359","733","38.88857996341293","-77.02743201439934","Freer Gallery"
"150360","733","38.88857905201115","-77.02743227293377","Freer Gallery"
"150361","733","38.888572584193625","-77.02747114963462","Freer Gallery"
"150362","733","38.8885750402157","-77.0274681127458","Freer Gallery"
"150363","733","38.88857534939592","-77.02746742720592","Freer Gallery"
"150364","733","38.88855075377868","-77.02750463597162","Freer Gallery"
"150365","733","38.88855009934138","-77.02750491383347","Freer Gallery"
"150366","733","38.8885474977806","-77.0275057541357","Freer Gallery"
"150367","733","38.888468515330835","-77.02753395572915","Freer Gallery"
"150368","733","38.88846801548479","-77.0275337904256","Freer Gallery"
"150369","733","38.88846825773327","-77.02753368669993","Freer Gallery"
"150370","733","38.888468793855345","-77.02753390542861","Freer Gallery"
"150371","733","38.888468797241615","-77.02753338852771","Freer Gallery"
"150373","733","38.88852811795717","-77.02765596528207","Freer Gallery"
"150374","733","38.88852426207023","-77.02765056527419","Freer Gallery"
"150375","733","38.88854150779718","-77.02764022566157","Freer Gallery"
"150376","733","38.88854768359686","-77.02761660755256","Freer Gallery"
"150377","733","38.88854696834687","-77.0276164514896","Freer Gallery"
"150380","733","38.888646038530034","-77.0274747666303","Freer Gallery"
"150384","733","38.88872260089417","-77.02732643597773","Freer Gallery"
"150385","733","38.88872102902816","-77.02732302163673","Freer Gallery"
"150386","733","38.88872135043579","-77.02732243103931","Freer Gallery"
"150387","733","38.88875146695456","-77.02723941098182","Freer Gallery"
"150388","733","38.888751722916474","-77.0272418207264","Freer Gallery"
"150389","733","38.88878552976882","-77.0271358648451","Freer Gallery"
"150390","733","38.8885174787743","-77.0272907871113","Freer Gallery"
"150391","733","38.88855071610218","-77.02732326052408","Freer Gallery"
"150392","733","38.88855544711942","-77.02733591881471","Freer Gallery"
"150393","733","38.888544345188635","-77.02731143463325","Freer Gallery"
"150394","733","38.888536368093746","-77.02730132312293","Freer Gallery"
"150395","733","38.88855821958723","-77.0273500831303","Freer Gallery"
"150396","733","38.88855517909717","-77.02733465335187","Freer Gallery"
"150397","733","38.888558864438494","-77.02736340188757","Freer Gallery"
"150398","733","38.88855936908103","-77.02736436274623","Freer Gallery"
"150399","733","38.88855764374206","-77.02734843631134","Freer Gallery"
"150401","733","38.88855839126919","-77.02738004481739","Freer Gallery"
"150402","733","38.88855902493285","-77.02736248320373","Freer Gallery"
"150403","733","38.88855806775053","-77.02737813475323","Freer Gallery"
"150404","733","38.8885580326638","-77.02737882411566","Freer Gallery"
"150405","733","38.888555517067765","-77.02739552834957","Freer Gallery"
"150406","733","38.88855556744926","-77.02739417014045","Freer Gallery"
"150407","733","38.88855573032013","-77.02739321822858","Freer Gallery"
"150408","733","38.88855027846161","-77.02741160569661","Freer Gallery"
"150411","733","38.88855027250199","-77.0274092637584","Freer Gallery"
"150412","733","38.88854429204341","-77.02742477695449","Freer Gallery"
"150415","733","38.88854447066848","-77.02742238914333","Freer Gallery"
"150416","733","38.88853699195406","-77.02743487021503","Freer Gallery"
"150417","733","38.888537184266895","-77.02743728076615","Freer Gallery"
"150418","733","38.88852772011359","-77.02744786225769","Freer Gallery"
"150419","733","38.88852754771216","-77.02744540828826","Freer Gallery"
"150420","733","38.88851708537329","-77.02745430377016","Freer Gallery"
"150421","733","38.88851731982629","-77.02745738952059","Freer Gallery"
"150379","733","38.88857751709422","-77.02756835337452","Freer Gallery"
"150378","733","38.888572117140725","-77.02757443421467","Freer Gallery"
"150382","733","38.88852689475588","-77.02762083037992","Freer Gallery"
"150372","733","38.88851557298064","-77.02766167551522","Freer Gallery"
"150517","734","38.88853856986027","-77.02701685903044","Freer Gallery"
"150560","733","38.88856851390951","-77.0275892526109","Freer Gallery"
"150318","733","38.88854507836355","-77.02711802410191","Freer Gallery"
"150381","733","38.88867037294292","-77.0274469867593","Freer Gallery"
"150383","733","38.888576507716074","-77.02756769286418","Freer Gallery"
"150561","733","38.888576522604694","-77.02752283152705","Freer Gallery"
"150636","733","38.88886476360605","-77.02691026627896","Freer Gallery"
"150637","733","38.88873663967948","-77.0272926183273","Freer Gallery"
"150638","733","38.888735765409464","-77.02729186763086","Freer Gallery"
"150639","733","38.88874365375015","-77.02728588229039","Freer Gallery"
"150640","733","38.88871632384038","-77.02744662621755","Freer Gallery"
"150641","733","38.88869449748421","-77.02765913516201","Freer Gallery"
"150642","733","38.888664700113345","-77.0277377884485","Freer Gallery"
"150643","733","38.88866726061319","-77.02774114829978","Freer Gallery"
"150644","733","38.88866579192421","-77.02773914046413","Freer Gallery"
"150645","733","38.88869424266394","-77.02765800843704","Freer Gallery"
"150649","733","38.88850170514458","-77.02765546085686","Freer Gallery"
"150650","733","38.888668049021746","-77.02788938477413","Freer Gallery"
"150657","733","38.88855585646746","-77.02761114651788","Freer Gallery"
"150658","733","38.888551284360936","-77.02760716849768","Freer Gallery"
"150659","733","38.888544510038635","-77.02759339927597","Freer Gallery"
"150660","733","38.88856054937546","-77.02758642149905","Freer Gallery"
"150661","733","38.88856746250513","-77.02758516095055","Freer Gallery"
"150662","733","38.88858112351571","-77.02756340305957","Freer Gallery"
"150663","733","38.88863830738264","-77.02748748059979","Freer Gallery"
"150664","733","38.888669727034","-77.02747000276143","Freer Gallery"
"150665","733","38.88871237672035","-77.02744687388268","Freer Gallery"
"150666","733","38.888691701158876","-77.02745713800024","Freer Gallery"
"150689","733","38.88887311562992","-77.02694939316657","Freer Gallery"
"150690","733","38.888846907877635","-77.02702284694806","Freer Gallery"
"150691","733","38.888846707356954","-77.02702323732005","Freer Gallery"
"150692","733","38.888738819247635","-77.0274027889996","Freer Gallery"
"150693","733","38.888721749187816","-77.02744169166547","Freer Gallery"
"150694","733","38.888652878246354","-77.02782630225957","Freer Gallery"
"150695","733","38.888668522767844","-77.02788826861716","Freer Gallery"
"150696","733","38.88868650840688","-77.02792350389004","Freer Gallery"
"150697","733","38.888556302209174","-77.02755686565898","Freer Gallery"
"150698","733","38.88858296815215","-77.02755978329485","Freer Gallery"
"150704","733","38.88855163054839","-77.02760666063973","Freer Gallery"
"150705","733","38.888561368509095","-77.02724975286532","Freer Gallery"
"150706","733","38.8885693287103","-77.02751148010064","Freer Gallery"
"150707","733","38.88855227459587","-77.02718226507918","Freer Gallery"
"150646","733","38.888654593832236","-77.02784256687127","Freer Gallery"
"150647","733","38.88865253232864","-77.02782615369584","Freer Gallery"
"150648","733","38.888664325597304","-77.02785744934481","Freer Gallery"
"150651","733","38.88866870634423","-77.02788752401503","Freer Gallery"
"150652","733","38.88866878582238","-77.02788762385478","Freer Gallery"
"150653","733","38.88856162936904","-77.02753620486064","Freer Gallery"
"150654","733","38.88862417290322","-77.02748597232097","Freer Gallery"
"150655","733","38.88859287759709","-77.0275086329045","Freer Gallery"
"150656","733","38.8886378338258","-77.02748198467108","Freer Gallery"
"150708","733","38.888547395461046","-77.02760718606834","Freer Gallery"
"150709","733","38.888554668635535","-77.02717936999105","Freer Gallery"
"153702","1090","38.88861990327088","-77.02734922539788","Freer Gallery"
"153705","1090","38.88858513753108","-77.02719718539632","Freer Gallery"
"153710","1090","38.88876616991961","-77.02740062294997","Freer Gallery"
"153711","1090","38.88855177284005","-77.02732815349778","Freer Gallery"
"153714","1090","38.88855162920852","-77.02732833169536","Freer Gallery"
"153715","1090","38.888574727598304","-77.02728678124907","Freer Gallery"
"153716","1090","38.888537289384615","-77.02728630021453","Freer Gallery"
"153717","1090","38.88879783449196","-77.02712051662509","Freer Gallery"
"153718","1090","38.88853298422958","-77.02774324468112","Freer Gallery"
"153719","1090","38.88850807306637","-77.0274825431009","Freer Gallery"
"153721","1090","38.888555186337165","-77.02740840285684","Freer Gallery"
"153723","1090","38.88856860791169","-77.02742530821898","Freer Gallery"
"153724","1090","38.88855982091212","-77.02739088941627","Freer Gallery"
"153725","1090","38.8887213065759","-77.02737928487367","Freer Gallery"
"153726","1090","38.8884380906162","-77.0275586620083","Freer Gallery"
"153727","1090","38.888672025334614","-77.02740904166846","Freer Gallery"
"153728","1090","38.888659122869086","-77.02707767169909","Freer Gallery"
"153730","1090","38.888584632519624","-77.0272378686981","Freer Gallery"
"153734","1090","38.88879474676919","-77.02750523416968","Freer Gallery"
"153736","1090","38.8884216595697","-77.02741186262423","Freer Gallery"
"153735","1090","38.888421618010355","-77.02741169085809","Freer Gallery"
"153737","1090","38.88844634120689","-77.02721039234322","Freer Gallery"
"153738","1090","38.88855985302088","-77.02739112575064","Freer Gallery"
"153739","1090","38.88872265732976","-77.02737713115938","Freer Gallery"
"153740","1090","38.88891205003467","-77.02718834743897","Freer Gallery"
"153741","1090","38.88841033036558","-77.02752363908567","Freer Gallery"
"146843","670","38.888642552334105","-77.02679238697279","International Gallery"
"146844","670","38.88865097690247","-77.02680963215435","International Gallery"
"146846","670","38.88862516156071","-77.02676910013741","International Gallery"
"146848","670","38.88865491341677","-77.02682658081413","International Gallery"
"146849","670","38.88866222515744","-77.02684264625734","International Gallery"
"146850","670","38.88866350948416","-77.02686694604635","International Gallery"
"146851","670","38.88866380635922","-77.02691899875931","International Gallery"
"146852","670","38.888664935982874","-77.02689123554798","International Gallery"
"146853","670","38.88866097017223","-77.02694813613275","International Gallery"
"146854","670","38.88865483275377","-77.02696585278403","International Gallery"
"146855","670","38.888645563011","-77.02697980804088","International Gallery"
"146856","670","38.888637592424494","-77.0269992781578","International Gallery"
"146857","670","38.88863223069278","-77.02700736347101","International Gallery"
"146858","670","38.88939095982328","-77.0298307396068","International Gallery"
"146859","670","38.88864397547455","-77.02714202970027","International Gallery"
"146860","670","38.88859581597754","-77.0270258465317","International Gallery"
"146861","670","38.888597229250024","-77.02705284387093","International Gallery"
"146862","670","38.88859952533407","-77.02707417275192","International Gallery"
"146863","670","38.88860874730844","-77.02710809509149","International Gallery"
"146864","670","38.888621637264265","-77.02710053012711","International Gallery"
"146865","670","38.88866354828919","-77.02709957698279","International Gallery"
"146866","670","38.88868221011313","-77.02708754892146","International Gallery"
"146867","670","38.888704293041904","-77.0270047511591","International Gallery"
"146868","670","38.88870631546544","-77.02697231957232","International Gallery"
"146869","670","38.88870521408236","-77.02694408183967","International Gallery"
"146870","670","38.88871102110073","-77.02691949410963","International Gallery"
"146845","670","38.888635100785926","-77.026778963586","International Gallery"
"146871","670","38.88871620997065","-77.02689632947268","International Gallery"
"146872","670","38.88871896869103","-77.026876156999","International Gallery"
"146873","670","38.8887223482827","-77.02685466631397","International Gallery"
"146874","670","38.88872196636609","-77.02685437956444","International Gallery"
"146875","670","38.88872878900692","-77.02680921482884","International Gallery"
"146876","670","38.8887254929136","-77.02683328061822","International Gallery"
"146877","670","38.888703426388034","-77.02676348532384","International Gallery"
"146878","670","38.88873697995031","-77.02675783132808","International Gallery"
"146880","670","38.88873454185384","-77.02680696085348","International Gallery"
"146879","670","38.88875952737594","-77.02673185289723","International Gallery"
"146881","670","38.888733921772754","-77.02680676992313","International Gallery"
"146882","670","38.888732731352654","-77.02680699812232","International Gallery"
"146883","670","38.88873123372227","-77.02680728552495","International Gallery"
"146884","670","38.888729457220094","-77.02680755062372","International Gallery"
"146885","670","38.88872612786034","-77.02680811423136","International Gallery"
"146886","670","38.88872426137852","-77.02680842842373","International Gallery"
"146887","670","38.88872251881339","-77.02680872584436","International Gallery"
"146888","670","38.88872045137237","-77.02680899068143","International Gallery"
"146889","670","38.88871862342087","-77.02680933822516","International Gallery"
"146890","670","38.88871664956942","-77.02680974875734","International Gallery"
"146891","670","38.888714783992356","-77.02681005061879","International Gallery"
"146892","670","38.88871264757677","-77.0268104003307","International Gallery"
"146893","670","38.88871071534146","-77.02681081414897","International Gallery"
"146894","670","38.88870857767721","-77.02681147518463","International Gallery"
"146895","670","38.88870661322293","-77.02681210917542","International Gallery"
"146896","670","38.888670672881965","-77.02679770296669","International Gallery"
"146897","670","38.888670649174145","-77.02679785489245","International Gallery"
"146898","670","38.888670675063224","-77.02679930482941","International Gallery"
"146899","670","38.888670770928016","-77.02680155898132","International Gallery"
"146900","670","38.88867064469894","-77.02680511710082","International Gallery"
"146901","670","38.888670423143964","-77.0268088938725","International Gallery"
"146902","670","38.88867067202388","-77.02681161644625","International Gallery"
"146903","670","38.88867060906292","-77.02681457697655","International Gallery"
"146904","670","38.88867054342284","-77.02681722065249","International Gallery"
"146905","670","38.88867048696934","-77.02682039012024","International Gallery"
"146906","670","38.88867041841608","-77.02682342039428","International Gallery"
"146907","670","38.888670289907914","-77.0268289002118","International Gallery"
"146908","670","38.88867014784942","-77.02683162182034","International Gallery"
"146909","670","38.88866987334253","-77.0268353860063","International Gallery"
"146910","670","38.888669691028554","-77.0268380817242","International Gallery"
"146911","670","38.88866925605144","-77.02684055429621","International Gallery"
"146912","670","38.888668679001015","-77.0268439437919","International Gallery"
"146913","670","38.8886673909318","-77.02684850699542","International Gallery"
"146914","670","38.88866745892826","-77.0268488101099","International Gallery"
"146915","670","38.88866760843257","-77.02685061370678","International Gallery"
"146916","670","38.8886679785916","-77.02685299098111","International Gallery"
"146917","670","38.88866800718616","-77.02685518782468","International Gallery"
"146918","670","38.88866811426655","-77.02685767688395","International Gallery"
"146919","670","38.88866815892178","-77.02686029320682","International Gallery"
"146920","670","38.88866825149751","-77.0268633064326","International Gallery"
"146921","670","38.88866832386897","-77.02686581429187","International Gallery"
"146922","670","38.88866819930695","-77.02686882200057","International Gallery"
"146923","670","38.88866803981864","-77.0268724704932","International Gallery"
"146924","670","38.888667991129886","-77.02687497802705","International Gallery"
"146925","670","38.88866774853039","-77.02687635068463","International Gallery"
"146926","670","38.888623861322905","-77.02677232487062","International Gallery"
"146927","670","38.88861842479368","-77.02676181221644","International Gallery"
"146928","670","38.88860983389951","-77.02675266427741","International Gallery"
"146929","670","38.88859830157165","-77.02673442111208","International Gallery"
"146930","670","38.8885967194813","-77.02673101538313","International Gallery"
"146931","670","38.88859515287086","-77.0267307571984","International Gallery"
"146932","670","38.888593743125114","-77.02672916702059","International Gallery"
"146933","670","38.88859172661927","-77.02672833417186","International Gallery"
"146934","670","38.88859024529963","-77.02672709768215","International Gallery"
"146935","670","38.88858883413442","-77.02672583604111","International Gallery"
"146936","670","38.88858575439981","-77.02672264094444","International Gallery"
"146937","670","38.88858403386002","-77.02672184625364","International Gallery"
"146938","670","38.88858231998783","-77.02672092473202","International Gallery"
"146939","670","38.88857857541884","-77.0267195668643","International Gallery"
"146940","670","38.88858037197498","-77.02672005560763","International Gallery"
"146941","670","38.88857591815495","-77.02671912351592","International Gallery"
"146942","670","38.888571804667734","-77.026718107484","International Gallery"
"146943","670","38.88857410917003","-77.02671876834825","International Gallery"
"146944","670","38.88856708434317","-77.02671787406126","International Gallery"
"146945","670","38.88856919424476","-77.02671776651063","International Gallery"
"146946","670","38.88856523977227","-77.02671772297391","International Gallery"
"147272","678","38.88878473263553","-77.02673454381761","International Gallery"
"147273","678","38.8886564680341","-77.02681378415005","International Gallery"
"147274","678","38.888671198185456","-77.02697997205458","International Gallery"
"147275","678","38.88866935006018","-77.02680068275725","International Gallery"
"147276","678","38.88866919859302","-77.02696281357535","International Gallery"
"147311","678","38.88878986958566","-77.02668383951651","International Gallery"
"147321","678","38.88861578246096","-77.0267644603859","International Gallery"
"147322","678","38.88877493992673","-77.02678587682958","International Gallery"
"147329","678","38.888691164698685","-77.02694444384547","International Gallery"
"147336","678","38.888729195972935","-77.0268923667223","International Gallery"
"147356","678","38.888641247316336","-77.02679925132247","International Gallery"
"148296","670","38.88865500465659","-77.02679838533072","International Gallery"
"148297","670","38.888654854271756","-77.02679833002905","International Gallery"
"148298","670","38.888651262625324","-77.0268054839536","International Gallery"
"148299","670","38.88865490865202","-77.02679772570013","International Gallery"
"148300","670","38.8886553507439","-77.02679792192428","International Gallery"
"148301","670","38.888659547610615","-77.02684547218765","International Gallery"
"148302","670","38.888654298629916","-77.02684649392273","International Gallery"
"148303","670","38.88863375689002","-77.02688777407887","International Gallery"
"148304","670","38.88865964989911","-77.0268456545367","International Gallery"
"148305","670","38.88866216035963","-77.02689161607128","International Gallery"
"148306","670","38.8886560940646","-77.02689794903826","International Gallery"
"148307","670","38.888654427207726","-77.02689893357464","International Gallery"
"148308","670","38.88863950403085","-77.02689592660897","International Gallery"
"148310","670","38.88863252917257","-77.02699167236821","International Gallery"
"148311","670","38.88863006344467","-77.0269729348599","International Gallery"
"148312","670","38.88863203021652","-77.02697626041713","International Gallery"
"148316","670","38.888625574123665","-77.0269725880473","International Gallery"
"148317","670","38.888637263766995","-77.02700083389799","International Gallery"
"148309","670","38.88864171519981","-77.0269728682611","International Gallery"
"148318","670","38.888613631775115","-77.02703426760166","International Gallery"
"148319","670","38.888613462761484","-77.02703384654585","International Gallery"
"148320","670","38.88862128865929","-77.02706353504853","International Gallery"
"148322","670","38.888598400802906","-77.02701230203682","International Gallery"
"148324","670","38.88860693573521","-77.02703241196447","International Gallery"
"148325","670","38.88860839397678","-77.02703899242923","International Gallery"
"148326","670","38.88860191625706","-77.02702832577724","International Gallery"
"148328","670","38.88860331324595","-77.02703276961091","International Gallery"
"148329","670","38.88858705592771","-77.02707083298998","International Gallery"
"148330","670","38.88858706519999","-77.02707065891171","International Gallery"
"148331","670","38.88858164475332","-77.02705854683813","International Gallery"
"148332","670","38.88858753359094","-77.02707347672423","International Gallery"
"148333","670","38.88858752092171","-77.02707339306022","International Gallery"
"148334","670","38.888587198385295","-77.0270723681114","International Gallery"
"148335","670","38.8885457542299","-77.02704905105479","International Gallery"
"148336","670","38.88850073456888","-77.02813976749812","International Gallery"
"148337","670","38.88844614500881","-77.03152030372345","International Gallery"
"148339","670","38.88824366837546","-77.03047580114102","International Gallery"
"148342","670","38.888640891333154","-77.02711923725809","International Gallery"
"148343","670","38.888525049979854","-77.0278424406118","International Gallery"
"148344","670","38.88864738532399","-77.02713544195987","International Gallery"
"148345","670","38.888527528496596","-77.02868327724862","International Gallery"
"148346","670","38.88865802862746","-77.02727094561263","International Gallery"
"148347","670","38.88863098271662","-77.02724113551453","International Gallery"
"148348","670","38.88885735167178","-77.0281717270343","International Gallery"
"148349","670","38.88862355394511","-77.02727770103625","International Gallery"
"148350","670","38.888617012931256","-77.02727729342196","International Gallery"
"148351","670","38.888610684747","-77.02727242689998","International Gallery"
"148352","670","38.88860510669404","-77.02727306151591","International Gallery"
"148353","670","38.888599800674974","-77.0272710080373","International Gallery"
"148354","670","38.88860260179022","-77.02692586185341","International Gallery"
"148355","670","38.88860114949595","-77.02692319653484","International Gallery"
"148356","670","38.88860302360872","-77.02692388155475","International Gallery"
"148358","670","38.88860751285206","-77.02692768503461","International Gallery"
"148359","670","38.88859827099263","-77.02692110895842","International Gallery"
"148360","670","38.88860356379564","-77.02692700333954","International Gallery"
"148361","670","38.888608033888566","-77.02683580351331","International Gallery"
"148362","670","38.888612604219965","-77.02685730229973","International Gallery"
"148363","670","38.88860831025186","-77.02683039241981","International Gallery"
"148364","670","38.8886072810444","-77.02683088404213","International Gallery"
"148365","670","38.888607184903385","-77.02683123809426","International Gallery"
"148367","670","38.88860795557731","-77.02683033721648","International Gallery"
"148368","670","38.888608288907754","-77.02683025477867","International Gallery"
"148370","670","38.88861100654627","-77.02678474190458","International Gallery"
"148371","670","38.888611573577805","-77.0267836195258","International Gallery"
"148372","670","38.88860979526973","-77.02678752978491","International Gallery"
"148373","670","38.88861248555695","-77.02678613113869","International Gallery"
"148374","670","38.88861151304355","-77.02678774116163","International Gallery"
"148375","670","38.8885688904799","-77.02673191879187","International Gallery"
"148376","670","38.888568971614276","-77.02673156922765","International Gallery"
"148397","670","38.8885643961586","-77.02709837134228","International Gallery"
"148399","670","38.88857312690091","-77.02712175040409","International Gallery"
"148423","670","38.888550797415384","-77.02670523906284","International Gallery"
"148425","670","38.88855344526378","-77.02670565826418","International Gallery"
"148426","670","38.88855553506404","-77.02670652355425","International Gallery"
"148427","670","38.88856775340733","-77.02671001008947","International Gallery"
"148428","670","38.88857553961087","-77.0267150135568","International Gallery"
"148429","670","38.8885715407469","-77.02671153340431","International Gallery"
"148430","670","38.88858037343262","-77.0267181014806","International Gallery"
"148431","670","38.8885848294467","-77.02672056932174","International Gallery"
"148432","670","38.88859594157916","-77.02672567324709","International Gallery"
"148433","670","38.88860055008539","-77.02673418571021","International Gallery"
"148434","670","38.888605548995685","-77.0267413565758","International Gallery"
"148655","733","38.88870165319975","-77.02686655061844","International Gallery"
"148656","733","38.888681589393364","-77.02683176790096","International Gallery"
"148657","733","38.888672139703296","-77.02679956353406","International Gallery"
"148671","733","38.88857316746385","-77.02669042827073","International Gallery"
"148672","733","38.88857077334513","-77.0266948648574","International Gallery"
"148674","733","38.8886528273515","-77.02680597289668","International Gallery"
"149066","734","38.88854787152087","-77.02675981221081","International Gallery"
"146239","670","38.88822099407461","-77.01972667922267","Air and Space Museum"
"145950","670","38.88824393932869","-77.01989884527187","Air and Space Museum"
"145951","670","38.88825824725147","-77.0198759729077","Air and Space Museum"
"145953","670","38.888294545371735","-77.0199399946156","Air and Space Museum"
"145956","670","38.88816982220758","-77.01972012584295","Air and Space Museum"
"145957","670","38.88816909796903","-77.0197243943749","Air and Space Museum"
"145958","670","38.88818394184924","-77.01985093729117","Air and Space Museum"
"145963","670","38.888228127302554","-77.01989366962717","Air and Space Museum"
"145964","670","38.88825772650514","-77.01990778509932","Air and Space Museum"
"145965","670","38.888166100413734","-77.01974340340719","Air and Space Museum"
"145966","670","38.888209159539656","-77.0198402606806","Air and Space Museum"
"145970","670","38.888249448688434","-77.01974872819702","Air and Space Museum"
"145971","670","38.88823811677433","-77.01965352892607","Air and Space Museum"
"145972","670","38.88827492898817","-77.01972117353316","Air and Space Museum"
"145977","670","38.88819294208019","-77.01968792307281","Air and Space Museum"
"145989","670","38.888185233477394","-77.01975488984354","Air and Space Museum"
"145990","670","38.888166997726415","-77.01976482091628","Air and Space Museum"
"145991","670","38.88825817896033","-77.01992536576405","Air and Space Museum"
"146025","670","38.8881942520462","-77.01969642367723","Air and Space Museum"
"146026","670","38.8881939320763","-77.01968884184191","Air and Space Museum"
"146028","670","38.88827614651414","-77.01963596448101","Air and Space Museum"
"146029","670","38.88824876230472","-77.01969475004545","Air and Space Museum"
"146030","670","38.88824872650146","-77.01969515628662","Air and Space Museum"
"146032","670","38.88823436435228","-77.01981573018783","Air and Space Museum"
"146033","670","38.88827612570639","-77.0197960188074","Air and Space Museum"
"146034","670","38.888276514728275","-77.01979562470095","Air and Space Museum"
"146035","670","38.88825363076607","-77.01971593879378","Air and Space Museum"
"146036","670","38.88825422573688","-77.01971764400109","Air and Space Museum"
"146075","670","38.88827566214783","-77.0196337036067","Air and Space Museum"
"146076","670","38.88824836119579","-77.01969461554688","Air and Space Museum"
"146077","670","38.88824870441421","-77.01969445911342","Air and Space Museum"
"146078","670","38.888276087554864","-77.01963541964167","Air and Space Museum"
"146079","670","38.888248621550126","-77.0196934519465","Air and Space Museum"
"146080","670","38.88824841610772","-77.01969737061377","Air and Space Museum"
"146081","670","38.888245102296864","-77.01975460431248","Air and Space Museum"
"146082","670","38.888245062119445","-77.0197541438835","Air and Space Museum"
"146083","670","38.88824528254188","-77.01980212644067","Air and Space Museum"
"146084","670","38.8882527656802","-77.01971966254038","Air and Space Museum"
"146085","670","38.8882623323887","-77.0198574177548","Air and Space Museum"
"146086","670","38.8882757054159","-77.01963498249398","Air and Space Museum"
"146087","670","38.88824897315178","-77.01969454739822","Air and Space Museum"
"146090","670","38.88824868302343","-77.01969443418815","Air and Space Museum"
"146091","670","38.88819414529722","-77.0196962315233","Air and Space Museum"
"146088","670","38.88817509290884","-77.01970043719344","Air and Space Museum"
"146092","670","38.888248393207704","-77.01969444948607","Air and Space Museum"
"146093","670","38.88824507122233","-77.01975410280713","Air and Space Museum"
"146094","670","38.888245180238435","-77.01975331508477","Air and Space Museum"
"146095","670","38.88823994800657","-77.01983921625302","Air and Space Museum"
"146097","670","38.888275193107575","-77.01989347022406","Air and Space Museum"
"146098","670","38.88818597818944","-77.01965806105274","Air and Space Museum"
"146099","670","38.88825360120919","-77.0197168073884","Air and Space Museum"
"146100","670","38.88824571609031","-77.0198012512358","Air and Space Museum"
"146101","670","38.88824523031052","-77.01980228366185","Air and Space Museum"
"146102","670","38.88826536007101","-77.01981027955647","Air and Space Museum"
"146103","670","38.8882757758188","-77.01963494891756","Air and Space Museum"
"146104","670","38.88822347638933","-77.0197912487997","Air and Space Museum"
"146106","670","38.88824058997327","-77.01976115426389","Air and Space Museum"
"146107","670","38.88823997425202","-77.0197608861865","Air and Space Museum"
"146108","670","38.888239672447725","-77.01976125092887","Air and Space Museum"
"146109","670","38.88823903260114","-77.01976190819931","Air and Space Museum"
"146110","670","38.88823973820235","-77.01976232538627","Air and Space Museum"
"146111","670","38.88832197194379","-77.01999051562409","Air and Space Museum"
"146112","670","38.88817172335385","-77.01987423426287","Air and Space Museum"
"146113","670","38.88817148403366","-77.01987493902278","Air and Space Museum"
"146114","670","38.88825356163822","-77.01971561934859","Air and Space Museum"
"146115","670","38.88825311377625","-77.01971541923255","Air and Space Museum"
"146105","670","38.88826538897323","-77.01985330233319","Air and Space Museum"
"146116","670","38.88825278257387","-77.01971639785447","Air and Space Museum"
"146117","670","38.88826196667037","-77.0198570118036","Air and Space Museum"
"146118","670","38.88826299107011","-77.01985609670554","Air and Space Museum"
"146119","670","38.888211507028565","-77.01981413667194","Air and Space Museum"
"146120","670","38.888212311703356","-77.01981459935683","Air and Space Museum"
"146121","670","38.88814058877085","-77.01986679483275","Air and Space Museum"
"146122","670","38.888211291192604","-77.0198139864005","Air and Space Museum"
"146123","670","38.88827370170446","-77.01967362521331","Air and Space Museum"
"146126","670","38.88823116870099","-77.01982210173493","Air and Space Museum"
"146125","670","38.88826512254081","-77.01985306980643","Air and Space Museum"
"146127","670","38.88823165729132","-77.01982464058182","Air and Space Museum"
"146129","670","38.88821991087451","-77.01978050786141","Air and Space Museum"
"146130","670","38.88826297501529","-77.01985636626223","Air and Space Museum"
"146131","670","38.88826228313768","-77.01985305378474","Air and Space Museum"
"146132","670","38.88829993128655","-77.01982679796377","Air and Space Museum"
"146136","670","38.88827947264288","-77.01967262818971","Air and Space Museum"
"146135","670","38.88822350559577","-77.01979132357121","Air and Space Museum"
"146137","670","38.8882760577492","-77.01967388584156","Air and Space Museum"
"146138","670","38.888265424230305","-77.0198102624548","Air and Space Museum"
"146140","670","38.888265815936144","-77.01985468870998","Air and Space Museum"
"146141","670","38.888265837314734","-77.01985457249906","Air and Space Museum"
"146142","670","38.88823997013482","-77.0197609711196","Air and Space Museum"
"146143","670","38.88823968406044","-77.01976133280982","Air and Space Museum"
"146144","670","38.888240500506555","-77.01976118993841","Air and Space Museum"
"146145","670","38.888146307164796","-77.01976887134805","Air and Space Museum"
"146146","670","38.888239273995744","-77.01976185691655","Air and Space Museum"
"146147","670","38.8882533642107","-77.01971571531394","Air and Space Museum"
"146148","670","38.888252967657934","-77.01971561669734","Air and Space Museum"
"146139","670","38.8882652600153","-77.01985330026957","Air and Space Museum"
"146149","670","38.88826222327988","-77.01985688420618","Air and Space Museum"
"146150","670","38.888252712766125","-77.01971644051967","Air and Space Museum"
"146151","670","38.888262905560644","-77.01985618980747","Air and Space Museum"
"146152","670","38.88826235551052","-77.01985479940534","Air and Space Museum"
"146153","670","38.88826183238406","-77.01985573682703","Air and Space Museum"
"146154","670","38.888211660697934","-77.01981423009855","Air and Space Museum"
"146155","670","38.888212882986835","-77.01981468549053","Air and Space Museum"
"146156","670","38.888140909595265","-77.01986031573313","Air and Space Museum"
"146157","670","38.888141315467024","-77.01986288511851","Air and Space Museum"
"146158","670","38.88823144779113","-77.01982181327637","Air and Space Museum"
"146160","670","38.888231277813354","-77.01982189212993","Air and Space Museum"
"146161","670","38.88823460120793","-77.01972983334852","Air and Space Museum"
"146162","670","38.8882197218782","-77.01978059411309","Air and Space Museum"
"146163","670","38.888262295160764","-77.01985312257278","Air and Space Museum"
"146167","670","38.88826544113007","-77.01981033568488","Air and Space Museum"
"146168","670","38.88822304057839","-77.01978941526562","Air and Space Museum"
"146169","670","38.88826530305282","-77.01985348754565","Air and Space Museum"
"146170","670","38.8882235990656","-77.01979098510327","Air and Space Museum"
"146171","670","38.88827770476442","-77.01967354404468","Air and Space Museum"
"146172","670","38.88826587050925","-77.01985491268186","Air and Space Museum"
"146174","670","38.88824045921403","-77.01976126376474","Air and Space Museum"
"146175","670","38.88817156457482","-77.01987391547345","Air and Space Museum"
"146176","670","38.88824123243765","-77.01976197344264","Air and Space Museum"
"146173","670","38.88826592288088","-77.01985481145329","Air and Space Museum"
"146177","670","38.888145498093984","-77.01976416775608","Air and Space Museum"
"146178","670","38.888171639934654","-77.01987401736133","Air and Space Museum"
"146179","670","38.88826177471851","-77.01985575323744","Air and Space Museum"
"146180","670","38.888145723100074","-77.01976454433401","Air and Space Museum"
"146181","670","38.88826282193603","-77.019856638253","Air and Space Museum"
"146182","670","38.88814212328019","-77.01986863636934","Air and Space Museum"
"146183","670","38.88814171120351","-77.01986454862225","Air and Space Museum"
"146184","670","38.888279671023625","-77.0196729742211","Air and Space Museum"
"146185","670","38.88814150718091","-77.01986330774658","Air and Space Museum"
"146186","670","38.88827825268393","-77.0196734165793","Air and Space Museum"
"146187","670","38.888223206564355","-77.01978963992046","Air and Space Museum"
"146188","670","38.88822351348576","-77.01979129480563","Air and Space Museum"
"146189","670","38.88826550565896","-77.01981032539365","Air and Space Museum"
"146190","670","38.888265350763255","-77.01985343205409","Air and Space Museum"
"146191","670","38.88826598500859","-77.01985504476417","Air and Space Museum"
"146192","670","38.88826595037946","-77.01985473374287","Air and Space Museum"
"146193","670","38.88824069155975","-77.01976129494643","Air and Space Museum"
"146194","670","38.8882414500792","-77.01976216730145","Air and Space Museum"
"146195","670","38.88823981413002","-77.01976096941054","Air and Space Museum"
"146196","670","38.88823965857287","-77.01976135851662","Air and Space Museum"
"146197","670","38.88814585603038","-77.01976733313205","Air and Space Museum"
"146198","670","38.88826236841883","-77.01985465615284","Air and Space Museum"
"146199","670","38.8882618437835","-77.01985565462287","Air and Space Museum"
"146200","670","38.88814151909958","-77.01986341926275","Air and Space Museum"
"146201","670","38.8881416682093","-77.0198645698812","Air and Space Museum"
"146202","670","38.888145853827204","-77.01976523583849","Air and Space Museum"
"146203","670","38.88827918604928","-77.01967320784085","Air and Space Museum"
"146204","670","38.88825322331164","-77.01971567416642","Air and Space Museum"
"146205","670","38.88826281853565","-77.01985643847381","Air and Space Museum"
"146206","670","38.88821147301786","-77.01981408702247","Air and Space Museum"
"146208","670","38.888248408822825","-77.01969460344863","Air and Space Museum"
"146209","670","38.88824857061048","-77.01969424588333","Air and Space Museum"
"146210","670","38.88824846383211","-77.01969748274803","Air and Space Museum"
"146211","670","38.888245338166044","-77.01980238402862","Air and Space Museum"
"146212","670","38.8882456996437","-77.01980174105026","Air and Space Museum"
"146213","670","38.888239785612704","-77.01976234152745","Air and Space Museum"
"146214","670","38.8882538752532","-77.01971660132722","Air and Space Museum"
"146215","670","38.88825283503181","-77.01971978434744","Air and Space Museum"
"146216","670","38.888275808442316","-77.0196347029399","Air and Space Museum"
"146207","670","38.888276195540186","-77.01963519444173","Air and Space Museum"
"146217","670","38.88826237644174","-77.01985741271069","Air and Space Museum"
"146221","670","38.8881815844846","-77.01979017167581","Air and Space Museum"
"146223","670","38.88822440464941","-77.01974581121544","Air and Space Museum"
"146256","678","38.88808764076128","-77.01972263703117","Air and Space Museum"
"146224","670","38.88820012003504","-77.01976413902514","Air and Space Museum"
"146225","670","38.88819003665599","-77.01977584198784","Air and Space Museum"
"146226","670","38.8882108525378","-77.01975459757865","Air and Space Museum"
"146227","670","38.888246273475325","-77.01973274287568","Air and Space Museum"
"146261","678","38.8882673379024","-77.01961658842197","Air and Space Museum"
"146228","670","38.888233880631816","-77.01973797605332","Air and Space Museum"
"146229","670","38.88825663811191","-77.01972470788762","Air and Space Museum"
"146230","670","38.88827387109432","-77.01972498208264","Air and Space Museum"
"146231","670","38.88827429705494","-77.01972647673232","Air and Space Museum"
"146232","670","38.88826269007869","-77.0197626703696","Air and Space Museum"
"146233","670","38.88823436782529","-77.01978065268493","Air and Space Museum"
"146234","670","38.888247910055355","-77.01977369932617","Air and Space Museum"
"146235","670","38.88822336571052","-77.01979907966076","Air and Space Museum"
"146236","670","38.88821402123478","-77.01981404457683","Air and Space Museum"
"146237","670","38.888206037988176","-77.0198329327254","Air and Space Museum"
"146238","670","38.88821217482688","-77.01975152822932","Air and Space Museum"
"146240","670","38.88822139408884","-77.01972697479815","Air and Space Museum"
"146241","670","38.88821984330759","-77.01972560480084","Air and Space Museum"
"146244","670","38.88820254202936","-77.01971949820992","Air and Space Museum"
"146245","670","38.888189816933696","-77.01974186466197","Air and Space Museum"
"146246","670","38.88817175190728","-77.01975569585787","Air and Space Museum"
"146247","670","38.888138365254115","-77.01975890988706","Air and Space Museum"
"146248","670","38.88819855560186","-77.01976160216532","Air and Space Museum"
"146249","670","38.888179772194825","-77.01972692220579","Air and Space Museum"
"146250","670","38.888188857459454","-77.01974467726113","Air and Space Museum"
"146251","670","38.88816232461333","-77.0196968427053","Air and Space Museum"
"146252","670","38.88817140086238","-77.01971133492654","Air and Space Museum"
"146254","670","38.88816162218995","-77.01969631527321","Air and Space Museum"
"146280","670","38.888234263160165","-77.01978808158283","Air and Space Museum"
"146281","670","38.8882202986186","-77.0197834238653","Air and Space Museum"
"146282","670","38.88820967810564","-77.01987214802399","Air and Space Museum"
"146283","670","38.88820944514995","-77.01977206674047","Air and Space Museum"
"146284","670","38.88819912219067","-77.01976058411576","Air and Space Museum"
"146285","670","38.88819918936859","-77.01976025313077","Air and Space Museum"
"146286","670","38.888188918922275","-77.0197471615966","Air and Space Museum"
"146287","670","38.88817737773386","-77.01972925853352","Air and Space Museum"
"146288","670","38.888157054028554","-77.01967487318525","Air and Space Museum"
"146289","670","38.888165076032834","-77.0197020554339","Air and Space Museum"
"146290","670","38.88815698458843","-77.01967482937901","Air and Space Museum"
"146291","670","38.88815644768244","-77.01967527452761","Air and Space Museum"
"146292","670","38.88826166435226","-77.0197523377752","Air and Space Museum"
"146293","670","38.88821480371482","-77.01972563946715","Air and Space Museum"
"146294","670","38.88823470674033","-77.0197445118782","Air and Space Museum"
"146295","670","38.88819904014241","-77.0197028981815","Air and Space Museum"
"146296","670","38.88819189128159","-77.01967679907351","Air and Space Museum"
"146297","670","38.8881916479176","-77.01967715769743","Air and Space Museum"
"146298","670","38.88818824049645","-77.01967485681197","Air and Space Museum"
"146299","670","38.888192828479106","-77.01972140659129","Air and Space Museum"
"146300","670","38.88819259616904","-77.01972107209441","Air and Space Museum"
"146301","670","38.8882121657456","-77.01974261817055","Air and Space Museum"
"146302","670","38.88823470271468","-77.01975954699977","Air and Space Museum"
"146303","670","38.888234746090795","-77.01976036338094","Air and Space Museum"
"146304","670","38.88827506090602","-77.01975190926981","Air and Space Museum"
"146305","670","38.888275195019645","-77.01975286045923","Air and Space Museum"
"146306","670","38.88828051269079","-77.01973510340872","Air and Space Museum"
"146307","670","38.88828058282789","-77.01973616340366","Air and Space Museum"
"146308","670","38.88815699177894","-77.01971650890376","Air and Space Museum"
"146309","670","38.88815683370667","-77.01971693226461","Air and Space Museum"
"146310","670","38.88816347413382","-77.01976844934147","Air and Space Museum"
"146311","670","38.88816369593493","-77.01976838872952","Air and Space Museum"
"146312","670","38.88817967107573","-77.01984402645732","Air and Space Museum"
"146313","670","38.888179615039434","-77.01984402569606","Air and Space Museum"
"146314","670","38.88818027051589","-77.01984293541963","Air and Space Museum"
"146315","670","38.888209605523656","-77.01987232081184","Air and Space Museum"
"146316","670","38.888234936749704","-77.01972937167793","Air and Space Museum"
"146317","670","38.8882207965408","-77.01973731389138","Air and Space Museum"
"146318","670","38.88824705377583","-77.01971739586165","Air and Space Museum"
"146320","670","38.88820516879376","-77.01974293910918","Air and Space Museum"
"146321","670","38.88818393492584","-77.01974427444691","Air and Space Museum"
"146322","670","38.888158035976026","-77.01974218469766","Air and Space Museum"
"146323","670","38.88812612561749","-77.019703056187","Air and Space Museum"
"146324","670","38.888156936442705","-77.01967482217859","Air and Space Museum"
"146325","670","38.88812663471851","-77.01970208940803","Air and Space Museum"
"146326","670","38.88815817656964","-77.01974175698233","Air and Space Museum"
"146328","670","38.888126324378476","-77.0197028887123","Air and Space Museum"
"146329","670","38.88812657147029","-77.0197021852584","Air and Space Museum"
"146330","670","38.88819905634182","-77.01976034043246","Air and Space Museum"
"146331","670","38.88818906203279","-77.01974684168749","Air and Space Museum"
"146332","670","38.88817744552312","-77.01972914333975","Air and Space Museum"
"146333","670","38.88816518214708","-77.01970196266612","Air and Space Museum"
"146334","670","38.88815701138565","-77.01967489565865","Air and Space Museum"
"146335","670","38.88815640797532","-77.01967527843641","Air and Space Museum"
"146336","670","38.88826146429021","-77.01975221684104","Air and Space Museum"
"146337","670","38.88819912459151","-77.0197026739575","Air and Space Museum"
"146338","670","38.88819193085698","-77.01967667969087","Air and Space Museum"
"146339","670","38.88819167234035","-77.01967703173692","Air and Space Museum"
"146340","670","38.88828056882352","-77.01973509576007","Air and Space Museum"
"146341","670","38.88828075432328","-77.01973591503422","Air and Space Museum"
"146342","670","38.88816333407957","-77.01976874875889","Air and Space Museum"
"146343","670","38.88817970547665","-77.01984397110631","Air and Space Museum"
"146344","670","38.888179669055944","-77.0198439602371","Air and Space Museum"
"146345","670","38.88809912189084","-77.01964636839331","Air and Space Museum"
"146346","670","38.8880344671206","-77.01968757624056","Air and Space Museum"
"146347","670","38.888171333942026","-77.01973096334326","Air and Space Museum"
"146348","670","38.88819940409439","-77.01972318505209","Air and Space Museum"
"146350","670","38.88815691908086","-77.01971664531078","Air and Space Museum"
"146349","670","38.8882614040914","-77.01982971346287","Air and Space Museum"
"146351","670","38.88816348252432","-77.01976866977466","Air and Space Museum"
"146352","670","38.88816332249557","-77.01976854514045","Air and Space Museum"
"146353","670","38.888179672781455","-77.01984395781218","Air and Space Museum"
"146354","670","38.888179686586106","-77.01984392843396","Air and Space Museum"
"146355","670","38.8881802828216","-77.01984293992513","Air and Space Museum"
"146356","670","38.88820965420546","-77.01987227618079","Air and Space Museum"
"146357","670","38.888209687469185","-77.01987214503917","Air and Space Museum"
"146358","670","38.88821710169312","-77.01965759596827","Air and Space Museum"
"146359","670","38.88819832068053","-77.01970850092562","Air and Space Museum"
"146360","670","38.88819866084673","-77.01970856094654","Air and Space Museum"
"146362","670","38.888225608858185","-77.01969026001863","Air and Space Museum"
"146363","670","38.88819377333836","-77.01975353785247","Air and Space Museum"
"146364","670","38.88819406413891","-77.01975441529879","Air and Space Museum"
"146365","670","38.88818753506598","-77.01979105739044","Air and Space Museum"
"146366","670","38.88818810699449","-77.01979089396033","Air and Space Museum"
"146367","670","38.888188056509506","-77.01979081705757","Air and Space Museum"
"146368","670","38.888187725818796","-77.01979072616507","Air and Space Museum"
"146369","670","38.888187532591395","-77.01983195165053","Air and Space Museum"
"146370","670","38.888199889744676","-77.01987687198258","Air and Space Museum"
"146371","670","38.88819998928663","-77.01987632113067","Air and Space Museum"
"146372","670","38.8881999490712","-77.0198761190141","Air and Space Museum"
"146373","670","38.888214478954495","-77.01991245733922","Air and Space Museum"
"146374","670","38.88821453344437","-77.01991210364018","Air and Space Museum"
"146376","670","38.88823631847414","-77.01992561241397","Air and Space Museum"
"146377","670","38.888126268588465","-77.01994248937436","Air and Space Museum"
"146378","670","38.88814522131679","-77.01989851076107","Air and Space Museum"
"146379","670","38.8881319492026","-77.019834019959","Air and Space Museum"
"146380","670","38.88813195264039","-77.01983368735118","Air and Space Museum"
"146381","670","38.88813148615749","-77.01983366190125","Air and Space Museum"
"146382","670","38.88812726155032","-77.0197537812372","Air and Space Museum"
"146383","670","38.88812651109641","-77.01975174706678","Air and Space Museum"
"146384","670","38.888126365948146","-77.01975132862665","Air and Space Museum"
"146385","670","38.888118237455195","-77.01966263892665","Air and Space Museum"
"146386","670","38.88811865049528","-77.01966279474802","Air and Space Museum"
"146387","670","38.88811774068151","-77.01966266137154","Air and Space Museum"
"146388","670","38.888098479647","-77.01964405911991","Air and Space Museum"
"146389","670","38.88809916591604","-77.019643539215","Air and Space Museum"
"146390","670","38.888155515368524","-77.01966333237898","Air and Space Museum"
"146391","670","38.88816217490627","-77.01972776558115","Air and Space Museum"
"146392","670","38.88816432721209","-77.01977682274948","Air and Space Museum"
"146393","670","38.88815988158294","-77.01981666800721","Air and Space Museum"
"146394","670","38.888163595278996","-77.01985059809714","Air and Space Museum"
"146395","670","38.88823102445374","-77.0198002340082","Air and Space Museum"
"146396","670","38.88823858993365","-77.01993796291553","Air and Space Museum"
"146397","670","38.888187591769345","-77.01970533374025","Air and Space Museum"
"146398","670","38.888210176859836","-77.01969265568898","Air and Space Museum"
"146399","670","38.88823017904084","-77.01968256682025","Air and Space Museum"
"146400","670","38.88825618110359","-77.01968213055076","Air and Space Museum"
"146401","670","38.88825850647791","-77.01960354152878","Air and Space Museum"
"146402","670","38.88825798554538","-77.01960285060403","Air and Space Museum"
"146403","670","38.888245342518346","-77.01983429030902","Air and Space Museum"
"146405","670","38.888258057913745","-77.01960296736728","Air and Space Museum"
"146406","670","38.88837654390109","-77.01995305941563","Air and Space Museum"
"146407","670","38.88813817803912","-77.01974791394281","Air and Space Museum"
"146408","670","38.88816656908577","-77.01973214814375","Air and Space Museum"
"146409","670","38.888138135056735","-77.01974790832243","Air and Space Museum"
"146410","670","38.88816669411123","-77.01973174996384","Air and Space Museum"
"146411","670","38.88819835667264","-77.01972255231011","Air and Space Museum"
"146412","670","38.88819846318918","-77.0197208341906","Air and Space Museum"
"146413","670","38.888219740109065","-77.0197219118661","Air and Space Museum"
"146414","670","38.88824877875511","-77.01971991864453","Air and Space Museum"
"146415","670","38.88826874200792","-77.01972581922867","Air and Space Museum"
"146416","670","38.88827663409152","-77.01982450235074","Air and Space Museum"
"146417","670","38.88824786795262","-77.01983402310373","Air and Space Museum"
"146418","670","38.888217205863306","-77.01982583685589","Air and Space Museum"
"146419","670","38.888182610267634","-77.01982495222721","Air and Space Museum"
"146420","670","38.88815580387772","-77.01983655888765","Air and Space Museum"
"146421","670","38.88815637062651","-77.019837692357","Air and Space Museum"
"146422","670","38.88815662579622","-77.01983613079106","Air and Space Museum"
"146423","670","38.888112444372446","-77.01988824421586","Air and Space Museum"
"146424","670","38.88810779741108","-77.0199434418574","Air and Space Museum"
"146425","670","38.88810734202671","-77.0199435536896","Air and Space Museum"
"146434","670","38.88819602625967","-77.01979011682101","Air and Space Museum"
"146435","670","38.88818819524403","-77.01980104344685","Air and Space Museum"
"146440","670","38.8882153080435","-77.01965583567822","Air and Space Museum"
"146441","670","38.88819839478339","-77.01970867090999","Air and Space Museum"
"146442","670","38.8881977043569","-77.01970837882104","Air and Space Museum"
"146443","670","38.888193691366574","-77.01975359654213","Air and Space Museum"
"146444","670","38.888193934220645","-77.01975445528386","Air and Space Museum"
"146445","670","38.88819746615801","-77.01970851301829","Air and Space Museum"
"146446","670","38.8881877733865","-77.01979105218588","Air and Space Museum"
"146447","670","38.88818753522167","-77.0197910247626","Air and Space Museum"
"146448","670","38.88818785069248","-77.01979093874776","Air and Space Museum"
"146449","670","38.888187701077406","-77.0197909192837","Air and Space Museum"
"146450","670","38.88818768444196","-77.01983186380944","Air and Space Museum"
"146451","670","38.8881998544602","-77.01987674897343","Air and Space Museum"
"146452","670","38.888199950968946","-77.01987626334503","Air and Space Museum"
"146453","670","38.88819993284683","-77.01987606672039","Air and Space Museum"
"146454","670","38.888200237044764","-77.01987585818358","Air and Space Museum"
"146455","670","38.88821449204398","-77.01991211768097","Air and Space Museum"
"146456","670","38.88821458681481","-77.01991158139799","Air and Space Museum"
"146457","670","38.8881450843047","-77.01989874063057","Air and Space Museum"
"146458","670","38.8881318667223","-77.0198340118686","Air and Space Museum"
"146459","670","38.888126257859376","-77.01994241641297","Air and Space Museum"
"146460","670","38.88813195481498","-77.01983378621799","Air and Space Museum"
"146461","670","38.88813151031732","-77.01983360179916","Air and Space Museum"
"146462","670","38.888127204977295","-77.01975378163311","Air and Space Museum"
"146463","670","38.88812652455622","-77.0197517363241","Air and Space Museum"
"146464","670","38.88812639889506","-77.0197514108003","Air and Space Museum"
"146465","670","38.888118610145014","-77.0196627455505","Air and Space Museum"
"146466","670","38.888118256319814","-77.01966267303953","Air and Space Museum"
"146467","670","38.88811775762508","-77.0196626463283","Air and Space Museum"
"146468","670","38.88809748126727","-77.01964336538443","Air and Space Museum"
"146469","670","38.888098493298784","-77.01964413433757","Air and Space Museum"
"146470","670","38.888155285070326","-77.01966331561317","Air and Space Museum"
"146471","670","38.88816257847548","-77.0197284236962","Air and Space Museum"
"146472","670","38.88816347060501","-77.01977546773608","Air and Space Museum"
"146473","670","38.88815962506779","-77.01981646413638","Air and Space Museum"
"146474","670","38.88816363959098","-77.01985068284789","Air and Space Museum"
"146475","670","38.8881155713452","-77.01993648484122","Air and Space Museum"
"146476","670","38.88817885622574","-77.01992820131798","Air and Space Museum"
"146477","670","38.88817924650245","-77.01985931969463","Air and Space Museum"
"146478","670","38.888185034755395","-77.01984323629613","Air and Space Museum"
"146479","670","38.88819312921928","-77.01982652674867","Air and Space Museum"
"146480","670","38.88820859796336","-77.01981140708328","Air and Space Museum"
"146481","670","38.8882307064602","-77.0198003476088","Air and Space Museum"
"146482","670","38.888230395052084","-77.01980018217319","Air and Space Museum"
"146483","670","38.88823081963136","-77.0198003714292","Air and Space Museum"
"146484","670","38.88823032578263","-77.01979925471908","Air and Space Museum"
"146485","670","38.88823527168765","-77.0199326140341","Air and Space Museum"
"146488","670","38.888214621613386","-77.01982490305973","Air and Space Museum"
"146489","670","38.888195264500624","-77.0198445250822","Air and Space Museum"
"146490","670","38.888146116276076","-77.01976166591956","Air and Space Museum"
"146491","670","38.888161363471795","-77.01972197681582","Air and Space Museum"
"146492","670","38.88818716497523","-77.01970504816482","Air and Space Museum"
"146493","670","38.88820940763265","-77.0196909704168","Air and Space Museum"
"146494","670","38.88823003527464","-77.0196840960696","Air and Space Museum"
"146495","670","38.88825613209308","-77.01968481782177","Air and Space Museum"
"146496","670","38.88825840713972","-77.01960481635872","Air and Space Museum"
"146497","670","38.888258064881576","-77.01960211367657","Air and Space Museum"
"146498","670","38.88819869781465","-77.01972009811993","Air and Space Museum"
"146499","670","38.888243295376526","-77.01982936769167","Air and Space Museum"
"146500","670","38.888242979174855","-77.01982828511345","Air and Space Museum"
"146501","670","38.88824174527362","-77.01983746826124","Air and Space Museum"
"146502","670","38.888243351781824","-77.019827720734","Air and Space Museum"
"146503","670","38.888261924897826","-77.01982444098526","Air and Space Museum"
"146506","670","38.888258062441714","-77.01960351343067","Air and Space Museum"
"146507","670","38.88813870095084","-77.01974914695917","Air and Space Museum"
"146508","670","38.888138187225465","-77.01974780957147","Air and Space Museum"
"146509","670","38.888166560726695","-77.01973185467945","Air and Space Museum"
"146510","670","38.88816670678159","-77.01973211084297","Air and Space Museum"
"146505","670","38.88818979730096","-77.01965148264561","Air and Space Museum"
"146511","670","38.888198561221415","-77.01972112014778","Air and Space Museum"
"146512","670","38.88821999536155","-77.0197194073814","Air and Space Museum"
"146513","670","38.88824881661399","-77.01972026191478","Air and Space Museum"
"146514","670","38.88826920970862","-77.0197253663147","Air and Space Museum"
"146515","670","38.8882762754108","-77.01982474765548","Air and Space Museum"
"146516","670","38.88824690517867","-77.01983666620944","Air and Space Museum"
"146517","670","38.888217429581495","-77.01982583171853","Air and Space Museum"
"146518","670","38.88818280469421","-77.01982502614828","Air and Space Museum"
"146519","670","38.888156421752946","-77.019837885245","Air and Space Museum"
"146520","670","38.888156603714805","-77.01983628481982","Air and Space Museum"
"146521","670","38.88810746095768","-77.01994346568308","Air and Space Museum"
"146530","670","38.888188876707396","-77.01978519784903","Air and Space Museum"
"146531","670","38.88818849929989","-77.01980016040591","Air and Space Museum"
"146532","670","38.88829444670476","-77.01990511922385","Air and Space Museum"
"146536","670","38.88815527642619","-77.01966319215974","Air and Space Museum"
"146534","670","38.88809768305227","-77.01964365743243","Air and Space Museum"
"146535","670","38.888098526561876","-77.01964419018961","Air and Space Museum"
"146537","670","38.88816260812418","-77.01972825204923","Air and Space Museum"
"146538","670","38.888163505731896","-77.01977529127434","Air and Space Museum"
"146540","670","38.88816353632661","-77.01985055427677","Air and Space Museum"
"146539","670","38.88815983090724","-77.01981669480811","Air and Space Museum"
"146541","670","38.88811564146386","-77.01993650761153","Air and Space Museum"
"146542","670","38.88817842831904","-77.01992843048542","Air and Space Museum"
"146543","670","38.88817936109006","-77.01985923860711","Air and Space Museum"
"146544","670","38.888185222404665","-77.01984341350312","Air and Space Museum"
"146545","670","38.88819327878846","-77.01982671704641","Air and Space Museum"
"146546","670","38.88820847644387","-77.01981132160975","Air and Space Museum"
"146547","670","38.88823069602725","-77.01980046014437","Air and Space Museum"
"146548","670","38.88823036192932","-77.01980003053727","Air and Space Museum"
"146549","670","38.888234022266104","-77.01991914777398","Air and Space Museum"
"146550","670","38.88823239432136","-77.01990678011691","Air and Space Museum"
"146551","670","38.88821483469915","-77.0198253084323","Air and Space Museum"
"146552","670","38.88819517005435","-77.019844232104","Air and Space Museum"
"146553","670","38.888186063754645","-77.01986781954959","Air and Space Museum"
"146554","670","38.88817533690883","-77.01990150486165","Air and Space Museum"
"146555","670","38.88816694157329","-77.01991627354482","Air and Space Museum"
"146556","670","38.88814623781242","-77.01976185857909","Air and Space Museum"
"146557","670","38.888161235045246","-77.01972186935654","Air and Space Museum"
"146558","670","38.888187092853954","-77.0197048433601","Air and Space Museum"
"146559","670","38.88820928775116","-77.01969035709268","Air and Space Museum"
"146560","670","38.8882300481994","-77.01968398077051","Air and Space Museum"
"146561","670","38.88825610377988","-77.0196849640131","Air and Space Museum"
"146562","670","38.88825822258574","-77.01960499923791","Air and Space Museum"
"146563","670","38.888257977706736","-77.0196031855418","Air and Space Museum"
"146564","670","38.888138567311344","-77.01974885658063","Air and Space Museum"
"146565","670","38.8881384956575","-77.01974851562215","Air and Space Museum"
"146566","670","38.8881665558608","-77.01973203668621","Air and Space Museum"
"146567","670","38.888166760229865","-77.01973200388952","Air and Space Museum"
"146568","670","38.88819863843786","-77.01972127176097","Air and Space Museum"
"146569","670","38.888198668383794","-77.01972068708153","Air and Space Museum"
"146570","670","38.88821993564732","-77.01971874763973","Air and Space Museum"
"146571","670","38.888248843944595","-77.0197199132565","Air and Space Museum"
"146572","670","38.888269407361726","-77.01972466853981","Air and Space Museum"
"146573","670","38.88827611021135","-77.01982476936223","Air and Space Museum"
"146574","670","38.88824685008355","-77.01983649609765","Air and Space Museum"
"146575","670","38.888217445711284","-77.01982581146696","Air and Space Museum"
"146576","670","38.88818283584163","-77.01982515538378","Air and Space Museum"
"146577","670","38.88815602862983","-77.01983682885708","Air and Space Museum"
"146578","670","38.88815642650363","-77.01983777610897","Air and Space Museum"
"146579","670","38.88815663030403","-77.01983642542433","Air and Space Museum"
"146580","670","38.88810807359879","-77.0199436018709","Air and Space Museum"
"146581","670","38.888112331724194","-77.01988872196867","Air and Space Museum"
"146582","670","38.888107438701404","-77.01994365667144","Air and Space Museum"
"146583","670","38.88818760920995","-77.01980153724881","Air and Space Museum"
"146584","670","38.88818864578204","-77.01980000366518","Air and Space Museum"
"146585","670","38.88824334024949","-77.01982973040582","Air and Space Museum"
"146586","670","38.88824314947381","-77.01982898514316","Air and Space Museum"
"146587","670","38.888242850551514","-77.0198279222651","Air and Space Museum"
"146588","670","38.888262041198054","-77.01982826539266","Air and Space Museum"
"146589","670","38.888261673205754","-77.01982575564004","Air and Space Museum"
"146590","670","38.88826175672942","-77.0198243371885","Air and Space Museum"
"146591","670","38.88824187636174","-77.01987196576616","Air and Space Museum"
"146592","670","38.88824362690138","-77.01988087905453","Air and Space Museum"
"146593","670","38.88824260340218","-77.01987441271488","Air and Space Museum"
"146594","670","38.888292038134324","-77.01990567923498","Air and Space Museum"
"146595","670","38.88829531619604","-77.01990404303199","Air and Space Museum"
"146597","670","38.88822489816242","-77.02000836742741","Air and Space Museum"
"146599","670","38.88781587635804","-77.0205258567834","Air and Space Museum"
"146600","670","38.88821464512016","-77.01965466485","Air and Space Museum"
"146601","670","38.88819850498014","-77.01970863113145","Air and Space Museum"
"146661","678","38.88816379481536","-77.01967655792362","Air and Space Museum"
"146602","670","38.88819774554592","-77.01970831097611","Air and Space Museum"
"146662","678","38.88814263192355","-77.01960390585874","Air and Space Museum"
"146603","670","38.888197274256044","-77.0197083366649","Air and Space Museum"
"146604","670","38.88813197958029","-77.01983372436499","Air and Space Museum"
"146605","670","38.8881263587072","-77.01975158328739","Air and Space Museum"
"146606","670","38.8880977684021","-77.0196438231777","Air and Space Museum"
"146607","670","38.88809850640466","-77.01964423635386","Air and Space Museum"
"146608","670","38.88815503887917","-77.01966285660899","Air and Space Museum"
"146609","670","38.8881626202075","-77.01972818216369","Air and Space Museum"
"146610","670","38.88816344025393","-77.01977503018836","Air and Space Museum"
"146611","670","38.888159894576006","-77.01981677009245","Air and Space Museum"
"146612","670","38.88816352937062","-77.01985053411995","Air and Space Museum"
"146613","670","38.88811573806167","-77.01993661211564","Air and Space Museum"
"146614","670","38.88817720859535","-77.019928383379","Air and Space Museum"
"146615","670","38.888179404908364","-77.01985910200744","Air and Space Museum"
"146616","670","38.88818532397705","-77.01984347086103","Air and Space Museum"
"146617","670","38.88819312248815","-77.01982652722663","Air and Space Museum"
"146618","670","38.88820867424985","-77.01981165860364","Air and Space Museum"
"146619","670","38.88823062422395","-77.0198002998817","Air and Space Museum"
"146620","670","38.88823032243228","-77.01979997366584","Air and Space Museum"
"146621","670","38.88823066313758","-77.01980005062558","Air and Space Museum"
"146622","670","38.88823021964542","-77.01979904135466","Air and Space Museum"
"146623","670","38.88823466049926","-77.01991921108699","Air and Space Museum"
"146624","670","38.88823449805426","-77.01990979939869","Air and Space Museum"
"146625","670","38.888214882844785","-77.01982524414997","Air and Space Museum"
"146626","670","38.88819523834996","-77.01984436442406","Air and Space Museum"
"146627","670","38.88818660867809","-77.01986797420864","Air and Space Museum"
"146628","670","38.88817539534551","-77.01990165119602","Air and Space Museum"
"146629","670","38.88816680294265","-77.01991630044806","Air and Space Museum"
"146630","670","38.888146187936385","-77.01976178940409","Air and Space Museum"
"146631","670","38.88816118228715","-77.01972178436789","Air and Space Museum"
"146632","670","38.888186882146904","-77.01970452059315","Air and Space Museum"
"146633","670","38.88820918138726","-77.01969024895716","Air and Space Museum"
"146634","670","38.88823004529545","-77.01968449677581","Air and Space Museum"
"146635","670","38.88825600361366","-77.01968442219011","Air and Space Museum"
"146636","670","38.88825812323128","-77.01960537255631","Air and Space Museum"
"146637","670","38.888257935190865","-77.01960428820004","Air and Space Museum"
"146638","670","38.88813865256904","-77.01974940128302","Air and Space Museum"
"146639","670","38.88813877066411","-77.01974962264312","Air and Space Museum"
"146692","678","38.88829737777679","-77.01992894061472","Air and Space Museum"
"146640","670","38.88816656973166","-77.01973191302912","Air and Space Museum"
"146641","670","38.88816675199698","-77.01973206796795","Air and Space Museum"
"146694","678","38.888294076157365","-77.01997932501915","Air and Space Museum"
"146642","670","38.88819864597251","-77.01972151448734","Air and Space Museum"
"146643","670","38.88819867708372","-77.01972118110345","Air and Space Museum"
"146644","670","38.888219892674236","-77.01971858837231","Air and Space Museum"
"146645","670","38.88824879120674","-77.01971960894579","Air and Space Museum"
"146646","670","38.88826919984543","-77.01972389526057","Air and Space Museum"
"146699","678","38.8882253084608","-77.02000697822545","Air and Space Museum"
"146647","670","38.888276258550796","-77.0198242722586","Air and Space Museum"
"146648","670","38.8882467064977","-77.01983650654732","Air and Space Museum"
"146701","678","38.888235627220745","-77.02000578508999","Air and Space Museum"
"146649","670","38.88821742734532","-77.01982585477145","Air and Space Museum"
"146702","678","38.888254726614825","-77.02000727596342","Air and Space Museum"
"146650","670","38.888155955661745","-77.01983677913799","Air and Space Museum"
"146703","678","38.88828614073229","-77.02001080033837","Air and Space Museum"
"146651","670","38.88811252343329","-77.01988915808856","Air and Space Museum"
"146704","678","38.888298001500765","-77.0200138772048","Air and Space Museum"
"146652","670","38.888108114304195","-77.01994362813642","Air and Space Museum"
"146653","670","38.888261748472665","-77.01982674897357","Air and Space Museum"
"146654","670","38.88826171571617","-77.01982569297205","Air and Space Museum"
"146655","670","38.88824207238563","-77.01987252244948","Air and Space Museum"
"146656","670","38.888243280698035","-77.01987941081228","Air and Space Museum"
"146657","670","38.888242647647346","-77.0198744201723","Air and Space Museum"
"146658","670","38.888292225249565","-77.01990463289627","Air and Space Museum"
"146659","670","38.88829494571739","-77.01990369056196","Air and Space Museum"
"146713","678","38.88829871432442","-77.01993151360585","Air and Space Museum"
"146715","678","38.88829787019938","-77.02001350001483","Air and Space Museum"
"146717","678","38.88829793239113","-77.01998516725602","Air and Space Museum"
"146718","678","38.888285680519566","-77.02001117311033","Air and Space Museum"
"146719","678","38.888309764112456","-77.02000084117144","Air and Space Museum"
"146720","678","38.88829780011134","-77.02001325001756","Air and Space Museum"
"146721","678","38.888225611857386","-77.02000617088835","Air and Space Museum"
"146722","678","38.88815771550916","-77.01996524650025","Air and Space Museum"
"146725","678","38.88816083584834","-77.0199609693703","Air and Space Museum"
"146726","678","38.88818162545198","-77.01968342969126","Air and Space Museum"
"146728","678","38.888142541776915","-77.01960378011167","Air and Space Museum"
"146731","678","38.888296924116496","-77.01998276666346","Air and Space Museum"
"146738","678","38.88829814303313","-77.01993104829609","Air and Space Museum"
"146758","678","38.88822555274966","-77.02000566803274","Air and Space Museum"
"146759","678","38.888225031082875","-77.02000531275542","Air and Space Museum"
"146760","678","38.88823350202796","-77.02000613091991","Air and Space Museum"
"146761","678","38.888253714524346","-77.02001010381018","Air and Space Museum"
"146762","678","38.888285269592714","-77.0200102950524","Air and Space Museum"
"146763","678","38.88829733664556","-77.02001225930682","Air and Space Museum"
"146764","678","38.88829472210131","-77.01998031382199","Air and Space Museum"
"146772","678","38.888181520998884","-77.01968353131046","Air and Space Museum"
"146774","678","38.8881608113799","-77.01995993431584","Air and Space Museum"
"146775","678","38.88815768221162","-77.01996535341111","Air and Space Museum"
"146786","678","38.88814253163973","-77.01960375921117","Air and Space Museum"
"146792","678","38.888163652673796","-77.01967666592019","Air and Space Museum"
"146820","678","38.88832731552642","-77.01986875572808","Air and Space Museum"
"146821","678","38.888143954445205","-77.01996364407249","Air and Space Museum"
"146948","670","38.88821599085423","-77.0198208476926","Air and Space Museum"
"146950","670","38.888235193181984","-77.01979560077194","Air and Space Museum"
"146951","670","38.88822608110699","-77.01980914415775","Air and Space Museum"
"146952","670","38.88814051612741","-77.01985498108691","Air and Space Museum"
"146953","670","38.88818111347547","-77.01984450394689","Air and Space Museum"
"146947","670","38.888204727664835","-77.01982937930175","Air and Space Museum"
"146954","670","38.888157739578965","-77.01985569399706","Air and Space Museum"
"146955","670","38.88819075352491","-77.01983699160074","Air and Space Museum"
"146956","670","38.8881687579608","-77.01984987257818","Air and Space Museum"
"146957","670","38.88814031258749","-77.0198546273472","Air and Space Museum"
"146958","670","38.888153075557796","-77.01981853054345","Air and Space Museum"
"146959","670","38.888168209793704","-77.01980824986008","Air and Space Museum"
"146960","670","38.88819367990887","-77.01978440937147","Air and Space Museum"
"146961","670","38.88818202210876","-77.01980181021065","Air and Space Museum"
"146962","670","38.888203359674876","-77.01976962704636","Air and Space Museum"
"146963","670","38.88821205939759","-77.01975131601334","Air and Space Museum"
"146964","670","38.888211949117114","-77.01975121708188","Air and Space Museum"
"146965","670","38.88822083946918","-77.0197263347905","Air and Space Museum"
"146966","670","38.88822131710673","-77.0197267832636","Air and Space Museum"
"146967","670","38.88822012626256","-77.01972557363061","Air and Space Museum"
"146968","670","38.88823134641666","-77.01970008333672","Air and Space Museum"
"146970","670","38.888202426881726","-77.01971931429347","Air and Space Museum"
"146971","670","38.88818965216175","-77.01974165816699","Air and Space Museum"
"146972","670","38.88817132169782","-77.01975527875665","Air and Space Museum"
"146973","670","38.888138304562275","-77.01975873416886","Air and Space Museum"
"146974","670","38.8881983977785","-77.01976129239462","Air and Space Museum"
"146975","670","38.88818869534038","-77.01974457066407","Air and Space Museum"
"146976","670","38.888179486847335","-77.01972673690395","Air and Space Museum"
"146977","670","38.88817128481246","-77.01971093011736","Air and Space Museum"
"146978","670","38.88816261749375","-77.01969740233083","Air and Space Museum"
"146980","670","38.8881615014343","-77.01969613361467","Air and Space Museum"
"146981","670","38.88816170927658","-77.01969522773501","Air and Space Museum"
"146982","670","38.8881620081521","-77.01969572638794","Air and Space Museum"
"146983","670","38.88816203992663","-77.01969646223509","Air and Space Museum"
"146985","670","38.88824739128548","-77.0197192624062","Air and Space Museum"
"146986","670","38.888234594619675","-77.01972887337277","Air and Space Museum"
"146987","670","38.888220321308225","-77.01973656560627","Air and Space Museum"
"146988","670","38.88820513655077","-77.01974304509042","Air and Space Museum"
"146989","670","38.88818377673311","-77.01974360351734","Air and Space Museum"
"146990","670","38.88815796531481","-77.01974238175234","Air and Space Museum"
"146991","670","38.888126370961395","-77.01970278802605","Air and Space Museum"
"146992","670","38.888126595543135","-77.01970209243092","Air and Space Museum"
"146993","670","38.88823369695367","-77.01978908177968","Air and Space Museum"
"146994","670","38.88821987427021","-77.019783576331","Air and Space Museum"
"146995","670","38.88820907823909","-77.01977190397521","Air and Space Museum"
"146996","670","38.88819884814999","-77.01976036419491","Air and Space Museum"
"146997","670","38.88819895037241","-77.01976013944588","Air and Space Museum"
"146998","670","38.88818893990926","-77.01974673949826","Air and Space Museum"
"146999","670","38.8881773410772","-77.01972904628855","Air and Space Museum"
"147000","670","38.88816506137754","-77.01970191421485","Air and Space Museum"
"147001","670","38.88815690091791","-77.01967481030145","Air and Space Museum"
"147002","670","38.888156805397195","-77.01967476393723","Air and Space Museum"
"147003","670","38.88815631313496","-77.0196751684873","Air and Space Museum"
"147004","670","38.88826124558063","-77.01975188067703","Air and Space Museum"
"147005","670","38.88823444263165","-77.01974407845144","Air and Space Museum"
"147006","670","38.88821449236746","-77.01972559885175","Air and Space Museum"
"147007","670","38.88819894991524","-77.01970255617532","Air and Space Museum"
"147008","670","38.88819178311653","-77.01967654680406","Air and Space Museum"
"147009","670","38.88819156486625","-77.01967685247244","Air and Space Museum"
"147010","670","38.888188137334616","-77.01967463701405","Air and Space Museum"
"147011","670","38.88819275465392","-77.019721167746","Air and Space Museum"
"147012","670","38.88819254376761","-77.01972084763348","Air and Space Museum"
"147013","670","38.88821197989335","-77.01974236336137","Air and Space Museum"
"147014","670","38.888234471423196","-77.01975927281602","Air and Space Museum"
"147015","670","38.8882345319123","-77.0197600624122","Air and Space Museum"
"147016","670","38.88827480128762","-77.01975205401457","Air and Space Museum"
"147017","670","38.888274919622376","-77.0197524807317","Air and Space Museum"
"147018","670","38.8882803986572","-77.01973455295304","Air and Space Museum"
"147019","670","38.88828051110725","-77.01973551154244","Air and Space Museum"
"147020","670","38.888156975430405","-77.01971650663259","Air and Space Museum"
"147021","670","38.8881566840951","-77.01971690945577","Air and Space Museum"
"147022","670","38.88816342122865","-77.01976826722311","Air and Space Museum"
"147023","670","38.88816321828597","-77.01976882616705","Air and Space Museum"
"147024","670","38.88817961524841","-77.01984388998828","Air and Space Museum"
"147025","670","38.88817966844375","-77.0198436707572","Air and Space Museum"
"147026","670","38.8881801956083","-77.01984285601519","Air and Space Museum"
"147027","670","38.88820951546213","-77.01987202606715","Air and Space Museum"
"147028","670","38.888209454676954","-77.0198721291057","Air and Space Museum"
"147029","670","38.88821433674038","-77.01965406693523","Air and Space Museum"
"147030","670","38.888198388468375","-77.0197085240228","Air and Space Museum"
"147031","670","38.888198395389935","-77.01970839706205","Air and Space Museum"
"147032","670","38.88819760607478","-77.01970827182916","Air and Space Museum"
"147033","670","38.888197376294244","-77.0197083288205","Air and Space Museum"
"147034","670","38.88819363841306","-77.0197533579143","Air and Space Museum"
"147035","670","38.88819385628653","-77.01975420398847","Air and Space Museum"
"147036","670","38.888187756431535","-77.01979085533343","Air and Space Museum"
"147037","670","38.88818801612079","-77.01979075589921","Air and Space Museum"
"147038","670","38.888187787080305","-77.01979073887432","Air and Space Museum"
"147039","670","38.88818662141471","-77.0197908887818","Air and Space Museum"
"147040","670","38.8881876205877","-77.01983168248395","Air and Space Museum"
"147041","670","38.88819989848473","-77.01987643578441","Air and Space Museum"
"147042","670","38.88820009764839","-77.01987583653029","Air and Space Museum"
"147043","670","38.88819982958712","-77.01987598557645","Air and Space Museum"
"147044","670","38.888199945262386","-77.01987581408991","Air and Space Museum"
"147045","670","38.88821448455779","-77.01991199074594","Air and Space Museum"
"147046","670","38.888214461354366","-77.01991204635999","Air and Space Museum"
"147047","670","38.88823907907627","-77.01993176276099","Air and Space Museum"
"147048","670","38.88823606111758","-77.01992615483444","Air and Space Museum"
"147049","670","38.88812613963302","-77.01994257607579","Air and Space Museum"
"147050","670","38.88814503531088","-77.01989877794706","Air and Space Museum"
"147051","670","38.88813188502816","-77.01983391710162","Air and Space Museum"
"147052","670","38.888131921128505","-77.01983367361589","Air and Space Museum"
"147053","670","38.8881316962555","-77.01983342461482","Air and Space Museum"
"147054","670","38.88812698498252","-77.0197537063017","Air and Space Museum"
"147055","670","38.88812632592219","-77.01975161484262","Air and Space Museum"
"147056","670","38.88812617414647","-77.01975142470152","Air and Space Museum"
"147057","670","38.88811855845485","-77.01966271895476","Air and Space Museum"
"147058","670","38.88811818531706","-77.01966260624067","Air and Space Museum"
"147059","670","38.88811780153017","-77.01966263200757","Air and Space Museum"
"147060","670","38.88809884894082","-77.01964619568982","Air and Space Museum"
"147061","670","38.88809845528454","-77.01964620553213","Air and Space Museum"
"147063","670","38.88809790777947","-77.0196441108835","Air and Space Museum"
"147064","670","38.888098528358604","-77.01964424032516","Air and Space Museum"
"147065","670","38.88809925023579","-77.01964363080567","Air and Space Museum"
"147066","670","38.888024519435774","-77.01971866494434","Air and Space Museum"
"147067","670","38.8881547743751","-77.01966246214043","Air and Space Museum"
"147068","670","38.88816272137584","-77.01972829250325","Air and Space Museum"
"147069","670","38.88816347553599","-77.0197750596994","Air and Space Museum"
"147070","670","38.888159850205746","-77.01981671198041","Air and Space Museum"
"147071","670","38.88816348177858","-77.01985048311361","Air and Space Museum"
"147072","670","38.88811569480526","-77.01993666190613","Air and Space Museum"
"147073","670","38.888177031707464","-77.01992843215245","Air and Space Museum"
"147074","670","38.88817941068351","-77.01985910779476","Air and Space Museum"
"147075","670","38.88818537429082","-77.0198434887719","Air and Space Museum"
"147076","670","38.88819315970613","-77.0198265168304","Air and Space Museum"
"147077","670","38.88820863910571","-77.01981155469191","Air and Space Museum"
"147078","670","38.88823066677345","-77.01980029278857","Air and Space Museum"
"147079","670","38.88823036748464","-77.01979994534706","Air and Space Museum"
"147080","670","38.88823066622451","-77.01979998782431","Air and Space Museum"
"147081","670","38.88823026835784","-77.01979905081915","Air and Space Museum"
"147082","670","38.888235080172684","-77.01991929657588","Air and Space Museum"
"147083","670","38.888233002343384","-77.01991534829789","Air and Space Museum"
"147084","670","38.88823466572348","-77.01990999577403","Air and Space Museum"
"147085","670","38.88821497931434","-77.01982528710542","Air and Space Museum"
"147086","670","38.88819534012217","-77.01984450070964","Air and Space Museum"
"147087","670","38.888186641281685","-77.019868097511","Air and Space Museum"
"147088","670","38.888175308924886","-77.01990167751069","Air and Space Museum"
"147089","670","38.88816666888472","-77.01991636986455","Air and Space Museum"
"147090","670","38.88814636300611","-77.01976200546662","Air and Space Museum"
"147091","670","38.88816117238742","-77.01972170556854","Air and Space Museum"
"147092","670","38.88818690049459","-77.01970455984242","Air and Space Museum"
"147093","670","38.88820930771829","-77.01969061835217","Air and Space Museum"
"147094","670","38.88823019599552","-77.01968401259106","Air and Space Museum"
"147095","670","38.88825616212606","-77.01968444997085","Air and Space Museum"
"147096","670","38.88825811312365","-77.01960608693003","Air and Space Museum"
"147097","670","38.888257999654414","-77.0196041498793","Air and Space Museum"
"147098","670","38.888138735457936","-77.01974952070266","Air and Space Museum"
"147099","670","38.88813870599688","-77.01974904151999","Air and Space Museum"
"147100","670","38.88816653942171","-77.01973232760304","Air and Space Museum"
"147101","670","38.88816680504702","-77.01973224914404","Air and Space Museum"
"147102","670","38.88819864020686","-77.01972160109024","Air and Space Museum"
"147103","670","38.88819874965913","-77.01972131238988","Air and Space Museum"
"147104","670","38.88822005060662","-77.01971776673801","Air and Space Museum"
"147105","670","38.888248841947","-77.0197199262911","Air and Space Museum"
"147106","670","38.888269483063986","-77.01972301297806","Air and Space Museum"
"147107","670","38.88827628927764","-77.01982407553778","Air and Space Museum"
"147108","670","38.8882467938025","-77.01983633204698","Air and Space Museum"
"147109","670","38.8882175014153","-77.01982564337501","Air and Space Museum"
"147110","670","38.888182855210765","-77.01982525334674","Air and Space Museum"
"147111","670","38.88815595020225","-77.01983612337409","Air and Space Museum"
"147112","670","38.88815649326485","-77.01983795055979","Air and Space Museum"
"147113","670","38.88815664559662","-77.01983661532053","Air and Space Museum"
"147114","670","38.88811242410651","-77.01988945716276","Air and Space Museum"
"147115","670","38.8881081362333","-77.01994365583633","Air and Space Museum"
"147116","670","38.88810757121096","-77.01994367674438","Air and Space Museum"
"147125","670","38.888171325604866","-77.01973072844135","Air and Space Museum"
"147126","670","38.88817100787274","-77.01973116410586","Air and Space Museum"
"147127","670","38.88819922950882","-77.01972313398313","Air and Space Museum"
"147128","670","38.88819864388638","-77.0197234194981","Air and Space Museum"
"147129","670","38.88821544994492","-77.01968512121142","Air and Space Museum"
"147130","670","38.88821510539525","-77.01968449931248","Air and Space Museum"
"147131","670","38.888189371569155","-77.01978582668946","Air and Space Museum"
"147132","670","38.88818863128865","-77.01979894268092","Air and Space Museum"
"147133","670","38.888243342383745","-77.01982963523177","Air and Space Museum"
"147134","670","38.88824320734844","-77.01982896201508","Air and Space Museum"
"147135","670","38.88824290220931","-77.0198278442006","Air and Space Museum"
"147136","670","38.88824213165247","-77.01982735368807","Air and Space Museum"
"147137","670","38.888243468278134","-77.01982719534163","Air and Space Museum"
"147138","670","38.888261791668846","-77.01982643158799","Air and Space Museum"
"147139","670","38.88826173581722","-77.01982544236562","Air and Space Museum"
"147140","670","38.888261767188645","-77.01982407374344","Air and Space Museum"
"147141","670","38.888242177068065","-77.01987266074754","Air and Space Museum"
"147142","670","38.88824293968889","-77.01987860006629","Air and Space Museum"
"147143","670","38.888242679124424","-77.0198744655218","Air and Space Museum"
"147144","670","38.88829306447289","-77.01990355860589","Air and Space Museum"
"147145","670","38.88829637357111","-77.01990243786256","Air and Space Museum"
"148117","670","38.88824652235277","-77.01982426415073","Air and Space Museum"
"148118","670","38.888247524773796","-77.01983511269195","Air and Space Museum"
"148119","670","38.8882483432886","-77.01983499589392","Air and Space Museum"
"148120","670","38.88824376090818","-77.01983550847318","Air and Space Museum"
"148121","670","38.8882483841677","-77.01983461464484","Air and Space Museum"
"148122","670","38.8882410418983","-77.01983460253624","Air and Space Museum"
"148201","676","38.88821101198644","-77.0197128197389","Air and Space Museum"
"148123","670","38.88823922316204","-77.01983791243846","Air and Space Museum"
"148202","676","38.88814246788238","-77.01968993071068","Air and Space Museum"
"148124","670","38.88823649396594","-77.01983762433761","Air and Space Museum"
"148125","670","38.88823457670291","-77.01983954267858","Air and Space Museum"
"148126","670","38.88823211362271","-77.01984059213662","Air and Space Museum"
"148127","670","38.88822972970842","-77.01984113397012","Air and Space Museum"
"148128","670","38.888227277343695","-77.01984271743397","Air and Space Museum"
"148129","670","38.88821721595845","-77.01982892270827","Air and Space Museum"
"148130","670","38.888217304904266","-77.01982902092405","Air and Space Museum"
"148133","670","38.888201791489536","-77.01970117294914","Air and Space Museum"
"148135","670","38.88817879279753","-77.01971784903714","Air and Space Museum"
"148136","670","38.888178524946774","-77.01971856251276","Air and Space Museum"
"148137","670","38.88817821791917","-77.01971958470412","Air and Space Museum"
"148138","670","38.88817818794853","-77.01971907526372","Air and Space Museum"
"148139","670","38.888179371864084","-77.01971857218795","Air and Space Museum"
"148140","670","38.888184827606615","-77.0197154257937","Air and Space Museum"
"148141","670","38.88817777565877","-77.01971962443733","Air and Space Museum"
"148154","670","38.888170531375316","-77.01969515657618","Air and Space Museum"
"148167","670","38.888295449326016","-77.01957812094209","Air and Space Museum"
"148168","670","38.88828742317524","-77.01959902063093","Air and Space Museum"
"148175","670","38.888238879399175","-77.01971731274168","Air and Space Museum"
"148176","670","38.888225338961554","-77.01973403782783","Air and Space Museum"
"148177","670","38.88822420695218","-77.01973685716624","Air and Space Museum"
"148178","670","38.88822252310667","-77.01974069793246","Air and Space Museum"
"148179","670","38.8882212248762","-77.019744384892","Air and Space Museum"
"148181","670","38.88821733022313","-77.01975124506923","Air and Space Museum"
"148182","670","38.88821568628546","-77.0197538588083","Air and Space Museum"
"148183","670","38.888214359436205","-77.01975761731005","Air and Space Museum"
"148184","670","38.888208054140236","-77.01978981372686","Air and Space Museum"
"148185","670","38.88820748074861","-77.01979002020201","Air and Space Museum"
"148186","670","38.88820799529288","-77.01979015270385","Air and Space Museum"
"148187","670","38.888209042238486","-77.0197895352059","Air and Space Museum"
"148188","670","38.88820751484353","-77.01978959813512","Air and Space Museum"
"148189","670","38.888187854814575","-77.01977858355588","Air and Space Museum"
"148191","670","38.88818711196534","-77.01978168617775","Air and Space Museum"
"148192","670","38.888187588833176","-77.01978075732899","Air and Space Museum"
"148195","670","38.88814665931885","-77.019800482532","Air and Space Museum"
"148196","670","38.88814683558025","-77.01980065739369","Air and Space Museum"
"148197","670","38.888147371091236","-77.0198025543605","Air and Space Museum"
"148198","670","38.88816323471963","-77.01983012611663","Air and Space Museum"
"148221","670","38.88817616864069","-77.01987654338502","Air and Space Museum"
"148222","670","38.8881759417444","-77.01986804410176","Air and Space Museum"
"148223","670","38.888176816070164","-77.0198839216283","Air and Space Museum"
"148224","670","38.8881761186764","-77.01987506963687","Air and Space Museum"
"148225","670","38.88817585564204","-77.01987448895702","Air and Space Museum"
"148226","670","38.888177074049885","-77.0198848809337","Air and Space Museum"
"148227","670","38.88817666383907","-77.01987900645169","Air and Space Museum"
"148228","670","38.8881421385596","-77.01993565070373","Air and Space Museum"
"148229","670","38.88814209948551","-77.01993526451072","Air and Space Museum"
"148230","670","38.888141905159266","-77.01993502932632","Air and Space Museum"
"148235","670","38.888163510584626","-77.01991918862048","Air and Space Museum"
"148236","670","38.88816422804593","-77.01991935079518","Air and Space Museum"
"148237","670","38.8881634620962","-77.01991923394033","Air and Space Museum"
"148238","670","38.88819592926086","-77.01993215737456","Air and Space Museum"
"148239","670","38.88819756215237","-77.01993290564639","Air and Space Museum"
"148240","670","38.88819780301554","-77.01993197113937","Air and Space Museum"
"148242","670","38.88821574245008","-77.01994400892272","Air and Space Museum"
"148244","670","38.87251819849956","-77.01077713179843","Air and Space Museum"
"148245","670","38.888235172601455","-77.01997007342013","Air and Space Museum"
"148252","670","38.888197348614916","-77.0197985279482","Air and Space Museum"
"148253","670","38.88826843710067","-77.01989523998445","Air and Space Museum"
"148254","670","38.888276654855815","-77.0199729016145","Air and Space Museum"
"148262","670","38.88825720684596","-77.01995479965845","Air and Space Museum"
"148263","670","38.88825714856247","-77.01995413516693","Air and Space Museum"
"148264","670","38.8882961959695","-77.01990591714984","Air and Space Museum"
"148266","670","38.88829311055097","-77.01989956830295","Air and Space Museum"
"148267","670","38.888303253364704","-77.01983949535709","Air and Space Museum"
"148271","670","38.88830321731421","-77.01983970043028","Air and Space Museum"
"148275","670","38.88831162612025","-77.02031415287702","Air and Space Museum"
"148277","670","38.88826264682293","-77.01972539155906","Air and Space Museum"
"148281","670","38.88820270673047","-77.01966655448811","Air and Space Museum"
"148435","670","38.88823519555285","-77.02000726197757","Air and Space Museum"
"148436","670","38.88823438061274","-77.02000884658067","Air and Space Museum"
"148437","670","38.88823570926825","-77.02000642263062","Air and Space Museum"
"148438","670","38.88824862307315","-77.01983430090573","Air and Space Museum"
"148439","670","38.888235789719786","-77.0200063295396","Air and Space Museum"
"148440","670","38.88826360297951","-77.02001197308334","Air and Space Museum"
"148441","670","38.88826455682335","-77.02001153699713","Air and Space Museum"
"148442","670","38.88826474273507","-77.02000795840527","Air and Space Museum"
"148444","670","38.88829115629117","-77.02001210098032","Air and Space Museum"
"148447","670","38.88829075584385","-77.02000839016763","Air and Space Museum"
"148453","670","38.88830305981032","-77.01985705564998","Air and Space Museum"
"148454","670","38.88830223268769","-77.01985569714941","Air and Space Museum"
"148455","670","38.88830228176253","-77.01985581152888","Air and Space Museum"
"148456","670","38.88830332736131","-77.01985696236294","Air and Space Museum"
"148457","670","38.888300928173194","-77.01985374108818","Air and Space Museum"
"148467","670","38.888315034347556","-77.01962929873002","Air and Space Museum"
"148470","670","38.888311803249195","-77.0195705538186","Air and Space Museum"
"148548","724","38.8882449839973","-77.01988008149237","Air and Space Museum"
"148550","724","38.88824497895854","-77.0198797608042","Air and Space Museum"
"148554","724","38.88832222040852","-77.01988598168614","Air and Space Museum"
"148555","724","38.888302455546324","-77.01980297569783","Air and Space Museum"
"148556","724","38.88830156015738","-77.01979810902715","Air and Space Museum"
"148557","724","38.88830171132636","-77.0197985496437","Air and Space Museum"
"148558","724","38.88829708632638","-77.01979153740099","Air and Space Museum"
"149092","724","38.88814835404877","-77.01977040350795","Air and Space Museum"
"149094","724","38.888149434117956","-77.01976590897095","Air and Space Museum"
"149098","724","38.88815812792292","-77.01970819541059","Air and Space Museum"
"149099","724","38.88815919074727","-77.01970952111178","Air and Space Museum"
"149104","724","38.888147757754126","-77.01964762463","Air and Space Museum"
"149106","724","38.88814315151076","-77.01963811846811","Air and Space Museum"
"149109","724","38.88817743624146","-77.01968241874904","Air and Space Museum"
"149112","724","38.8882056345617","-77.01982436814181","Air and Space Museum"
"149095","724","0","0","Air and Space Museum"
"149100","724","0","0","Air and Space Museum"
"149105","724","0","0","Air and Space Museum"
"149110","724","0","0","Air and Space Museum"
"148552","724","0","0","Air and Space Museum"
"148553","724","0","0","Air and Space Museum"
"150433","733","38.88816337167188","-77.01974926893064","Air and Space Museum"
"150440","733","38.88820120543679","-77.01975924167624","Air and Space Museum"
"150441","733","38.888201190370175","-77.01975894229723","Air and Space Museum"
"150453","733","38.8883040983114","-77.01983109026942","Air and Space Museum"
"150454","733","38.88830115402288","-77.0199232713539","Air and Space Museum"
"150458","733","38.88820176559821","-77.01975994210048","Air and Space Museum"
"150459","733","38.8882016861673","-77.01976124768552","Air and Space Museum"
"150460","733","38.888154928957704","-77.01977184467754","Air and Space Museum"
"150461","733","38.888164668242034","-77.01975182825693","Air and Space Museum"
"150462","733","38.888164114905564","-77.01974935939239","Air and Space Museum"
"150463","733","38.888223270251856","-77.01974126377358","Air and Space Museum"
"150464","733","38.888232073161234","-77.01963177562241","Air and Space Museum"
"150465","733","38.888178033060996","-77.01965975012408","Air and Space Museum"
"150466","733","38.88823127597359","-77.01962684659318","Air and Space Museum"
"150467","733","38.88822359387367","-77.01974211713676","Air and Space Museum"
"150468","733","38.88820820756586","-77.01962894666167","Air and Space Museum"
"150469","733","38.88826840667533","-77.01961522734706","Air and Space Museum"
"150470","733","38.88825363795016","-77.01965002575217","Air and Space Museum"
"150471","733","38.88816415835591","-77.01974828559992","Air and Space Museum"
"150472","733","38.888165916169655","-77.01975126853071","Air and Space Museum"
"150473","733","38.88816530947938","-77.01974901141551","Air and Space Museum"
"150474","733","38.88820241459151","-77.0197593151374","Air and Space Museum"
"150475","733","38.8881648371879","-77.01975010089328","Air and Space Museum"
"150476","733","38.888201806260966","-77.01975792947061","Air and Space Museum"
"150477","733","38.88822445213638","-77.01974107424124","Air and Space Museum"
"150478","733","38.88820256489545","-77.01975825987073","Air and Space Museum"
"150479","733","38.888202404649306","-77.01975881989634","Air and Space Museum"
"150480","733","38.88820308270244","-77.01975956643993","Air and Space Museum"
"150481","733","38.88822460570417","-77.01974051654925","Air and Space Museum"
"150483","733","38.88830133816958","-77.01992568701523","Air and Space Museum"
"150486","733","38.88829835966378","-77.02000586083531","Air and Space Museum"
"150488","733","38.8882872687034","-77.02001519868782","Air and Space Museum"
"150489","733","38.888287782269465","-77.02001444700912","Air and Space Museum"
"150603","733","38.88816421416024","-77.01974821449437","Air and Space Museum"
"150604","733","38.88816504459984","-77.01974927337149","Air and Space Museum"
"150605","733","38.88816542395021","-77.01975073146119","Air and Space Museum"
"150606","733","38.888164743459235","-77.01975008204873","Air and Space Museum"
"150607","733","38.88820176802031","-77.01975809625876","Air and Space Museum"
"150608","733","38.8882024084068","-77.01975927218736","Air and Space Museum"
"150609","733","38.88820245529738","-77.01975842969632","Air and Space Museum"
"150610","733","38.888202420914396","-77.01975882624777","Air and Space Museum"
"150611","733","38.888202980447346","-77.01975961163896","Air and Space Museum"
"150613","733","38.88822447837129","-77.01974111626348","Air and Space Museum"
"150616","733","38.888298269816325","-77.01992110311352","Air and Space Museum"
"150617","733","38.88830133673163","-77.01992593082046","Air and Space Museum"
"150619","733","38.88828716055367","-77.02001437017483","Air and Space Museum"
"150621","733","38.888287248196654","-77.02001400073155","Air and Space Museum"
"150485","733","38.88830140721169","-77.01992724221292","Air and Space Museum"
"150612","733","38.88821772930366","-77.0198502119412","Air and Space Museum"
"147221","678","38.89057100189642","-77.02035792065432","National Gallery of Art"
"147232","678","38.89058184030618","-77.02036691049007","National Gallery of Art"
"147335","678","38.8906025364443","-77.02005366714509","National Gallery of Art"
"147357","678","38.89059648438294","-77.02005065978499","National Gallery of Art"
"147358","678","38.89060163181961","-77.02005408919784","National Gallery of Art"
"147359","678","38.89060781392368","-77.02004613347303","National Gallery of Art"
"147402","678","38.89057943976466","-77.02065051825682","National Gallery of Art"
"147413","678","38.89062172263426","-77.01955477758828","National Gallery of Art"
"147436","678","38.89060056367884","-77.01985976388588","National Gallery of Art"
"147442","678","38.8906081045283","-77.01979676317545","National Gallery of Art"
"147453","678","38.89061596744614","-77.01960315841397","National Gallery of Art"
"147461","678","38.89061849547197","-77.019652277652","National Gallery of Art"
"147462","678","38.890610804923554","-77.01992964305704","National Gallery of Art"
"147466","678","38.890598061696686","-77.02036728874577","National Gallery of Art"
"147475","678","38.89061296938998","-77.0199901510711","National Gallery of Art"
"147477","678","38.89061010055812","-77.0200548608949","National Gallery of Art"
"147476","678","38.89059901118835","-77.0203731315892","National Gallery of Art"
"147478","678","38.890598565210475","-77.0203752885832","National Gallery of Art"
"147482","678","38.890417006455834","-77.02016184653259","National Gallery of Art"
"147483","678","38.89061903355126","-77.01973035774007","National Gallery of Art"
"147484","678","38.890620641475714","-77.01968191596721","National Gallery of Art"
"147714","678","38.89063367363735","-77.01946342404246","National Gallery of Art"
"147723","678","38.89061113855749","-77.02006254478329","National Gallery of Art"
"147724","678","38.89061584448117","-77.02005650647821","National Gallery of Art"
"147725","678","38.89062146908802","-77.01968236880293","National Gallery of Art"
"147730","678","38.890621610096126","-77.01965787788686","National Gallery of Art"
"147731","678","38.89060210015511","-77.02037379488651","National Gallery of Art"
"147733","678","38.89061237944732","-77.02005634568089","National Gallery of Art"
"147734","678","38.89061866924156","-77.01980526572386","National Gallery of Art"
"147736","678","38.89060327423922","-77.02037207909207","National Gallery of Art"
"147738","678","38.89061650519328","-77.01986689451844","National Gallery of Art"
"147739","678","38.89062147792378","-77.01973150763293","National Gallery of Art"
"147740","678","38.89061560709708","-77.01999166685971","National Gallery of Art"
"147744","678","38.890617375755134","-77.01993383060339","National Gallery of Art"
"147745","678","38.89062434383709","-77.01956112113207","National Gallery of Art"
"147747","678","38.89061799938312","-77.0200554679146","National Gallery of Art"
"147750","678","38.89044830368887","-77.0201499044419","National Gallery of Art"
"147751","678","38.89061524641302","-77.02005352556961","National Gallery of Art"
"147752","678","38.89062303885384","-77.01960865370131","National Gallery of Art"
"147753","678","38.89059997552411","-77.02037702241435","National Gallery of Art"
"147728","678","38.89059416372632","-77.02065046354534","National Gallery of Art"
"153295","1090","38.890589594280875","-77.01987815206905","National Gallery of Art"
"153297","1090","38.8903939543491","-77.01988598563268","National Gallery of Art"
"147254","678","38.89045585864995","-77.02962493108845","Museum of American History"
"147301","678","38.890477854806484","-77.02956654389236","Museum of American History"
"147374","678","38.89063536721401","-77.02949772930297","Museum of American History"
"147371","678","38.89046621458083","-77.02942849529165","Museum of American History"
"147382","678","38.8904270492624","-77.02946898221367","Museum of American History"
"147587","678","38.890470772174766","-77.02962338789736","Museum of American History"
"147588","678","38.89041468726175","-77.02974715541724","Museum of American History"
"147601","678","38.89048014238213","-77.02956718419023","Museum of American History"
"147610","678","38.89048515037672","-77.02943226105894","Museum of American History"
"147617","678","38.89062647924945","-77.02950045130176","Museum of American History"
"147621","678","38.89046143990968","-77.02947018855089","Museum of American History"
"147630","678","38.89036666522842","-77.02938019512699","Museum of American History"
"150667","733","38.89041259777787","-77.02947010927082","Museum of American History"
"150668","733","38.89041149128031","-77.0295238569247","Museum of American History"
"150669","733","38.89041109287216","-77.02964628434174","Museum of American History"
"150671","733","38.89042408395635","-77.0296727147343","Museum of American History"
"150672","733","38.89063137833355","-77.030069330213","Museum of American History"
"150673","733","38.8904277217634","-77.03000961072476","Museum of American History"
"150674","733","38.89071851928034","-77.03009833753957","Museum of American History"
"150675","733","38.89062609877254","-77.03006942563748","Museum of American History"
"150676","733","38.890430470900014","-77.03000856647466","Museum of American History"
"150742","733","38.89070145566426","-77.02968419304625","Museum of American History"
"150743","733","38.89079935244662","-77.02988951150202","Museum of American History"
"150744","733","38.89074403670194","-77.02985409738649","Museum of American History"
"150745","733","38.89079867283622","-77.02988931344596","Museum of American History"
"150746","733","38.8906800619815","-77.02987190610533","Museum of American History"
"150747","733","38.89068829846503","-77.02987951311111","Museum of American History"
"150748","733","38.890742642578005","-77.0298535292922","Museum of American History"
"150749","733","38.89068746828258","-77.02988088837628","Museum of American History"
"150751","733","38.89063194774826","-77.02996914420363","Museum of American History"
"145926","640","38.88848652175443","-77.01710474287019","National Museum of the American Indian"
"145927","640","38.888490753074386","-77.01705929378316","National Museum of the American Indian"
"145928","640","38.88847555871804","-77.01703089973805","National Museum of the American Indian"
"145929","640","38.888474223221735","-77.01703512351068","National Museum of the American Indian"
"145930","640","38.888492314990096","-77.01705735879193","National Museum of the American Indian"
"145931","640","38.8884863209985","-77.01710377860304","National Museum of the American Indian"
"145932","640","38.8884559628006","-77.01681977667697","National Museum of the American Indian"
"145933","640","38.88845769552966","-77.01681801995639","National Museum of the American Indian"
"145934","640","38.8884794767508","-77.01723035026798","National Museum of the American Indian"
"147214","678","38.88857023917002","-77.01670603388905","National Museum of the American Indian"
"147217","678","38.88858246696023","-77.01653473351236","National Museum of the American Indian"
"147223","678","38.888570408213646","-77.01670643549257","National Museum of the American Indian"
"147224","678","38.888583553690076","-77.01653569846697","National Museum of the American Indian"
"147241","678","38.88857091472319","-77.01698971558493","National Museum of the American Indian"
"147242","678","38.888533011595555","-77.01725886330681","National Museum of the American Indian"
"147243","678","38.88853159362802","-77.01723543926754","National Museum of the American Indian"
"147244","678","38.88856152056167","-77.01700274080994","National Museum of the American Indian"
"147246","678","38.888565818965574","-77.01731277840734","National Museum of the American Indian"
"147247","678","38.888542783775755","-77.0172977424404","National Museum of the American Indian"
"147248","678","38.888542563781925","-77.0172966560707","National Museum of the American Indian"
"147249","678","38.888528206214225","-77.01726768335531","National Museum of the American Indian"
"147293","678","38.88857201070014","-77.01699002000241","National Museum of the American Indian"
"147294","678","38.888532202671286","-77.01725651610012","National Museum of the American Indian"
"147295","678","38.88853255697814","-77.01724129124808","National Museum of the American Indian"
"147296","678","38.88856184444999","-77.01700241760017","National Museum of the American Indian"
"147302","678","38.888569952145126","-77.01683104983523","National Museum of the American Indian"
"147303","678","38.888559348590164","-77.01684566098618","National Museum of the American Indian"
"147305","678","38.88856161752507","-77.01677059933478","National Museum of the American Indian"
"147307","678","38.888572565688335","-77.01681658056118","National Museum of the American Indian"
"147372","678","38.88854250791469","-77.01729655826307","National Museum of the American Indian"
"147378","678","38.88854273674339","-77.01729753567227","National Museum of the American Indian"
"147383","678","38.88861031051494","-77.0163419781445","National Museum of the American Indian"
"147384","678","38.88852816238538","-77.01726749816866","National Museum of the American Indian"
"147427","678","38.88853103636491","-77.01724162283158","National Museum of the American Indian"
"147430","678","38.88854614208239","-77.01719113090023","National Museum of the American Indian"
"147422","678","38.88856587511389","-77.01731319242437","National Museum of the American Indian"
"147433","678","38.88853432645569","-77.01723676090775","National Museum of the American Indian"
"147456","678","38.88861829875911","-77.01624867321384","National Museum of the American Indian"
"147457","678","38.88857135154688","-77.01681552463162","National Museum of the American Indian"
"147464","678","38.88853666893438","-77.01601547549853","National Museum of the American Indian"
"147503","678","38.888555687471765","-77.01690191379924","National Museum of the American Indian"
"147506","678","38.88857137887681","-77.01711099503932","National Museum of the American Indian"
"147507","678","38.888571960280835","-77.0171062937208","National Museum of the American Indian"
"147508","678","38.88857046855726","-77.01670626011222","National Museum of the American Indian"
"147510","678","38.88856892137795","-77.01670485402337","National Museum of the American Indian"
"147514","678","38.88854786328938","-77.01731616557657","National Museum of the American Indian"
"147517","678","38.88856846161364","-77.0167009023097","National Museum of the American Indian"
"147518","678","38.888569413135286","-77.01670248853108","National Museum of the American Indian"
"147519","678","38.88856210158642","-77.01677137368839","National Museum of the American Indian"
"147520","678","38.888598014856775","-77.01615014598617","National Museum of the American Indian"
"147521","678","38.888567990020626","-77.01670564210724","National Museum of the American Indian"
"147523","678","38.888571048270435","-77.01670268331004","National Museum of the American Indian"
"147526","678","38.888598799117155","-77.01614945207676","National Museum of the American Indian"
"147527","678","38.88858110570798","-77.01660907139397","National Museum of the American Indian"
"147528","678","38.88856996662943","-77.01670040275062","National Museum of the American Indian"
"147529","678","38.8885768214423","-77.01660924496615","National Museum of the American Indian"
"147531","678","38.88858076674514","-77.01660880045267","National Museum of the American Indian"
"147532","678","38.88858074957533","-77.01660603361059","National Museum of the American Indian"
"147534","678","38.888556170396164","-77.01689959531507","National Museum of the American Indian"
"147535","678","38.88852864322101","-77.0173101048345","National Museum of the American Indian"
"147536","678","38.88856280891699","-77.01677201469835","National Museum of the American Indian"
"147538","678","38.88856367757931","-77.01677236376037","National Museum of the American Indian"
"147539","678","38.888562423294175","-77.01698861959291","National Museum of the American Indian"
"147540","678","38.888565456646575","-77.0173146536828","National Museum of the American Indian"
"147541","678","38.888571537275595","-77.01670504844417","National Museum of the American Indian"
"147542","678","38.88856688658352","-77.01717745178928","National Museum of the American Indian"
"147544","678","38.88857997438172","-77.016602696738","National Museum of the American Indian"
"147547","678","38.8885825536464","-77.0165344150992","National Museum of the American Indian"
"147548","678","38.88858310291919","-77.01653161236537","National Museum of the American Indian"
"147550","678","38.88857870336559","-77.01660040349144","National Museum of the American Indian"
"147635","678","38.88856960040337","-77.01670546048669","National Museum of the American Indian"
"147637","678","38.888570821704896","-77.01711080574148","National Museum of the American Indian"
"147638","678","38.888534333093546","-77.01723643483203","National Museum of the American Indian"
"147639","678","38.888567336764666","-77.01717700619993","National Museum of the American Indian"
"147640","678","38.88854694288227","-77.01719307459801","National Museum of the American Indian"
"147641","678","38.88856819175882","-77.01670573437076","National Museum of the American Indian"
"147643","678","38.88860963075689","-77.01634368539938","National Museum of the American Indian"
"147644","678","38.88857857186591","-77.01660016679928","National Museum of the American Indian"
"147647","678","38.88857961165442","-77.01660230406391","National Museum of the American Indian"
"147648","678","38.88856360354454","-77.01677230607612","National Museum of the American Indian"
"147649","678","38.88857116879679","-77.01681564383246","National Museum of the American Indian"
"147651","678","38.888532366953505","-77.01725620797679","National Museum of the American Indian"
"147652","678","38.888528340166545","-77.01726708336854","National Museum of the American Indian"
"147653","678","38.888571942458896","-77.01710487632609","National Museum of the American Indian"
"147654","678","38.88859431491022","-77.0164297459942","National Museum of the American Indian"
"147657","678","38.88859780872879","-77.01615145944544","National Museum of the American Indian"
"147659","678","38.888571443533294","-77.01699004741155","National Museum of the American Indian"
"147662","678","38.88858228236477","-77.0165341603135","National Museum of the American Indian"
"147660","678","38.88856196899391","-77.01700208668838","National Museum of the American Indian"
"147663","678","38.88854187386099","-77.01729522975303","National Museum of the American Indian"
"147665","678","38.88858261910265","-77.01653567978725","National Museum of the American Indian"
"147666","678","38.88854316728793","-77.0172975631508","National Museum of the American Indian"
"147668","678","38.888570314617475","-77.01670326753612","National Museum of the American Indian"
"147669","678","38.888562553109686","-77.01698920886578","National Museum of the American Indian"
"147670","678","38.888569664925065","-77.01670201462343","National Museum of the American Indian"
"147672","678","38.88857915710534","-77.01660314508439","National Museum of the American Indian"
"147673","678","38.88859910992054","-77.01614918953798","National Museum of the American Indian"
"147674","678","38.88857938010617","-77.01660295943967","National Museum of the American Indian"
"147675","678","38.88855819850574","-77.01684374188262","National Museum of the American Indian"
"147677","678","38.888583184942206","-77.01653326818892","National Museum of the American Indian"
"147678","678","38.888598133591984","-77.0161494011144","National Museum of the American Indian"
"147679","678","38.88857035719805","-77.01670153184939","National Museum of the American Indian"
"147680","678","38.888576652285586","-77.01660970734221","National Museum of the American Indian"
"147681","678","38.88858260171826","-77.01653409240188","National Museum of the American Indian"
"147682","678","38.8886118646837","-77.01634417354984","National Museum of the American Indian"
"147686","678","38.88861214542186","-77.01634407006698","National Museum of the American Indian"
"147687","678","38.88858030985385","-77.01660815955022","National Museum of the American Indian"
"147688","678","38.888580923752876","-77.01660926410987","National Museum of the American Indian"
"147690","678","38.88856201891042","-77.01677068422744","National Museum of the American Indian"
"147691","678","38.88856278527165","-77.0167716100722","National Museum of the American Indian"
"147692","678","38.88857995027371","-77.01653686109908","National Museum of the American Indian"
"147693","678","38.88853276396463","-77.01724087440822","National Museum of the American Indian"
"147694","678","38.888583274569555","-77.01653190338318","National Museum of the American Indian"
"147696","678","38.88853128408293","-77.0172412944957","National Museum of the American Indian"
"147698","678","38.8886189336096","-77.01624986140267","National Museum of the American Indian"
"147699","678","38.888535762763794","-77.01601417313368","National Museum of the American Indian"
"147700","678","38.888556150476965","-77.01690187039789","National Museum of the American Indian"
"147701","678","38.88861838096139","-77.01624975046667","National Museum of the American Indian"
"147703","678","38.888570345168525","-77.01670625157729","National Museum of the American Indian"
"147704","678","38.88856227428867","-77.01677184262728","National Museum of the American Indian"
"147706","678","38.888556663903934","-77.01690055636972","National Museum of the American Indian"
"147707","678","38.88857144548643","-77.01670472294914","National Museum of the American Indian"
"147708","678","38.88857125828777","-77.01670303451368","National Museum of the American Indian"
"147709","678","38.88856925596373","-77.01682995447854","National Museum of the American Indian"
"147711","678","38.888571857128596","-77.01681602156796","National Museum of the American Indian"
"147712","678","38.88861665353911","-77.01624932860342","National Museum of the American Indian"
"150490","733","38.88839029391784","-77.01579735277974","National Museum of the American Indian"
"150495","733","38.88839016394204","-77.01579986384517","National Museum of the American Indian"
"150496","733","38.88839056389944","-77.01579603097386","National Museum of the American Indian"
"150497","733","38.88839148272815","-77.01579635304307","National Museum of the American Indian"
"150498","733","38.88846601597037","-77.01586220571271","National Museum of the American Indian"
"150499","733","38.88839052559461","-77.01580019509777","National Museum of the American Indian"
"150500","733","38.88846512040934","-77.01586321418314","National Museum of the American Indian"
"150501","733","38.888465142872704","-77.0158633473914","National Museum of the American Indian"
"150502","733","38.88846376132569","-77.01586811607184","National Museum of the American Indian"
"150503","733","38.88846500075594","-77.01586472000915","National Museum of the American Indian"
"150504","733","38.88846527138419","-77.01586418580614","National Museum of the American Indian"
"150505","733","38.88846566832208","-77.01586238649595","National Museum of the American Indian"
"150506","733","38.888466503668695","-77.015861682267","National Museum of the American Indian"
"150507","733","38.88857372089271","-77.01594965137713","National Museum of the American Indian"
"150508","733","38.88857178274131","-77.01595086800057","National Museum of the American Indian"
"150509","733","38.888571246349954","-77.0159496193478","National Museum of the American Indian"
"150510","733","38.88857291850837","-77.01594987875552","National Museum of the American Indian"
"150511","733","38.88857056317925","-77.01595050617065","National Museum of the American Indian"
"150512","733","38.888570677697224","-77.01595019385925","National Museum of the American Indian"
"150735","733","38.88854366864033","-77.01736774387892","National Museum of the American Indian"
"150736","733","38.88853614677884","-77.01594173189116","National Museum of the American Indian"
"150737","733","38.88854311722535","-77.01736640201118","National Museum of the American Indian"
"150738","733","38.88854196818583","-77.01598789286251","National Museum of the American Indian"
"150739","733","38.888543280599826","-77.0173662482193","National Museum of the American Indian"
"150740","733","38.88854343033711","-77.01736747578535","National Museum of the American Indian"
"151562","1090","38.88863753527319","-77.01715001031218","National Museum of the American Indian"
"151574","1090","38.888517311733175","-77.01682342078301","National Museum of the American Indian"
"151583","1090","38.88857640170282","-77.01595064071766","National Museum of the American Indian"
"151586","1090","38.88853576286345","-77.01722351172853","National Museum of the American Indian"
"151591","1090","38.888547957447905","-77.01726631697493","National Museum of the American Indian"
"145659","647","38.88902799781046","-77.02599477543255","Smithsonian Castle"
"144858","295","38.88901557302176","-77.026280840636","Smithsonian Castle"
"145661","647","38.88902607769763","-77.02601105230282","Smithsonian Castle"
"145662","647","38.8890093093615","-77.02599094167668","Smithsonian Castle"
"145663","647","38.88902557952597","-77.02602891584199","Smithsonian Castle"
"145664","647","38.889015990323266","-77.02603293646487","Smithsonian Castle"
"145944","4","38.88897950459808","-77.02601092039014","Smithsonian Castle"
"145945","4","38.88897936186037","-77.02601088127896","Smithsonian Castle"
"145667","647","38.88898469098869","-77.02602505216619","Smithsonian Castle"
"145856","640","38.88908967748342","-77.02598776978117","Smithsonian Castle"
"145668","647","38.8889793627118","-77.02601196616541","Smithsonian Castle"
"145669","647","38.88897933872728","-77.02601202041886","Smithsonian Castle"
"145670","647","38.88897982277269","-77.02601157093017","Smithsonian Castle"
"145671","647","38.888980046567774","-77.02601117254636","Smithsonian Castle"
"145672","647","38.88897933680256","-77.02601071709489","Smithsonian Castle"
"145673","647","38.88897906834835","-77.02600979357092","Smithsonian Castle"
"145674","647","38.888979465279135","-77.02601012659508","Smithsonian Castle"
"145675","647","38.888950903192956","-77.025994121328","Smithsonian Castle"
"145676","647","38.88892008612887","-77.02586452172942","Smithsonian Castle"
"145858","640","38.88903520799813","-77.02590856705588","Smithsonian Castle"
"145860","640","38.88893928270991","-77.02595544817915","Smithsonian Castle"
"145866","640","38.88891943294847","-77.02584750894655","Smithsonian Castle"
"145738","647","38.88894697333559","-77.02639826231044","Smithsonian Castle"
"145753","647","38.88890160928466","-77.02629500089007","Smithsonian Castle"
"145754","647","38.88890145828389","-77.0262931014905","Smithsonian Castle"
"145755","647","38.88890346790405","-77.02628998662524","Smithsonian Castle"
"145756","647","38.88890395043545","-77.0262903008456","Smithsonian Castle"
"145757","647","38.88890550618569","-77.02628262339907","Smithsonian Castle"
"145758","647","38.88890594309205","-77.02628246226556","Smithsonian Castle"
"145759","647","38.88890617855921","-77.02628218875756","Smithsonian Castle"
"145761","647","38.88897728795051","-77.02600707422356","Smithsonian Castle"
"145762","647","38.888914913256954","-77.02619614914433","Smithsonian Castle"
"145941","647","38.88902447549997","-77.026003576853","Smithsonian Castle"
"145942","647","38.888979333370315","-77.02601160627367","Smithsonian Castle"
"145918","640","38.88890610679851","-77.02631325777111","Smithsonian Castle"
"145921","640","38.88890118960411","-77.02628807515151","Smithsonian Castle"
"145922","640","38.888899746845915","-77.02628878680156","Smithsonian Castle"
"145924","640","38.88891702836501","-77.02621673188781","Smithsonian Castle"
"145925","640","38.88892550221372","-77.02615772002083","Smithsonian Castle"
"145992","640","38.88908759264589","-77.02599824010483","Smithsonian Castle"
"145994","640","38.88891963256722","-77.02581596359657","Smithsonian Castle"
"145995","640","38.889034460336696","-77.02591051699429","Smithsonian Castle"
"145997","640","38.88893926792529","-77.02595508090273","Smithsonian Castle"
"146002","640","38.888919117038","-77.02584787782813","Smithsonian Castle"
"146004","640","38.888919070372616","-77.02580823208778","Smithsonian Castle"
"145665","647","38.88899822730082","-77.02606072814153","Smithsonian Castle"
"145752","647","38.88890053952433","-77.02629993193369","Smithsonian Castle"
"146067","640","38.88890106286429","-77.02629009572509","Smithsonian Castle"
"146068","640","38.88890539355803","-77.02633624729796","Smithsonian Castle"
"146069","640","38.88890595463942","-77.026314737035","Smithsonian Castle"
"146070","640","38.888899317779476","-77.02629030725333","Smithsonian Castle"
"146072","640","38.88892510798713","-77.02615887139446","Smithsonian Castle"
"146073","640","38.88889298457883","-77.02624641791324","Smithsonian Castle"
"146074","640","38.888978956197214","-77.02635781632951","Smithsonian Castle"
"146828","678","38.88916162834773","-77.0258895831018","Smithsonian Castle"
"147257","678","38.8890941153177","-77.02602073718685","Smithsonian Castle"
"147258","678","38.889092506050254","-77.02602244116933","Smithsonian Castle"
"147261","678","38.88908279456778","-77.0263004399828","Smithsonian Castle"
"147287","678","38.889091689935725","-77.02586610867102","Smithsonian Castle"
"147288","678","38.88909075014991","-77.0259899373502","Smithsonian Castle"
"147290","678","38.88909055375584","-77.02592708859021","Smithsonian Castle"
"147291","678","38.889087458032","-77.02582455999635","Smithsonian Castle"
"147312","678","38.88909309447714","-77.025989910056","Smithsonian Castle"
"147314","678","38.88909398152577","-77.02592513071764","Smithsonian Castle"
"147317","678","38.88909206598482","-77.0259903943599","Smithsonian Castle"
"147325","678","38.88909127690897","-77.02592541218802","Smithsonian Castle"
"147339","678","38.88904538388388","-77.02657444093623","Smithsonian Castle"
"147341","678","38.889043706391405","-77.02656947821482","Smithsonian Castle"
"147342","678","38.88904241003554","-77.02656776638676","Smithsonian Castle"
"147343","678","38.889094116055446","-77.02607053363843","Smithsonian Castle"
"147348","678","38.88909266433656","-77.02602130168154","Smithsonian Castle"
"147349","678","38.88909237423232","-77.02606962168421","Smithsonian Castle"
"147367","678","38.88908611749249","-77.02630517478812","Smithsonian Castle"
"147368","678","38.88909222934608","-77.02621545897048","Smithsonian Castle"
"147369","678","38.88902856781744","-77.02672013886978","Smithsonian Castle"
"147370","678","38.889092290095796","-77.02607022812425","Smithsonian Castle"
"147389","678","38.88909029232523","-77.02621520027066","Smithsonian Castle"
"147393","678","38.88909099008954","-77.02591640366659","Smithsonian Castle"
"147394","678","38.88909397660431","-77.02592504294554","Smithsonian Castle"
"147406","678","38.889093135991374","-77.02602215946224","Smithsonian Castle"
"147407","678","38.88906734114183","-77.02638927828956","Smithsonian Castle"
"147408","678","38.889062977175726","-77.02643429205935","Smithsonian Castle"
"147412","678","38.88908505382385","-77.02630296752899","Smithsonian Castle"
"147354","678","38.88909393262602","-77.02602080000887","Smithsonian Castle"
"147420","678","38.88909162447998","-77.02601704057219","Smithsonian Castle"
"147431","678","38.889093471939695","-77.02606504903379","Smithsonian Castle"
"147435","678","38.88904476346238","-77.02657029168786","Smithsonian Castle"
"147438","678","38.88904454672802","-77.02657075027804","Smithsonian Castle"
"147439","678","38.889092168533494","-77.02606537205972","Smithsonian Castle"
"147441","678","38.88904463347895","-77.02656950644617","Smithsonian Castle"
"147446","678","38.889093152996935","-77.02606978561894","Smithsonian Castle"
"147447","678","38.889094163653404","-77.02607057778123","Smithsonian Castle"
"147448","678","38.88904456889281","-77.02657109483515","Smithsonian Castle"
"147450","678","38.88909330217201","-77.02606503534662","Smithsonian Castle"
"147452","678","38.88909211094437","-77.02606544176642","Smithsonian Castle"
"147458","678","38.889066564282246","-77.02638843506693","Smithsonian Castle"
"147460","678","38.889085013963864","-77.02630317417395","Smithsonian Castle"
"147463","678","38.88906280529946","-77.02643405520772","Smithsonian Castle"
"147468","678","38.88909443212603","-77.02607079255377","Smithsonian Castle"
"147469","678","38.889093128866016","-77.02606978621172","Smithsonian Castle"
"147485","678","38.88909196047581","-77.02601730261665","Smithsonian Castle"
"147486","678","38.889092909507454","-77.02602239810365","Smithsonian Castle"
"147488","678","38.889093811165644","-77.02592500158588","Smithsonian Castle"
"147489","678","38.889090798694504","-77.02591649837255","Smithsonian Castle"
"147490","678","38.88908584673377","-77.02630474418854","Smithsonian Castle"
"147491","678","38.88909307934595","-77.02607082488632","Smithsonian Castle"
"147492","678","38.88908984863466","-77.02621543042211","Smithsonian Castle"
"147493","678","38.889091512215316","-77.02621587878993","Smithsonian Castle"
"147494","678","38.88902439223551","-77.02669044428082","Smithsonian Castle"
"147495","678","38.889089566618466","-77.02621368742037","Smithsonian Castle"
"147496","678","38.8890922243338","-77.02599035269228","Smithsonian Castle"
"147497","678","38.88909303214037","-77.02599001781336","Smithsonian Castle"
"147498","678","38.88909151557933","-77.02592529494308","Smithsonian Castle"
"147500","678","38.88909383182098","-77.02592508883025","Smithsonian Castle"
"147551","678","38.88909114715974","-77.02586673663853","Smithsonian Castle"
"147554","678","38.88909086693434","-77.02598994382883","Smithsonian Castle"
"147555","678","38.88908688238341","-77.02582500799738","Smithsonian Castle"
"147556","678","38.88909099131314","-77.02592677295159","Smithsonian Castle"
"147559","678","38.88909371559369","-77.02602098631898","Smithsonian Castle"
"147560","678","38.88909262147982","-77.02602146751096","Smithsonian Castle"
"147561","678","38.88909287260633","-77.02606993559608","Smithsonian Castle"
"147562","678","38.88904258450476","-77.02656852567851","Smithsonian Castle"
"147565","678","38.889093358406534","-77.02607003767855","Smithsonian Castle"
"147566","678","38.889043332570836","-77.02656961246284","Smithsonian Castle"
"147567","678","38.88909370268505","-77.02602077531442","Smithsonian Castle"
"147568","678","38.88909294622662","-77.02602221070234","Smithsonian Castle"
"147569","678","38.889083581580486","-77.02630170030588","Smithsonian Castle"
"148589","733","38.889057360705166","-77.02661279113752","Smithsonian Castle"
"148593","733","38.889092670470646","-77.02611715261406","Smithsonian Castle"
"148594","733","38.88909010015536","-77.02612238350923","Smithsonian Castle"
"148595","733","38.88928580529024","-77.02604968289087","Smithsonian Castle"
"148596","733","38.88954647305202","-77.02598342318997","Smithsonian Castle"
"148597","733","38.88909402513646","-77.02607795739759","Smithsonian Castle"
"148598","733","38.88909077360477","-77.02612173471395","Smithsonian Castle"
"148601","733","38.889085515652646","-77.02630951052687","Smithsonian Castle"
"148602","733","38.88908637108934","-77.02631077492134","Smithsonian Castle"
"148604","733","38.88907977114796","-77.02640881922945","Smithsonian Castle"
"148606","733","38.889079975081245","-77.02641115605607","Smithsonian Castle"
"148610","733","38.889079341511106","-77.02641079355507","Smithsonian Castle"
"148611","733","38.889079122135286","-77.02641135980429","Smithsonian Castle"
"148613","733","38.889082594420074","-77.02641274160061","Smithsonian Castle"
"148600","733","38.889086650232265","-77.0263082305458","Smithsonian Castle"
"148615","733","38.889066479333316","-77.02651518281981","Smithsonian Castle"
"148616","733","38.88906602109315","-77.02651608588612","Smithsonian Castle"
"148618","733","38.88906581313372","-77.02651695858995","Smithsonian Castle"
"148620","733","38.88906648569625","-77.0265178737587","Smithsonian Castle"
"148622","733","38.88906732027121","-77.02651930230097","Smithsonian Castle"
"148623","733","38.88906930547638","-77.02651866166526","Smithsonian Castle"
"148624","733","38.88905506006749","-77.02661023274534","Smithsonian Castle"
"148625","733","38.88905408080843","-77.02660837872767","Smithsonian Castle"
"148627","733","38.88905378129267","-77.02660833896212","Smithsonian Castle"
"148628","733","38.88905252274771","-77.0266091017516","Smithsonian Castle"
"148631","733","38.889054230749586","-77.02661147768302","Smithsonian Castle"
"148633","733","38.88905437326613","-77.02661224270416","Smithsonian Castle"
"148639","733","38.88903545391062","-77.02670520110124","Smithsonian Castle"
"148634","733","38.88905689065607","-77.02661388862639","Smithsonian Castle"
"148641","733","38.88902731445699","-77.02675595382482","Smithsonian Castle"
"148642","733","38.88902614467386","-77.02675483487421","Smithsonian Castle"
"148643","733","38.88902630628918","-77.0267551477915","Smithsonian Castle"
"148644","733","38.889028461868946","-77.02675574057193","Smithsonian Castle"
"148645","733","38.88896627957225","-77.02695489416361","Smithsonian Castle"
"148646","733","38.888965678101094","-77.02694704493572","Smithsonian Castle"
"148648","733","38.88894697475113","-77.02700522895559","Smithsonian Castle"
"148649","733","38.88896616408039","-77.02694843548244","Smithsonian Castle"
"148650","733","38.88894693975525","-77.02700304708604","Smithsonian Castle"
"148652","733","38.888947228891766","-77.02700449326478","Smithsonian Castle"
"148651","733","38.888947106814214","-77.02700370855618","Smithsonian Castle"
"148653","733","38.88884193673487","-77.0269651335222","Smithsonian Castle"
"148654","733","38.88884260993596","-77.02696580279648","Smithsonian Castle"
"148661","733","38.88875204216077","-77.0268608254026","Smithsonian Castle"
"148662","733","38.88875185321668","-77.02686091043682","Smithsonian Castle"
"148663","733","38.88871247429922","-77.02686687167495","Smithsonian Castle"
"148664","733","38.88871254174115","-77.02686840272868","Smithsonian Castle"
"148665","733","38.888712006927626","-77.02686874385824","Smithsonian Castle"
"148666","733","38.8887005280649","-77.02677204751683","Smithsonian Castle"
"148667","733","38.88869972105686","-77.02677213243688","Smithsonian Castle"
"148668","733","38.88862925624395","-77.02680423946258","Smithsonian Castle"
"148669","733","38.88862899387606","-77.02680334299654","Smithsonian Castle"
"148670","733","38.88862749711302","-77.02680800625807","Smithsonian Castle"
"148691","734","38.88909960667927","-77.0260812528943","Smithsonian Castle"
"148692","733","38.88954083495153","-77.02599049546019","Smithsonian Castle"
"148694","733","38.889534564675714","-77.02602970659301","Smithsonian Castle"
"148697","734","38.88909840673614","-77.02607966160099","Smithsonian Castle"
"148698","733","38.88944865065582","-77.02603322570054","Smithsonian Castle"
"148701","733","38.88944534673521","-77.02603147852332","Smithsonian Castle"
"148704","733","38.88934470045248","-77.0260349329706","Smithsonian Castle"
"148705","734","38.88930310219305","-77.02602343235665","Smithsonian Castle"
"148706","734","38.889289886717506","-77.0260361807486","Smithsonian Castle"
"148707","733","38.88928371588162","-77.02604808410274","Smithsonian Castle"
"148708","734","38.88917196592837","-77.02605296994682","Smithsonian Castle"
"148709","734","38.88962425853766","-77.02603574566331","Smithsonian Castle"
"148716","734","38.8889151511852","-77.02680974001791","Smithsonian Castle"
"148717","734","38.88891510748732","-77.0268092380862","Smithsonian Castle"
"148719","734","38.88891537047426","-77.02681298243952","Smithsonian Castle"
"148720","734","38.88886666400296","-77.02685258281333","Smithsonian Castle"
"148721","734","38.88886604168328","-77.0268520701775","Smithsonian Castle"
"148722","734","38.888866787802144","-77.02686422536745","Smithsonian Castle"
"148723","734","38.88877728219926","-77.0268409841024","Smithsonian Castle"
"148724","734","38.88877757792764","-77.0268428405856","Smithsonian Castle"
"148725","734","38.888783628014515","-77.02685700596176","Smithsonian Castle"
"148726","734","38.88877737637052","-77.02684909303815","Smithsonian Castle"
"148727","734","38.88877631115482","-77.02685272381744","Smithsonian Castle"
"148728","734","38.88866904889465","-77.02674471360818","Smithsonian Castle"
"148729","734","38.88865918816389","-77.0267497012378","Smithsonian Castle"
"148730","734","38.88865836228347","-77.02675368958188","Smithsonian Castle"
"148731","734","38.8886580939019","-77.02675601462273","Smithsonian Castle"
"148739","734","38.88857264603996","-77.02664629327985","Smithsonian Castle"
"148741","734","38.888577084738316","-77.02665380115631","Smithsonian Castle"
"148742","734","38.888594963351075","-77.02668145722191","Smithsonian Castle"
"148743","734","38.88858405543982","-77.02667284078218","Smithsonian Castle"
"148744","734","38.88858967154348","-77.02663355753108","Smithsonian Castle"
"148745","734","38.88858430840164","-77.026670813305","Smithsonian Castle"
"148746","734","38.888640391873096","-77.02664490059857","Smithsonian Castle"
"148748","734","38.88863945391777","-77.02665147606078","Smithsonian Castle"
"148747","734","38.88863920818765","-77.0266502604465","Smithsonian Castle"
"148750","734","38.88870814952945","-77.02673614607562","Smithsonian Castle"
"148751","734","38.888708306305574","-77.02673576440625","Smithsonian Castle"
"148752","734","38.88870885479497","-77.02673592016112","Smithsonian Castle"
"148983","733","38.88908536119988","-77.02578000330946","Smithsonian Castle"
"148984","733","38.889085014063404","-77.02578103098234","Smithsonian Castle"
"148985","733","38.88907308552491","-77.02566216748735","Smithsonian Castle"
"148986","733","38.88908587220655","-77.0257801711189","Smithsonian Castle"
"148987","733","38.889084184601685","-77.02577945820215","Smithsonian Castle"
"148989","733","38.88908980416546","-77.02583072839376","Smithsonian Castle"
"148990","733","38.889086749787566","-77.02580414815799","Smithsonian Castle"
"148991","733","38.88908005719879","-77.02574989378805","Smithsonian Castle"
"148992","733","38.88907946273034","-77.02572010863285","Smithsonian Castle"
"148994","733","38.88908440180095","-77.02576852798549","Smithsonian Castle"
"148995","733","38.889088878791114","-77.02583191692167","Smithsonian Castle"
"148996","733","38.88908926242137","-77.02583162816116","Smithsonian Castle"
"148997","733","38.88909250695676","-77.02587335995923","Smithsonian Castle"
"148998","733","38.889092616216175","-77.0258739955022","Smithsonian Castle"
"148999","733","38.88908896499819","-77.02583197388223","Smithsonian Castle"
"149000","733","38.88909273781599","-77.02587531870864","Smithsonian Castle"
"149001","733","38.889092340637134","-77.02589877882767","Smithsonian Castle"
"149002","733","38.88909242033543","-77.02589998903947","Smithsonian Castle"
"149003","733","38.889093420210386","-77.02589958420596","Smithsonian Castle"
"149004","733","38.88909196849844","-77.02587610351365","Smithsonian Castle"
"149005","733","38.88909307750015","-77.02590180235707","Smithsonian Castle"
"149006","733","38.88909290624405","-77.02590208545452","Smithsonian Castle"
"149007","733","38.8890953005031","-77.02588314890652","Smithsonian Castle"
"149008","733","38.889095095068384","-77.0258773352494","Smithsonian Castle"
"149009","733","38.889092571916265","-77.02590317173284","Smithsonian Castle"
"148588","733","0","0","Smithsonian Castle"
"148590","733","0","0","Smithsonian Castle"
"148647","733","0","0","Smithsonian Castle"
"148658","733","0","0","Smithsonian Castle"
"148637","733","0","0","Smithsonian Castle"
"148982","733","0","0","Smithsonian Castle"
"148659","733","0","0","Smithsonian Castle"
"148660","733","0","0","Smithsonian Castle"
"148636","733","0","0","Smithsonian Castle"
"148591","733","0","0","Smithsonian Castle"
"148738","734","0","0","Smithsonian Castle"
"148740","734","0","0","Smithsonian Castle"
"148630","734","0","0","Smithsonian Castle"
"148632","734","0","0","Smithsonian Castle"
"148635","734","0","0","Smithsonian Castle"
"148638","734","0","0","Smithsonian Castle"
"148640","734","0","0","Smithsonian Castle"
"149214","733","0","0","Smithsonian Castle"
"149215","733","0","0","Smithsonian Castle"
"149216","733","0","0","Smithsonian Castle"
"149217","733","0","0","Smithsonian Castle"
"149218","733","0","0","Smithsonian Castle"
"149219","733","0","0","Smithsonian Castle"
"149220","733","0","0","Smithsonian Castle"
"149221","733","0","0","Smithsonian Castle"
"149222","733","0","0","Smithsonian Castle"
"149223","733","0","0","Smithsonian Castle"
"149224","733","0","0","Smithsonian Castle"
"149225","733","0","0","Smithsonian Castle"
"149226","733","0","0","Smithsonian Castle"
"149227","733","0","0","Smithsonian Castle"
"149228","733","0","0","Smithsonian Castle"
"149230","733","0","0","Smithsonian Castle"
"149229","733","0","0","Smithsonian Castle"
"149231","733","0","0","Smithsonian Castle"
"149232","733","0","0","Smithsonian Castle"
"149233","733","0","0","Smithsonian Castle"
"149234","733","0","0","Smithsonian Castle"
"149235","733","0","0","Smithsonian Castle"
"148592","733","0","0","Smithsonian Castle"
"148603","733","0","0","Smithsonian Castle"
"150269","831","38.88939418930391","-77.02599660439792","Smithsonian Castle"
"150277","733","38.88978841734632","-77.02586224033256","Smithsonian Castle"
"150278","733","38.88974932984621","-77.02560090702327","Smithsonian Castle"
"150280","733","38.88975823052461","-77.02587824693686","Smithsonian Castle"
"150281","733","38.88990996768855","-77.02591288554648","Smithsonian Castle"
"150282","733","38.88974760594146","-77.02559894438646","Smithsonian Castle"
"150283","733","38.88973438989825","-77.0253368706481","Smithsonian Castle"
"150284","733","38.889732903129996","-77.02533932018025","Smithsonian Castle"
"150285","733","38.88969372188473","-77.02524815545577","Smithsonian Castle"
"150286","733","38.88972193650702","-77.02534995744165","Smithsonian Castle"
"150287","733","38.88969264881035","-77.0252496837885","Smithsonian Castle"
"150288","733","38.889460932861454","-77.02541503526284","Smithsonian Castle"
"150289","733","38.889689235096526","-77.0252519658072","Smithsonian Castle"
"150290","733","38.88945995723663","-77.02541537520212","Smithsonian Castle"
"150291","733","38.88945971166965","-77.02541535595257","Smithsonian Castle"
"150292","733","38.88938709129711","-77.02536015150883","Smithsonian Castle"
"150293","733","38.889337639900866","-77.02533711138915","Smithsonian Castle"
"150294","733","38.8893363553068","-77.02533867831308","Smithsonian Castle"
"150295","733","38.88914114288166","-77.02547493992947","Smithsonian Castle"
"150296","733","38.88916152361715","-77.02543950363354","Smithsonian Castle"
"150297","733","38.88933700165713","-77.02533559235005","Smithsonian Castle"
"150298","733","38.88914291992802","-77.02547091925321","Smithsonian Castle"
"150299","733","38.88914211728797","-77.02547014202067","Smithsonian Castle"
"150301","733","38.889142292182356","-77.02546970157563","Smithsonian Castle"
"150342","733","38.88870640671001","-77.02694839866825","Smithsonian Castle"
"149064","733","38.889073678651876","-77.0256602184559","Smithsonian Castle"
"149011","733","38.888959913423925","-77.0256521040897","Smithsonian Castle"
"149012","733","38.88895988214973","-77.02565292822308","Smithsonian Castle"
"149013","733","38.88896000356254","-77.02565296196758","Smithsonian Castle"
"149015","733","38.88896049966861","-77.0256530749384","Smithsonian Castle"
"149016","733","38.888995823640016","-77.02561275384576","Smithsonian Castle"
"149017","733","38.888975223375475","-77.02561618189887","Smithsonian Castle"
"149018","733","38.88897551809508","-77.02561228779403","Smithsonian Castle"
"149019","733","38.888974734290876","-77.02562107820671","Smithsonian Castle"
"149020","733","38.888974785784185","-77.02562133584601","Smithsonian Castle"
"149021","733","38.88897437884805","-77.0256208566963","Smithsonian Castle"
"149022","733","38.88897394648105","-77.02562047633471","Smithsonian Castle"
"149023","733","38.888951459586984","-77.02547517174457","Smithsonian Castle"
"149024","733","38.888951384260146","-77.02546636704726","Smithsonian Castle"
"149025","733","38.888950741017595","-77.02546706266983","Smithsonian Castle"
"149027","733","38.888949503039136","-77.02546136912227","Smithsonian Castle"
"149028","733","38.88895315241104","-77.02545285275986","Smithsonian Castle"
"149029","733","38.88894473411139","-77.02544370049571","Smithsonian Castle"
"149063","733","38.88895115208288","-77.02546664479077","Smithsonian Castle"
"150339","733","38.88870774136834","-77.02686709505477","Smithsonian Castle"
"149014","733","38.88897762102066","-77.02563919915072","Smithsonian Castle"
"150333","733","38.88870682886495","-77.02686605094694","Smithsonian Castle"
"150343","733","38.888691597803856","-77.02681179088883","Smithsonian Castle"
"150349","733","38.88869058303393","-77.02681173090173","Smithsonian Castle"
"149061","733","38.88870262096282","-77.02678664687605","Smithsonian Castle"
"149062","733","38.888702697767464","-77.0267859286693","Smithsonian Castle"
"149371","733","38.88870243742056","-77.02678639271421","Smithsonian Castle"
"149373","733","38.888702576542386","-77.02678678245208","Smithsonian Castle"
"149374","733","38.888702692900814","-77.02678602154452","Smithsonian Castle"
"150279","733","38.88988698728833","-77.02594159933108","Smithsonian Castle"
"150303","733","38.889099106810264","-77.02514050851364","Smithsonian Castle"
"150306","733","38.889093848492","-77.02509979613887","Smithsonian Castle"
"150308","733","38.88897410807115","-77.02501368205137","Smithsonian Castle"
"150310","733","38.88896863562716","-77.02504512040763","Smithsonian Castle"
"150313","733","38.888966367157956","-77.0250658532368","Smithsonian Castle"
"150315","733","38.88896138191461","-77.02505449940257","Smithsonian Castle"
"150319","733","38.888964718590444","-77.02504462692276","Smithsonian Castle"
"150320","733","38.88892931157571","-77.02503266108845","Smithsonian Castle"
"150332","733","38.88870681810423","-77.02686678446213","Smithsonian Castle"
"150338","733","38.8886914979688","-77.02681193050385","Smithsonian Castle"
"150340","733","38.888690945877194","-77.02681089677124","Smithsonian Castle"
"149055","733","38.88870248281301","-77.02678638862915","Smithsonian Castle"
"149026","733","38.888951061212296","-77.02546658051182","Smithsonian Castle"
"150302","733","38.889081339874615","-77.02519106527183","Smithsonian Castle"
"150300","733","38.889067192394144","-77.0252433765701","Smithsonian Castle"
"150538","733","38.88862814495864","-77.02680700736462","Smithsonian Castle"
"150569","733","38.88975312538731","-77.02587743305875","Smithsonian Castle"
"150570","733","38.88973864436695","-77.02560661170484","Smithsonian Castle"
"150571","733","38.88988355313551","-77.02590747048423","Smithsonian Castle"
"150572","733","38.88988395995987","-77.02594078260334","Smithsonian Castle"
"150573","733","38.88974950501425","-77.02588440708396","Smithsonian Castle"
"150574","733","38.88973721998358","-77.02560731935874","Smithsonian Castle"
"150575","733","38.88972180479898","-77.02534941577719","Smithsonian Castle"
"150576","733","38.889719941465515","-77.02535128801266","Smithsonian Castle"
"150577","733","38.88972168800791","-77.02534952213881","Smithsonian Castle"
"150578","733","38.88968983666123","-77.02525066854774","Smithsonian Castle"
"150579","733","38.889690983876605","-77.02524945145402","Smithsonian Castle"
"150580","733","38.88968685997747","-77.02525286586032","Smithsonian Castle"
"150581","733","38.88945895428389","-77.02541633620041","Smithsonian Castle"
"150582","733","38.88945865147807","-77.02541614328408","Smithsonian Castle"
"150583","733","38.88945847785402","-77.0254158287425","Smithsonian Castle"
"150584","733","38.889385597586056","-77.0253625864352","Smithsonian Castle"
"150585","733","38.889337608260604","-77.02533625104395","Smithsonian Castle"
"150587","733","38.88933841383954","-77.02533401348495","Smithsonian Castle"
"150588","733","38.88916268930464","-77.02543605152091","Smithsonian Castle"
"150589","733","38.88914283144281","-77.0254707520835","Smithsonian Castle"
"150590","733","38.889143262323906","-77.02546917243586","Smithsonian Castle"
"150591","733","38.889072350927","-77.02524467033253","Smithsonian Castle"
"150592","733","38.88914339859971","-77.02546846981241","Smithsonian Castle"
"150593","733","38.88914345199913","-77.02546754082283","Smithsonian Castle"
"150594","733","38.88908178722237","-77.02519256422798","Smithsonian Castle"
"150595","733","38.88910027475071","-77.02512577113525","Smithsonian Castle"
"150596","733","38.889093251791834","-77.02509189315566","Smithsonian Castle"
"150597","733","38.88896823002714","-77.02506652010892","Smithsonian Castle"
"150598","733","38.88896804609012","-77.02506722937987","Smithsonian Castle"
"150599","733","38.88896754538263","-77.02506908014563","Smithsonian Castle"
"150600","733","38.888962709741875","-77.02504857313906","Smithsonian Castle"
"150601","733","38.88896237914199","-77.02504997186401","Smithsonian Castle"
"150602","733","38.8889308062133","-77.02503671662647","Smithsonian Castle"
"148599","733","38.8890945002307","-77.026216783099","Smithsonian Castle"
"150628","733","38.889312139560964","-77.02598781207175","Smithsonian Castle"
"150629","733","38.889308307316966","-77.02602045027838","Smithsonian Castle"
"150630","733","38.88928519102191","-77.02604533444703","Smithsonian Castle"
"150631","733","38.88931204236301","-77.02595844023986","Smithsonian Castle"
"150632","733","38.889246425712535","-77.02612509981049","Smithsonian Castle"
"150633","733","38.889221130311526","-77.02616142301959","Smithsonian Castle"
"150634","733","38.889161780043835","-77.02659740064045","Smithsonian Castle"
"150635","733","38.88912946323381","-77.0267026603531","Smithsonian Castle"
"150677","733","38.88924941874565","-77.02607941925048","Smithsonian Castle"
"150678","733","38.88922025310408","-77.02616212124913","Smithsonian Castle"
"150679","733","38.88916702044001","-77.02639994277354","Smithsonian Castle"
"150680","733","38.889166556367435","-77.0264000260095","Smithsonian Castle"
"150681","733","38.889167282947994","-77.0263624168151","Smithsonian Castle"
"150682","733","38.88916410655412","-77.02656846261321","Smithsonian Castle"
"150683","733","38.8891621029903","-77.0265978981217","Smithsonian Castle"
"150684","733","38.88913731223672","-77.02666686738901","Smithsonian Castle"
"150685","733","38.88913691368886","-77.02666574350984","Smithsonian Castle"
"150686","733","38.8891254976666","-77.02670043912796","Smithsonian Castle"
"150687","733","38.88912558594539","-77.02669955050233","Smithsonian Castle"
"150688","733","38.889125570305865","-77.02689069843709","Smithsonian Castle"
"150710","733","38.8892491284647","-77.02598147964171","Smithsonian Castle"
"150711","733","38.889250769238856","-77.02599493676283","Smithsonian Castle"
"150712","733","38.889248412020265","-77.02596454721801","Smithsonian Castle"
"150713","733","38.88924941205062","-77.02598219135002","Smithsonian Castle"
"150714","733","38.88924857756048","-77.02596622358462","Smithsonian Castle"
"150715","733","38.88925463849453","-77.02590739646489","Smithsonian Castle"
"150716","733","38.88922192587879","-77.02590700272692","Smithsonian Castle"
"150717","733","38.88925315182733","-77.02590718555665","Smithsonian Castle"
"150718","733","38.88921185349294","-77.02590894134146","Smithsonian Castle"
"150719","733","38.88919149024382","-77.02590959380186","Smithsonian Castle"
"150720","733","38.88912270180365","-77.02561816657352","Smithsonian Castle"
"150721","733","38.88912407635578","-77.02561444236235","Smithsonian Castle"
"150722","733","38.88904197275009","-77.02528114592204","Smithsonian Castle"
"150723","733","38.88904243986337","-77.02528050716748","Smithsonian Castle"
"150725","733","38.88901044901136","-77.02509189267904","Smithsonian Castle"
"150726","733","38.88903027854362","-77.02514374243718","Smithsonian Castle"
"150727","733","38.889010673173374","-77.02508773546207","Smithsonian Castle"
"150728","733","38.88901146848375","-77.02508576215905","Smithsonian Castle"
"150729","733","38.88900776399236","-77.02500791826569","Smithsonian Castle"
"150730","733","38.88900813899103","-77.02500726601106","Smithsonian Castle"
"150731","733","38.888972889732","-77.0248910871549","Smithsonian Castle"
"150732","733","38.88897346939382","-77.02489195121602","Smithsonian Castle"
"150760","733","38.88903026039774","-77.02515099138836","Smithsonian Castle"
"150724","733","38.88902886056151","-77.02515330721911","Smithsonian Castle"
"150769","3","38.88960520468347","-77.02595022231465","Smithsonian Castle"
"150771","3","38.888498040053925","-77.02685873542245","Smithsonian Castle"
"150772","3","38.888561823863334","-77.02679716551341","Smithsonian Castle"
"150773","3","38.888523184229335","-77.02683751810387","Smithsonian Castle"
"151332","1090","38.88930721944841","-77.02596796331201","Smithsonian Castle"
"151333","1090","38.88932444093213","-77.02600547115439","Smithsonian Castle"
"151334","1090","38.88920299954701","-77.02592648889126","Smithsonian Castle"
"151337","1090","38.88936678400453","-77.0257777544516","Smithsonian Castle"
"151338","1090","38.88948459210119","-77.02599027718243","Smithsonian Castle"
"151339","1090","38.88938213222395","-77.02597664548414","Smithsonian Castle"
"151341","1090","38.889253865215565","-77.02599071039808","Smithsonian Castle"
"151342","1090","38.88914088009737","-77.02598796283941","Smithsonian Castle"
"151343","1090","38.88932091519179","-77.02599028783338","Smithsonian Castle"
"151344","1090","38.890116721071905","-77.02590177838456","Smithsonian Castle"
"151350","1090","38.88911799384471","-77.02644077775263","Smithsonian Castle"
"151356","1090","38.88923504859795","-77.02604914837899","Smithsonian Castle"
"151357","1090","38.88919371959969","-77.02689493325626","Smithsonian Castle"
"151358","1090","38.88904879522882","-77.02682678207746","Smithsonian Castle"
"151359","1090","38.88916553896972","-77.02652265390739","Smithsonian Castle"
"151360","1090","38.88928427905583","-77.02637745110093","Smithsonian Castle"
"151364","1090","38.88993500828313","-77.02604733757968","Smithsonian Castle"
"151366","1090","38.88955045511492","-77.02569672154671","Smithsonian Castle"
"151367","1090","38.8894446823152","-77.02595595011333","Smithsonian Castle"
"151368","1090","38.888939310721135","-77.02657197387914","Smithsonian Castle"
"151370","1090","38.89037451808248","-77.02594757181983","Smithsonian Castle"
"151374","1090","38.88929516534374","-77.02597738795153","Smithsonian Castle"
"151375","1090","38.88911762246042","-77.02644014425434","Smithsonian Castle"
"151376","1090","38.88906428413885","-77.02670166276619","Smithsonian Castle"
"151377","1090","38.88985159900148","-77.02597779584644","Smithsonian Castle"
"151378","1090","38.89024286274179","-77.02602331861372","Smithsonian Castle"
"151379","1090","38.889991688240684","-77.0260288125798","Smithsonian Castle"
"151381","1090","38.88892164883681","-77.02719725813037","Smithsonian Castle"
"151383","1090","38.889139876221904","-77.02589503060135","Smithsonian Castle"
"151384","1090","38.88914875507379","-77.02598491867226","Smithsonian Castle"
"151346","1090","38.88894656016216","-77.02655719419164","Smithsonian Castle"
"151386","1090","38.88911585125017","-77.02563169179713","Smithsonian Castle"
"151387","1090","38.88895986730143","-77.0265847067974","Smithsonian Castle"
"151390","1090","38.88927496038748","-77.0258374095026","Smithsonian Castle"
"151394","1090","38.88916688766976","-77.0259087505705","Smithsonian Castle"
"151391","1090","38.889372605170436","-77.02609942057438","Smithsonian Castle"
"151392","1090","38.88914384397469","-77.02598277431744","Smithsonian Castle"
"151393","1090","38.889313031423676","-77.02604766109576","Smithsonian Castle"
"151396","1090","38.89000083911082","-77.02599658775874","Smithsonian Castle"
"151397","1090","38.88901070037156","-77.02654134013557","Smithsonian Castle"
"151398","1090","38.88923858801463","-77.02590345491099","Smithsonian Castle"
"151399","1090","38.88895252887437","-77.02656394947336","Smithsonian Castle"
"151400","1090","38.88904196485818","-77.02630121003271","Smithsonian Castle"
"151401","1090","38.889247915452955","-77.02608846837417","Smithsonian Castle"
"151402","1090","38.88896501780512","-77.02663762751827","Smithsonian Castle"
"151403","1090","38.88902333529971","-77.02679393301779","Smithsonian Castle"
"151404","1090","38.88902153568622","-77.02680948393841","Smithsonian Castle"
"151405","1090","38.88899401926228","-77.02628141220183","Smithsonian Castle"
"151406","1090","38.889024411116914","-77.02681328342292","Smithsonian Castle"
"151407","1090","38.888956816887514","-77.02660213897659","Smithsonian Castle"
"151408","1090","38.88927326742462","-77.02583940262177","Smithsonian Castle"
"151410","1090","38.88919513715839","-77.0259180319811","Smithsonian Castle"
"151411","1090","38.8893637729441","-77.02604439305856","Smithsonian Castle"
"151412","1090","38.88926305368709","-77.02596742647447","Smithsonian Castle"
"151413","1090","38.88896210457879","-77.02647792919493","Smithsonian Castle"
"151414","1090","38.88930204011543","-77.0258977250912","Smithsonian Castle"
"151415","1090","38.88909648642811","-77.02658806480053","Smithsonian Castle"
"151416","1090","38.889097052583026","-77.02659267764454","Smithsonian Castle"
"151417","1090","38.889098223700145","-77.02659357457918","Smithsonian Castle"
"151418","1090","38.889095888580094","-77.02659429950593","Smithsonian Castle"
"151419","1090","38.88929814536356","-77.02608813951603","Smithsonian Castle"
"151420","1090","38.889701145712806","-77.02594293097994","Smithsonian Castle"
"151421","1090","38.89002018915403","-77.0258960913561","Smithsonian Castle"
"151422","1090","38.89033249738744","-77.02599976471701","Smithsonian Castle"
"151424","1090","38.88921008069057","-77.0259153292167","Smithsonian Castle"
"151425","1090","38.889196080916236","-77.02591821363517","Smithsonian Castle"
"151426","1090","38.889172820004134","-77.02592802489538","Smithsonian Castle"
"151427","1090","38.88926235995466","-77.02597864851968","Smithsonian Castle"
"151429","1090","38.88894772744758","-77.02654051397194","Smithsonian Castle"
"151430","1090","38.88895345674977","-77.0265717719776","Smithsonian Castle"
"151431","1090","38.88957616728575","-77.02581730090444","Smithsonian Castle"
"151433","1090","38.8891685557288","-77.02627278132714","Smithsonian Castle"
"151435","1090","38.88931533319588","-77.02600126493816","Smithsonian Castle"
"151436","1090","38.889293677686915","-77.02597861237452","Smithsonian Castle"
"151437","1090","38.8889287312248","-77.02723240258537","Smithsonian Castle"
"151440","1090","38.88988959883156","-77.02593356965126","Smithsonian Castle"
"151441","1090","38.88909688407179","-77.02649089525987","Smithsonian Castle"
"151445","1090","38.889411404865875","-77.0259513065341","Smithsonian Castle"
"151446","1090","38.88935911699258","-77.02607440858185","Smithsonian Castle"
"151447","1090","38.8894426993304","-77.02597634165265","Smithsonian Castle"
"151448","1090","38.88925733564062","-77.02597503264296","Smithsonian Castle"
"151449","1090","38.889362128806944","-77.0259842046121","Smithsonian Castle"
"151451","1090","38.890052754418335","-77.02595938453045","Smithsonian Castle"
"151452","1090","38.889672199158035","-77.02592581135474","Smithsonian Castle"
"151453","1090","38.889316113033914","-77.02532486662383","Smithsonian Castle"
"151454","1090","38.889409634877445","-77.0257689041841","Smithsonian Castle"
"151455","1090","38.88898249441258","-77.02650423868171","Smithsonian Castle"
"151456","1090","38.88947567974428","-77.02606901453721","Smithsonian Castle"
"151459","1090","38.88927293207781","-77.02598056091806","Smithsonian Castle"
"151461","1090","38.88917737975875","-77.02603209955566","Smithsonian Castle"
"151462","1090","38.889372410319304","-77.0260993089146","Smithsonian Castle"
"151464","1090","38.889992669187784","-77.0250877325017","Smithsonian Castle"
"151466","1090","38.88946240892583","-77.02610088934419","Smithsonian Castle"
"151508","1090","38.88925612239598","-77.02604431422581","Smithsonian Castle"
"151509","1090","38.88942958756454","-77.02603270981103","Smithsonian Castle"
"151511","1090","38.8889586298901","-77.02656098947796","Smithsonian Castle"
"151513","1090","38.88986459820772","-77.02578012904098","Smithsonian Castle"
"151514","1090","38.89000634669603","-77.02550682331716","Smithsonian Castle"
"151516","1090","38.88927111818828","-77.02662038258956","Smithsonian Castle"
"151517","1090","38.889336780376496","-77.02598614264086","Smithsonian Castle"
"151519","1090","38.888963964777886","-77.02653497152825","Smithsonian Castle"
"151521","1090","38.89010705600162","-77.02600879206992","Smithsonian Castle"
"151522","1090","38.889319491985795","-77.02607885489931","Smithsonian Castle"
"151527","1090","38.889146240582626","-77.02597148744582","Smithsonian Castle"
"151539","1090","38.889284893904026","-77.02604449951001","Smithsonian Castle"
"151428","1090","38.88896147767371","-77.02652872455384","Smithsonian Castle"
"151460","1090","38.88910086124805","-77.02683175207069","Smithsonian Castle"
"151540","1090","38.88919484955334","-77.02591401334898","Smithsonian Castle"
"151542","1090","38.889147262696355","-77.02597134869576","Smithsonian Castle"
"151544","1090","38.88931528222737","-77.02605823883111","Smithsonian Castle"
"151545","1090","38.889266394331514","-77.02594472646966","Smithsonian Castle"
"151546","1090","38.88930840414105","-77.02592044556253","Smithsonian Castle"
"151547","1090","38.88900435884129","-77.02659008055768","Smithsonian Castle"
"151548","1090","38.88983051060622","-77.02594657561997","Smithsonian Castle"
"151549","1090","38.88982666827308","-77.02594331607119","Smithsonian Castle"
"151550","1090","38.889719792048446","-77.02593021064651","Smithsonian Castle"
"151551","1090","38.88957260493211","-77.02597957091731","Smithsonian Castle"
"151552","1090","38.88954419260024","-77.02597646309495","Smithsonian Castle"
"151553","1090","38.889769102976516","-77.02596012694067","Smithsonian Castle"
"151554","1090","38.88977079547395","-77.02596582568147","Smithsonian Castle"
"151558","1090","38.88924893806768","-77.02598967783901","Smithsonian Castle"
"151594","1090","38.88984864252536","-77.02602268790515","Smithsonian Castle"
"151595","1090","38.88935149068749","-77.02598345870247","Smithsonian Castle"
"152531","1090","0","0","Smithsonian Castle"
"152533","1090","0","0","Smithsonian Castle"
"152535","1090","0","0","Smithsonian Castle"
"152536","1090","0","0","Smithsonian Castle"
"152539","1090","0","0","Smithsonian Castle"
"152540","1090","0","0","Smithsonian Castle"
"152541","1090","0","0","Smithsonian Castle"
"152544","1090","0","0","Smithsonian Castle"
"152547","1090","0","0","Smithsonian Castle"
"152548","1090","0","0","Smithsonian Castle"
"152549","1090","0","0","Smithsonian Castle"
"152550","1090","0","0","Smithsonian Castle"
"152551","1090","0","0","Smithsonian Castle"
"152553","1090","0","0","Smithsonian Castle"
"152554","1090","0","0","Smithsonian Castle"
"152555","1090","0","0","Smithsonian Castle"
"152558","1090","0","0","Smithsonian Castle"
"152560","1090","0","0","Smithsonian Castle"
"152561","1090","0","0","Smithsonian Castle"
"152562","1090","0","0","Smithsonian Castle"
"152567","1090","0","0","Smithsonian Castle"
"152569","1090","0","0","Smithsonian Castle"
"152571","1090","0","0","Smithsonian Castle"
"152572","1090","0","0","Smithsonian Castle"
"152573","1090","0","0","Smithsonian Castle"
"152574","1090","0","0","Smithsonian Castle"
"152575","1090","0","0","Smithsonian Castle"
"152576","1090","0","0","Smithsonian Castle"
"152577","1090","0","0","Smithsonian Castle"
"152578","1090","0","0","Smithsonian Castle"
"152579","1090","0","0","Smithsonian Castle"
"152581","1090","0","0","Smithsonian Castle"
"152584","1090","0","0","Smithsonian Castle"
"152585","1090","0","0","Smithsonian Castle"
"152586","1090","0","0","Smithsonian Castle"
"152587","1090","0","0","Smithsonian Castle"
"152588","1090","0","0","Smithsonian Castle"
"152589","1090","0","0","Smithsonian Castle"
"151395","1090","0","0","Smithsonian Castle"
"151458","1090","0","0","Smithsonian Castle"
"152590","1090","0","0","Smithsonian Castle"
"152591","1090","0","0","Smithsonian Castle"
"152592","1090","0","0","Smithsonian Castle"
"152593","1090","0","0","Smithsonian Castle"
"152594","1090","0","0","Smithsonian Castle"
"152597","1090","0","0","Smithsonian Castle"
"152598","1090","0","0","Smithsonian Castle"
"152599","1090","0","0","Smithsonian Castle"
"152603","1090","0","0","Smithsonian Castle"
"152605","1090","0","0","Smithsonian Castle"
"152606","1090","0","0","Smithsonian Castle"
"152607","1090","0","0","Smithsonian Castle"
"152608","1090","0","0","Smithsonian Castle"
"152609","1090","0","0","Smithsonian Castle"
"152610","1090","0","0","Smithsonian Castle"
"152611","1090","0","0","Smithsonian Castle"
"152615","1090","0","0","Smithsonian Castle"
"152617","1090","0","0","Smithsonian Castle"
"152618","1090","0","0","Smithsonian Castle"
"152619","1090","0","0","Smithsonian Castle"
"152624","1090","0","0","Smithsonian Castle"
"153353","1090","38.88901626185017","-77.02575875985879","Smithsonian Castle"
"153338","1090","38.88903284774696","-77.02543796794217","Smithsonian Castle"
"153343","1090","38.8889923708406","-77.02548136247889","Smithsonian Castle"
"153346","1090","38.88905208198152","-77.02557237140964","Smithsonian Castle"
"153347","1090","38.88906364920734","-77.02555092884843","Smithsonian Castle"
"153348","1090","38.88906038874143","-77.02555832568582","Smithsonian Castle"
"153349","1090","38.889038658853366","-77.02556756986974","Smithsonian Castle"
"153351","1090","38.889058264498374","-77.0257368800332","Smithsonian Castle"
"153352","1090","38.88906058936253","-77.02573517109414","Smithsonian Castle"
"153354","1090","38.88906206090454","-77.02573020050022","Smithsonian Castle"
"153355","1090","38.88906684430801","-77.02573119243961","Smithsonian Castle"
"153356","1090","38.889062061643436","-77.02572830185719","Smithsonian Castle"
"153357","1090","38.889062312934705","-77.02573061822851","Smithsonian Castle"
"153359","1090","38.889067996215395","-77.02588209211375","Smithsonian Castle"
"153360","1090","38.88906761004838","-77.02588299180195","Smithsonian Castle"
"153361","1090","38.88906997174749","-77.02588156996472","Smithsonian Castle"
"153362","1090","38.889070601277886","-77.02588069253264","Smithsonian Castle"
"153363","1090","38.889069797263225","-77.02588298957124","Smithsonian Castle"
"153364","1090","38.88906915248546","-77.02588408436414","Smithsonian Castle"
"153365","1090","38.88907146427054","-77.0258809477525","Smithsonian Castle"
"153366","1090","38.889069443701125","-77.02587938210499","Smithsonian Castle"
"153367","1090","38.889069730735656","-77.02587746242469","Smithsonian Castle"
"153368","1090","38.889069404271154","-77.02587697279138","Smithsonian Castle"
"153369","1090","38.889065558926816","-77.02587190914196","Smithsonian Castle"
"153370","1090","38.889068029718814","-77.02587602797196","Smithsonian Castle"
"153371","1090","38.889066897980456","-77.02603214153936","Smithsonian Castle"
"153372","1090","38.889066992532776","-77.0260278815598","Smithsonian Castle"
"153373","1090","38.88906864544429","-77.02602531800454","Smithsonian Castle"
"153374","1090","38.88907195975741","-77.02602641605138","Smithsonian Castle"
"153375","1090","38.88907197242233","-77.02602365401627","Smithsonian Castle"
"153376","1090","38.88907145663583","-77.02602368827537","Smithsonian Castle"
"153377","1090","38.88906668061422","-77.0260286476984","Smithsonian Castle"
"153379","1090","38.889067710460616","-77.02602402602318","Smithsonian Castle"
"153380","1090","38.8890675832182","-77.02602454313951","Smithsonian Castle"
"153381","1090","38.88906855876066","-77.02602426613188","Smithsonian Castle"
"153382","1090","38.889058473992044","-77.02618067799243","Smithsonian Castle"
"153383","1090","38.88906580803592","-77.02617457277165","Smithsonian Castle"
"153384","1090","38.88906984882982","-77.02617347572395","Smithsonian Castle"
"153385","1090","38.88906690434452","-77.0261758365505","Smithsonian Castle"
"153386","1090","38.88906347560334","-77.02617291433354","Smithsonian Castle"
"153387","1090","38.889061914105945","-77.02617082911755","Smithsonian Castle"
"153388","1090","38.88906241033751","-77.02617238268354","Smithsonian Castle"
"153389","1090","38.88906205866578","-77.02617178022206","Smithsonian Castle"
"153390","1090","38.88904960633183","-77.02632715917198","Smithsonian Castle"
"153391","1090","38.88904476748505","-77.02632810730239","Smithsonian Castle"
"153392","1090","38.889049116641644","-77.02632475045604","Smithsonian Castle"
"153393","1090","38.889047655451364","-77.02632801289063","Smithsonian Castle"
"153394","1090","38.889047485692345","-77.02632798382919","Smithsonian Castle"
"153395","1090","38.889048686199956","-77.02632875810792","Smithsonian Castle"
"153396","1090","38.889047504054815","-77.02632704174442","Smithsonian Castle"
"153397","1090","38.889050792345046","-77.02633079578999","Smithsonian Castle"
"153398","1090","38.88904719152214","-77.02632593886247","Smithsonian Castle"
"153399","1090","38.88904699497203","-77.02632780036518","Smithsonian Castle"
"153402","1090","38.88902824826477","-77.0264719249645","Smithsonian Castle"
"153403","1090","38.88903186033322","-77.02647043055397","Smithsonian Castle"
"153404","1090","38.88903230154797","-77.0264704691065","Smithsonian Castle"
"153405","1090","38.889030798025836","-77.02646963479167","Smithsonian Castle"
"153406","1090","38.88903029337328","-77.02646886229782","Smithsonian Castle"
"153407","1090","38.889032415747785","-77.02647492300297","Smithsonian Castle"
"153408","1090","38.8890304016175","-77.02646786231948","Smithsonian Castle"
"153409","1090","38.8890298299456","-77.02646649973119","Smithsonian Castle"
"153412","1090","38.88900755306759","-77.02661899926711","Smithsonian Castle"
"153413","1090","38.88900859807506","-77.02661727658561","Smithsonian Castle"
"153414","1090","38.88901089631534","-77.02661716248173","Smithsonian Castle"
"153415","1090","38.88900983319041","-77.02661295789439","Smithsonian Castle"
"153416","1090","38.889009725573395","-77.02661182378401","Smithsonian Castle"
"153417","1090","38.889008216504024","-77.02660883044335","Smithsonian Castle"
"153418","1090","38.88900849171119","-77.02661005077634","Smithsonian Castle"
"153419","1090","38.88897120119054","-77.02689479649504","Smithsonian Castle"
"153420","1090","38.888980461885865","-77.02673563767235","Smithsonian Castle"
"153435","1090","38.88928304883403","-77.02599340853203","Smithsonian Castle"
"153436","1090","38.88924060028106","-77.02598089193063","Smithsonian Castle"
"153438","1090","38.890312760443976","-77.02600064281074","Smithsonian Castle"
"153439","1090","38.889010689646454","-77.02581168913488","Smithsonian Castle"
"153440","1090","38.889210453251344","-77.02602154302178","Smithsonian Castle"
"153443","1090","38.88935170056091","-77.02598339275659","Smithsonian Castle"
"153444","1090","38.88985247353214","-77.02602312261283","Smithsonian Castle"
"153446","1090","38.88910685440214","-77.02653316926951","Smithsonian Castle"
"153450","1090","38.889067634269374","-77.02602411754414","Smithsonian Castle"
"153451","1090","38.88904253977086","-77.02557034766686","Smithsonian Castle"
"153452","1090","38.88907102370523","-77.02602362224212","Smithsonian Castle"
"153337","1090","0","0","Smithsonian Castle"
"153345","1090","0","0","Smithsonian Castle"
"153350","1090","0","0","Smithsonian Castle"
"153410","1090","0","0","Smithsonian Castle"
"153411","1090","0","0","Smithsonian Castle"
"153421","1090","0","0","Smithsonian Castle"
"153422","1090","0","0","Smithsonian Castle"
"151340","1090","0","0","Smithsonian Castle"
"153424","1090","0","0","Smithsonian Castle"
"153596","1090","0","0","Smithsonian Castle"
"153597","1090","0","0","Smithsonian Castle"
"153598","1090","0","0","Smithsonian Castle"
"151465","1090","0","0","Smithsonian Castle"
"151510","1090","0","0","Smithsonian Castle"
"153423","1090","0","0","Smithsonian Castle"
"153425","1090","0","0","Smithsonian Castle"
"153429","1090","0","0","Smithsonian Castle"
"153605","1090","0","0","Smithsonian Castle"
"151352","1090","0","0","Smithsonian Castle"
"151444","1090","0","0","Smithsonian Castle"
"151515","1090","0","0","Smithsonian Castle"
"151543","1090","0","0","Smithsonian Castle"
"152534","1090","0","0","Smithsonian Castle"
"153623","1090","0","0","Smithsonian Castle"
"153624","1090","0","0","Smithsonian Castle"
"153626","1090","0","0","Smithsonian Castle"
"151385","1090","0","0","Smithsonian Castle"
"145981","670","38.88880102210032","-77.02289447203412","Hirshhorn Museum and Sculpture Garden"
"145980","670","38.88880785301674","-77.02289194832339","Hirshhorn Museum and Sculpture Garden"
"145979","670","38.88880715360364","-77.02289197731785","Hirshhorn Museum and Sculpture Garden"
"145947","4","38.88928839048268","-77.02291981384913","Hirshhorn Museum and Sculpture Garden"
"145978","670","38.888779624676495","-77.02321418548651","Hirshhorn Museum and Sculpture Garden"
"145946","4","38.88927333981454","-77.0229243693984","Hirshhorn Museum and Sculpture Garden"
"144861","295","38.88926950239356","-77.02292463718796","Hirshhorn Museum and Sculpture Garden"
"147233","678","38.88884768898582","-77.022777308416","Hirshhorn Museum and Sculpture Garden"
"147235","678","38.88885315988237","-77.02285410302053","Hirshhorn Museum and Sculpture Garden"
"147236","678","38.888854801377384","-77.02285155782592","Hirshhorn Museum and Sculpture Garden"
"147237","678","38.888793037895354","-77.02271501451735","Hirshhorn Museum and Sculpture Garden"
"147277","678","38.88878626711136","-77.02251248873893","Hirshhorn Museum and Sculpture Garden"
"147278","678","38.88885161177008","-77.02277584217525","Hirshhorn Museum and Sculpture Garden"
"147279","678","38.88879407425183","-77.02319882075447","Hirshhorn Museum and Sculpture Garden"
"147280","678","38.88882581122513","-77.0231040272215","Hirshhorn Museum and Sculpture Garden"
"147328","678","38.88879218752674","-77.0227154850586","Hirshhorn Museum and Sculpture Garden"
"147332","678","38.888793513706844","-77.02271395403679","Hirshhorn Museum and Sculpture Garden"
"147334","678","38.888847770879565","-77.02305801021535","Hirshhorn Museum and Sculpture Garden"
"147338","678","38.8888194895925","-77.02348530304484","Hirshhorn Museum and Sculpture Garden"
"147362","678","38.88878816063183","-77.02251018324333","Hirshhorn Museum and Sculpture Garden"
"147363","678","38.88882243935418","-77.02309714983707","Hirshhorn Museum and Sculpture Garden"
"147365","678","38.88880021000924","-77.02333707491476","Hirshhorn Museum and Sculpture Garden"
"147401","678","38.888852583477295","-77.0228558757981","Hirshhorn Museum and Sculpture Garden"
"147403","678","38.888825325797704","-77.02309855777762","Hirshhorn Museum and Sculpture Garden"
"147404","678","38.88879858780571","-77.02326573184052","Hirshhorn Museum and Sculpture Garden"
"147423","678","38.88879270647898","-77.02271641842934","Hirshhorn Museum and Sculpture Garden"
"147424","678","38.888852644301394","-77.02285522533248","Hirshhorn Museum and Sculpture Garden"
"147425","678","38.888857098792414","-77.02285447274252","Hirshhorn Museum and Sculpture Garden"
"147573","678","38.889333719753495","-77.02426820846658","Hirshhorn Museum and Sculpture Garden"
"147756","678","38.888853217834246","-77.02277800098189","Hirshhorn Museum and Sculpture Garden"
"147757","678","38.88884830051769","-77.02305923326507","Hirshhorn Museum and Sculpture Garden"
"147758","678","38.88885724551552","-77.02285488989949","Hirshhorn Museum and Sculpture Garden"
"147759","678","38.88879299362103","-77.02271707963713","Hirshhorn Museum and Sculpture Garden"
"147760","678","38.88878834148071","-77.02251275384128","Hirshhorn Museum and Sculpture Garden"
"147761","678","38.88879317179758","-77.02271715297304","Hirshhorn Museum and Sculpture Garden"
"147763","678","38.88885229277626","-77.02285687519334","Hirshhorn Museum and Sculpture Garden"
"147765","678","38.88881951589617","-77.0234855142138","Hirshhorn Museum and Sculpture Garden"
"147766","678","38.8887969446589","-77.02319945581014","Hirshhorn Museum and Sculpture Garden"
"147767","678","38.8887978777299","-77.02326510892225","Hirshhorn Museum and Sculpture Garden"
"147768","678","38.888801050603256","-77.02333770393027","Hirshhorn Museum and Sculpture Garden"
"147770","678","38.88882744334678","-77.02310426509212","Hirshhorn Museum and Sculpture Garden"
"147771","678","38.88882091187029","-77.02309752762531","Hirshhorn Museum and Sculpture Garden"
"147773","678","38.888823946008046","-77.0231003555852","Hirshhorn Museum and Sculpture Garden"
"147774","678","38.88885244221962","-77.0228561336889","Hirshhorn Museum and Sculpture Garden"
"147775","678","38.88878996024154","-77.0225133672253","Hirshhorn Museum and Sculpture Garden"
"147776","678","38.888791554934635","-77.02271869165676","Hirshhorn Museum and Sculpture Garden"
"147762","678","38.88879286411118","-77.022717976749","Hirshhorn Museum and Sculpture Garden"
"148838","733","38.88865573974052","-77.02293200767284","Hirshhorn Museum and Sculpture Garden"
"148841","733","38.88865638754344","-77.02272002631494","Hirshhorn Museum and Sculpture Garden"
"148842","733","38.88865376968663","-77.02277411226785","Hirshhorn Museum and Sculpture Garden"
"148843","733","38.88865006800476","-77.02267037927244","Hirshhorn Museum and Sculpture Garden"
"148844","733","38.888654651650775","-77.02282376815","Hirshhorn Museum and Sculpture Garden"
"148845","733","38.888656112197275","-77.02287461139296","Hirshhorn Museum and Sculpture Garden"
"148846","733","38.88865582155308","-77.0228755339742","Hirshhorn Museum and Sculpture Garden"
"148847","733","38.888654271379124","-77.02282373281007","Hirshhorn Museum and Sculpture Garden"
"148848","733","38.888652228359206","-77.02277611706927","Hirshhorn Museum and Sculpture Garden"
"148850","733","38.888655434743555","-77.02287397684178","Hirshhorn Museum and Sculpture Garden"
"148851","733","38.88865575492323","-77.02293307211413","Hirshhorn Museum and Sculpture Garden"
"148849","733","38.88865558604417","-77.02287385318635","Hirshhorn Museum and Sculpture Garden"
"148852","733","38.88865754951539","-77.02302612699232","Hirshhorn Museum and Sculpture Garden"
"148853","733","38.88865759283654","-77.023027597055","Hirshhorn Museum and Sculpture Garden"
"148854","733","38.88865536297753","-77.0229315993535","Hirshhorn Museum and Sculpture Garden"
"148856","733","38.888657262294906","-77.02302576458841","Hirshhorn Museum and Sculpture Garden"
"148855","733","38.88865547229212","-77.02293154181783","Hirshhorn Museum and Sculpture Garden"
"148857","733","38.88865681492871","-77.02309832483658","Hirshhorn Museum and Sculpture Garden"
"148859","733","38.88865562194823","-77.02309524280494","Hirshhorn Museum and Sculpture Garden"
"148858","733","38.88864079317904","-77.02316286295839","Hirshhorn Museum and Sculpture Garden"
"148860","733","38.88865637267469","-77.02309697633957","Hirshhorn Museum and Sculpture Garden"
"148861","733","38.88865679627884","-77.02309697083888","Hirshhorn Museum and Sculpture Garden"
"148862","733","38.88864164890993","-77.0231644536986","Hirshhorn Museum and Sculpture Garden"
"148863","733","38.88864245768117","-77.02316767065292","Hirshhorn Museum and Sculpture Garden"
"148864","733","38.888641227508415","-77.0231657776241","Hirshhorn Museum and Sculpture Garden"
"148869","733","38.88861104709097","-77.02323569841784","Hirshhorn Museum and Sculpture Garden"
"148871","733","38.88857504239485","-77.0232753783821","Hirshhorn Museum and Sculpture Garden"
"149203","758","0","0","Hirshhorn Museum and Sculpture Garden"
"149211","758","0","0","Hirshhorn Museum and Sculpture Garden"
"148839","733","0","0","Hirshhorn Museum and Sculpture Garden"
"148840","733","0","0","Hirshhorn Museum and Sculpture Garden"
"152828","1090","38.8887932034871","-77.02295544039487","Hirshhorn Museum and Sculpture Garden"
"152826","1090","38.88858686113068","-77.02302482722325","Hirshhorn Museum and Sculpture Garden"
"152825","1090","38.88866227480996","-77.02289836173165","Hirshhorn Museum and Sculpture Garden"
"152824","1090","38.888826191916124","-77.02294789117654","Hirshhorn Museum and Sculpture Garden"
"152836","1090","38.89010337962369","-77.02280524379408","Hirshhorn Museum and Sculpture Garden"
"152820","1090","38.88881887004636","-77.02305480790179","Hirshhorn Museum and Sculpture Garden"
"152816","1090","38.88861596182298","-77.02277774966686","Hirshhorn Museum and Sculpture Garden"
"152798","1090","38.88880732242773","-77.02286131174898","Hirshhorn Museum and Sculpture Garden"
"152813","1090","38.88885218785498","-77.02299602072381","Hirshhorn Museum and Sculpture Garden"
"152811","1090","38.88933649265688","-77.02290384324048","Hirshhorn Museum and Sculpture Garden"
"152808","1090","38.88881567992214","-77.0227488511309","Hirshhorn Museum and Sculpture Garden"
"152807","1090","38.88934957607729","-77.02290664268493","Hirshhorn Museum and Sculpture Garden"
"152806","1090","38.88907188986985","-77.0229159733884","Hirshhorn Museum and Sculpture Garden"
"152805","1090","38.88880381391658","-77.02304990380767","Hirshhorn Museum and Sculpture Garden"
"152796","1090","38.889271850898055","-77.02287421570864","Hirshhorn Museum and Sculpture Garden"
"152804","1090","38.8888284856989","-77.02295573532345","Hirshhorn Museum and Sculpture Garden"
"152803","1090","38.88887688029408","-77.0229459043442","Hirshhorn Museum and Sculpture Garden"
"152835","1090","38.88930160621528","-77.02290094228005","Hirshhorn Museum and Sculpture Garden"
"152795","1090","38.88919784348536","-77.02295147549238","Hirshhorn Museum and Sculpture Garden"
"152834","1090","38.88970415782438","-77.02290900929395","Hirshhorn Museum and Sculpture Garden"
"152794","1090","38.888675530763045","-77.022871786472","Hirshhorn Museum and Sculpture Garden"
"152793","1090","38.8888047571422","-77.0230523257693","Hirshhorn Museum and Sculpture Garden"
"152791","1090","38.88924436970955","-77.02286835693201","Hirshhorn Museum and Sculpture Garden"
"152790","1090","38.889282663778005","-77.02290564251147","Hirshhorn Museum and Sculpture Garden"
"152833","1090","38.888832780954345","-77.02289275918096","Hirshhorn Museum and Sculpture Garden"
"152789","1090","38.8887241968681","-77.02292487250105","Hirshhorn Museum and Sculpture Garden"
"152788","1090","38.88885897717555","-77.02291631949069","Hirshhorn Museum and Sculpture Garden"
"152832","1090","38.88864704094589","-77.02304914327482","Hirshhorn Museum and Sculpture Garden"
"152787","1090","38.88885788566447","-77.02306194259727","Hirshhorn Museum and Sculpture Garden"
"152786","1090","38.88882361255575","-77.0228556707087","Hirshhorn Museum and Sculpture Garden"
"152831","1090","38.88922643273078","-77.0229396830551","Hirshhorn Museum and Sculpture Garden"
"152830","1090","38.88885414580583","-77.02306244419559","Hirshhorn Museum and Sculpture Garden"
"152844","1090","38.88881119023277","-77.02276568764184","Hirshhorn Museum and Sculpture Garden"
"152843","1090","38.88864968998113","-77.02302983202145","Hirshhorn Museum and Sculpture Garden"
"152840","1090","38.88883120741436","-77.02304018382569","Hirshhorn Museum and Sculpture Garden"
"152839","1090","38.88933646175566","-77.022894381179","Hirshhorn Museum and Sculpture Garden"
"152838","1090","38.88881464675832","-77.02300795161008","Hirshhorn Museum and Sculpture Garden"
"153731","1090","38.889114433042444","-77.0230596196343","Hirshhorn Museum and Sculpture Garden"
"148473","670","38.890577289571695","-77.02604127282878","Natural History Museum"
"147262","678","38.89059661663929","-77.02592362576372","Natural History Museum"
"148474","670","38.89057621511866","-77.02604068458376","Natural History Museum"
"148576","724","38.890622566477056","-77.02599682469369","Natural History Museum"
"147263","678","38.890598467609635","-77.025858185421","Natural History Museum"
"148475","670","38.89057611169313","-77.02607291378465","Natural History Museum"
"147264","678","38.89059821695421","-77.02610631021679","Natural History Museum"
"148476","670","38.890577757673654","-77.0260720660809","Natural History Museum"
"147265","678","38.89059736069422","-77.02589276844385","Natural History Museum"
"148477","670","38.890573824434355","-77.02604322549679","Natural History Museum"
"148690","733","38.89053171250076","-77.02583861417892","Natural History Museum"
"147266","678","38.89059589865782","-77.02606039054875","Natural History Museum"
"148478","670","38.890575308504985","-77.02597979638223","Natural History Museum"
"148798","733","38.890720392487204","-77.02597163753583","Natural History Museum"
"148479","670","38.89057507984442","-77.02597933755041","Natural History Museum"
"149117","733","38.89071935612943","-77.02597307072503","Natural History Museum"
"147310","678","38.89058283314834","-77.02615956999576","Natural History Museum"
"148480","670","38.8905746345138","-77.02598017772016","Natural History Museum"
"149118","733","38.89068990648151","-77.02597047496498","Natural History Museum"
"148481","670","0","0","Natural History Museum"
"148482","670","0","0","Natural History Museum"
"148483","670","0","0","Natural History Museum"
"147344","678","0","0","Natural History Museum"
"147345","678","0","0","Natural History Museum"
"148485","670","0","0","Natural History Museum"
"147350","678","0","0","Natural History Museum"
"149124","733","0","0","Natural History Museum"
"147351","678","0","0","Natural History Museum"
"148487","670","0","0","Natural History Museum"
"148683","734","0","0","Natural History Museum"
"149125","733","0","0","Natural History Museum"
"147352","678","0","0","Natural History Museum"
"148488","670","0","0","Natural History Museum"
"149126","733","0","0","Natural History Museum"
"147387","678","0","0","Natural History Museum"
"148489","670","0","0","Natural History Museum"
"147388","678","0","0","Natural History Museum"
"148490","670","0","0","Natural History Museum"
"147391","678","0","0","Natural History Museum"
"148491","670","0","0","Natural History Museum"
"147396","678","0","0","Natural History Museum"
"148492","670","0","0","Natural History Museum"
"147398","678","0","0","Natural History Museum"
"148493","670","0","0","Natural History Museum"
"147415","678","0","0","Natural History Museum"
"148494","670","0","0","Natural History Museum"
"147416","678","0","0","Natural History Museum"
"148495","670","0","0","Natural History Museum"
"147574","678","0","0","Natural History Museum"
"148496","670","0","0","Natural History Museum"
"147575","678","0","0","Natural History Museum"
"148497","670","0","0","Natural History Museum"
"147576","678","0","0","Natural History Museum"
"148498","670","0","0","Natural History Museum"
"147577","678","0","0","Natural History Museum"
"148499","670","0","0","Natural History Museum"
"147579","678","0","0","Natural History Museum"
"148500","670","0","0","Natural History Museum"
"147580","678","0","0","Natural History Museum"
"148501","670","0","0","Natural History Museum"
"147582","678","0","0","Natural History Museum"
"148502","670","0","0","Natural History Museum"
"147583","678","0","0","Natural History Museum"
"148503","670","0","0","Natural History Museum"
"147584","678","0","0","Natural History Museum"
"148504","670","0","0","Natural History Museum"
"148505","670","0","0","Natural History Museum"
"148506","670","0","0","Natural History Museum"
"148507","670","0","0","Natural History Museum"
"147593","678","0","0","Natural History Museum"
"148508","670","0","0","Natural History Museum"
"147594","678","0","0","Natural History Museum"
"148509","670","0","0","Natural History Museum"
"147595","678","0","0","Natural History Museum"
"148510","670","0","0","Natural History Museum"
"148511","670","0","0","Natural History Museum"
"147597","678","0","0","Natural History Museum"
"148512","670","0","0","Natural History Museum"
"147598","678","0","0","Natural History Museum"
"148513","670","0","0","Natural History Museum"
"148514","670","0","0","Natural History Museum"
"148515","670","0","0","Natural History Museum"
"147607","678","0","0","Natural History Museum"
"147609","678","0","0","Natural History Museum"
"147611","678","0","0","Natural History Museum"
"147825","690","0","0","Natural History Museum"
"147612","678","0","0","Natural History Museum"
"147826","690","0","0","Natural History Museum"
"148521","670","0","0","Natural History Museum"
"147613","678","0","0","Natural History Museum"
"147827","690","0","0","Natural History Museum"
"148522","670","0","0","Natural History Museum"
"147614","678","0","0","Natural History Museum"
"147828","690","0","0","Natural History Museum"
"148523","670","0","0","Natural History Museum"
"147615","678","0","0","Natural History Museum"
"148524","670","0","0","Natural History Museum"
"147616","678","0","0","Natural History Museum"
"147830","690","0","0","Natural History Museum"
"147618","678","0","0","Natural History Museum"
"147831","690","0","0","Natural History Museum"
"147620","678","0","0","Natural History Museum"
"147832","690","0","0","Natural History Museum"
"148527","670","0","0","Natural History Museum"
"147622","678","0","0","Natural History Museum"
"147833","690","0","0","Natural History Museum"
"147625","678","0","0","Natural History Museum"
"147834","690","0","0","Natural History Museum"
"148529","670","0","0","Natural History Museum"
"147626","678","0","0","Natural History Museum"
"147835","690","0","0","Natural History Museum"
"148530","670","0","0","Natural History Museum"
"147627","678","0","0","Natural History Museum"
"147836","690","0","0","Natural History Museum"
"148531","670","0","0","Natural History Museum"
"147628","678","0","0","Natural History Museum"
"147837","690","0","0","Natural History Museum"
"148532","670","0","0","Natural History Museum"
"147629","678","0","0","Natural History Museum"
"147838","690","0","0","Natural History Museum"
"148533","670","0","0","Natural History Museum"
"147631","678","0","0","Natural History Museum"
"147839","690","0","0","Natural History Museum"
"148534","670","0","0","Natural History Museum"
"147632","678","0","0","Natural History Museum"
"147840","690","0","0","Natural History Museum"
"148535","670","0","0","Natural History Museum"
"147636","678","0","0","Natural History Museum"
"147841","690","0","0","Natural History Museum"
"147842","690","0","0","Natural History Museum"
"148537","670","0","0","Natural History Museum"
"147843","690","0","0","Natural History Museum"
"148538","670","0","0","Natural History Museum"
"147844","690","0","0","Natural History Museum"
"147845","690","0","0","Natural History Museum"
"147846","690","0","0","Natural History Museum"
"147847","690","0","0","Natural History Museum"
"147848","690","0","0","Natural History Museum"
"147850","690","0","0","Natural History Museum"
"147851","690","0","0","Natural History Museum"
"147852","690","0","0","Natural History Museum"
"147853","690","0","0","Natural History Museum"
"147854","690","0","0","Natural History Museum"
"147855","690","0","0","Natural History Museum"
"147856","690","0","0","Natural History Museum"
"147857","690","0","0","Natural History Museum"
"147858","690","0","0","Natural History Museum"
"147859","690","0","0","Natural History Museum"
"147860","690","0","0","Natural History Museum"
"147861","690","0","0","Natural History Museum"
"147862","690","0","0","Natural History Museum"
"147863","690","0","0","Natural History Museum"
"147864","690","0","0","Natural History Museum"
"147865","690","0","0","Natural History Museum"
"147866","690","0","0","Natural History Museum"
"147867","690","0","0","Natural History Museum"
"147868","690","0","0","Natural History Museum"
"147869","690","0","0","Natural History Museum"
"147870","690","0","0","Natural History Museum"
"147871","690","0","0","Natural History Museum"
"147872","690","0","0","Natural History Museum"
"147873","690","0","0","Natural History Museum"
"147874","690","0","0","Natural History Museum"
"147875","690","0","0","Natural History Museum"
"147876","690","0","0","Natural History Museum"
"147877","690","0","0","Natural History Museum"
"147878","690","0","0","Natural History Museum"
"147879","690","0","0","Natural History Museum"
"147880","690","0","0","Natural History Museum"
"147881","690","0","0","Natural History Museum"
"147882","690","0","0","Natural History Museum"
"147883","690","0","0","Natural History Museum"
"147884","690","0","0","Natural History Museum"
"147885","690","0","0","Natural History Museum"
"147886","690","0","0","Natural History Museum"
"147887","690","0","0","Natural History Museum"
"147937","690","0","0","Natural History Museum"
"147938","690","0","0","Natural History Museum"
"147939","690","0","0","Natural History Museum"
"147940","690","0","0","Natural History Museum"
"147941","690","0","0","Natural History Museum"
"147942","690","0","0","Natural History Museum"
"147943","690","0","0","Natural History Museum"
"147944","690","0","0","Natural History Museum"
"147945","690","0","0","Natural History Museum"
"147946","690","0","0","Natural History Museum"
"147947","690","0","0","Natural History Museum"
"147948","690","0","0","Natural History Museum"
"147949","690","0","0","Natural History Museum"
"147950","690","0","0","Natural History Museum"
"147951","690","0","0","Natural History Museum"
"147952","690","0","0","Natural History Museum"
"147953","690","0","0","Natural History Museum"
"147954","690","0","0","Natural History Museum"
"147955","690","0","0","Natural History Museum"
"147956","690","0","0","Natural History Museum"
"147957","690","0","0","Natural History Museum"
"147958","690","0","0","Natural History Museum"
"147959","690","0","0","Natural History Museum"
"147960","690","0","0","Natural History Museum"
"147961","690","0","0","Natural History Museum"
"147962","690","0","0","Natural History Museum"
"147963","690","0","0","Natural History Museum"
"147964","690","0","0","Natural History Museum"
"147965","690","0","0","Natural History Museum"
"147966","690","0","0","Natural History Museum"
"147967","690","0","0","Natural History Museum"
"147968","690","0","0","Natural History Museum"
"147969","690","0","0","Natural History Museum"
"147970","690","0","0","Natural History Museum"
"147971","690","0","0","Natural History Museum"
"147972","690","0","0","Natural History Museum"
"147973","690","0","0","Natural History Museum"
"147974","690","0","0","Natural History Museum"
"147975","690","0","0","Natural History Museum"
"147976","690","0","0","Natural History Museum"
"147977","690","0","0","Natural History Museum"
"147978","690","0","0","Natural History Museum"
"147979","690","0","0","Natural History Museum"
"147980","690","0","0","Natural History Museum"
"147981","690","0","0","Natural History Museum"
"147982","690","0","0","Natural History Museum"
"147983","690","0","0","Natural History Museum"
"147984","690","0","0","Natural History Museum"
"147985","690","0","0","Natural History Museum"
"147986","690","0","0","Natural History Museum"
"147987","690","0","0","Natural History Museum"
"147988","690","0","0","Natural History Museum"
"147989","690","0","0","Natural History Museum"
"147990","690","0","0","Natural History Museum"
"147991","690","0","0","Natural History Museum"
"147992","690","0","0","Natural History Museum"
"147993","690","0","0","Natural History Museum"
"147994","690","0","0","Natural History Museum"
"147995","690","0","0","Natural History Museum"
"147996","690","0","0","Natural History Museum"
"147997","690","0","0","Natural History Museum"
"147998","690","0","0","Natural History Museum"
"147999","690","0","0","Natural History Museum"
"148000","690","0","0","Natural History Museum"
"148575","724","0","0","Natural History Museum"
"150072","775","38.89069820390661","-77.02607323837451","Natural History Museum"
"150073","775","38.89069750073449","-77.02607219976956","Natural History Museum"
"150074","775","38.8906978895904","-77.02607250392394","Natural History Museum"
"150075","775","38.89069864391901","-77.02607097859614","Natural History Museum"
"150077","775","38.89069957855892","-77.02607347590747","Natural History Museum"
"150078","775","38.89069806858315","-77.0260709564695","Natural History Museum"
"150079","775","38.89069415073175","-77.02607578558553","Natural History Museum"
"150080","775","38.890706047016515","-77.0259577016576","Natural History Museum"
"150081","775","38.89070538803489","-77.02595792029108","Natural History Museum"
"150082","775","38.89070490663194","-77.02595869252393","Natural History Museum"
"150083","775","38.890704250600415","-77.02595559890914","Natural History Museum"
"150084","775","38.890702724403816","-77.02595561881434","Natural History Museum"
"150085","775","38.89070712169823","-77.02595269863069","Natural History Museum"
"150086","775","38.89068761150527","-77.02583670819914","Natural History Museum"
"150087","775","38.89068744104787","-77.02583671088917","Natural History Museum"
"150089","775","38.89068447488585","-77.02583596126792","Natural History Museum"
"150090","775","38.890686621913694","-77.02583393250144","Natural History Museum"
"150091","775","38.890689022017824","-77.02583661826824","Natural History Museum"
"150092","775","38.89068766317073","-77.02583398670201","Natural History Museum"
"150093","775","38.89068487249041","-77.02583023585821","Natural History Museum"
"150094","775","38.89070237079496","-77.025935969516","Natural History Museum"
"150096","775","38.890714573740176","-77.02592491723057","Natural History Museum"
"150097","775","38.89071681657303","-77.02589366286922","Natural History Museum"
"150098","775","38.89071665566147","-77.02589344666583","Natural History Museum"
"150099","775","38.89071741318883","-77.02589336676614","Natural History Museum"
"150100","775","38.89071915551705","-77.0258922947508","Natural History Museum"
"150101","775","38.89071902433454","-77.025892176452","Natural History Museum"
"150102","775","38.89071028556458","-77.02588826462457","Natural History Museum"
"150103","775","38.890716561172525","-77.02590032821824","Natural History Museum"
"150105","775","38.89071794352414","-77.02589403504022","Natural History Museum"
"150106","775","38.89071878981687","-77.0257511523523","Natural History Museum"
"150107","775","38.89071940589225","-77.02575291954624","Natural History Museum"
"150108","775","38.89071910921323","-77.0257514910863","Natural History Museum"
"150109","775","38.89071891999838","-77.02575174963987","Natural History Museum"
"150110","775","38.89071863326826","-77.02575245966082","Natural History Museum"
"150111","775","38.89072005035162","-77.02575173357954","Natural History Museum"
"150112","775","38.890720039723504","-77.02589239204028","Natural History Museum"
"150114","775","38.890704257403286","-77.02590059590385","Natural History Museum"
"150115","775","38.89071866854072","-77.02589078124703","Natural History Museum"
"150117","775","38.89071699205787","-77.0258811166173","Natural History Museum"
"150119","775","38.8907167986251","-77.02588152679657","Natural History Museum"
"150131","775","38.890734949477746","-77.02543001722442","Natural History Museum"
"150270","733","38.89056316036919","-77.0259822583522","Natural History Museum"
"150271","733","38.890565608239484","-77.02598326709412","Natural History Museum"
"150273","733","38.89056204607537","-77.026058262612","Natural History Museum"
"150272","733","38.89056448792493","-77.02605698424442","Natural History Museum"
"150274","733","38.890567620922766","-77.02598092631216","Natural History Museum"
"150275","733","38.890519826832204","-77.02607882552579","Natural History Museum"
"150276","733","38.89054296988744","-77.02599964727109","Natural History Museum"
"150562","733","38.890562429374796","-77.02605788590996","Natural History Museum"
"150563","733","38.89056528113193","-77.02598318905613","Natural History Museum"
"150564","733","38.890566691710056","-77.0259809016821","Natural History Museum"
"150565","733","38.89056157938905","-77.02605829757904","Natural History Museum"
"150566","733","38.890563609372236","-77.02598210195042","Natural History Museum"
"150567","733","38.8905198643318","-77.0260788554607","Natural History Museum"
"150568","733","38.890541436277196","-77.02599890530493","Natural History Museum"
"150622","733","38.89058713027577","-77.02577804054897","Natural History Museum"
"150623","733","38.89056078763235","-77.02583507664328","Natural History Museum"
"150624","733","38.89058681163264","-77.02576438102541","Natural History Museum"
"150625","733","38.89058094457548","-77.02580740859923","Natural History Museum"
"150626","733","38.89058682190082","-77.025723312133","Natural History Museum"
"150627","733","38.89055139880446","-77.02584926739996","Natural History Museum"
"157841","1090","38.8905653889998","-77.02596381171836","Natural History Museum"
"157843","1090","38.89056395209864","-77.02592941649148","Natural History Museum"
"157853","1090","38.89054930766711","-77.02598073750815","Natural History Museum"
"157855","1090","38.890479383266594","-77.02596112537245","Natural History Museum"
"157858","1090","38.89056142036264","-77.02595616869415","Natural History Museum"
"157859","1090","38.8906139773663","-77.02593043052262","Natural History Museum"
"157863","1090","38.89067441461996","-77.02608349441395","Natural History Museum"
